solid OpenSCAD_Model
  facet normal -0.659308 0 0.751873
    outer loop
      vertex 36.7394 41 8.42991
      vertex 37.182 39 8.81802
      vertex 37.182 41 8.81802
    endloop
  endfacet
  facet normal -0.659308 0 0.751873
    outer loop
      vertex 37.182 39 8.81802
      vertex 36.7394 41 8.42991
      vertex 36.7394 39 8.42991
    endloop
  endfacet
  facet normal -0.980796 0 0.195038
    outer loop
      vertex 38.3467 39 10.8353
      vertex 38.4615 41 11.4126
      vertex 38.3467 41 10.8353
    endloop
  endfacet
  facet normal -0.980796 0 0.195038
    outer loop
      vertex 38.4615 41 11.4126
      vertex 38.3467 39 10.8353
      vertex 38.4615 39 11.4126
    endloop
  endfacet
  facet normal -0.997859 0 0.0654027
    outer loop
      vertex 38.4615 39 11.4126
      vertex 38.5 41 12
      vertex 38.4615 41 11.4126
    endloop
  endfacet
  facet normal -0.997859 0 0.0654027
    outer loop
      vertex 38.5 41 12
      vertex 38.4615 39 11.4126
      vertex 38.5 39 12
    endloop
  endfacet
  facet normal -0.946936 0 0.321421
    outer loop
      vertex 38.1575 39 10.2779
      vertex 38.3467 41 10.8353
      vertex 38.1575 41 10.2779
    endloop
  endfacet
  facet normal -0.946936 0 0.321421
    outer loop
      vertex 38.3467 41 10.8353
      vertex 38.1575 39 10.2779
      vertex 38.3467 39 10.8353
    endloop
  endfacet
  facet normal 0.831475 0 -0.555562
    outer loop
      vertex 30.4299 39 14.7394
      vertex 30.1029 41 14.25
      vertex 30.4299 41 14.7394
    endloop
  endfacet
  facet normal 0.831475 0 -0.555562
    outer loop
      vertex 30.1029 41 14.25
      vertex 30.4299 39 14.7394
      vertex 30.1029 39 14.25
    endloop
  endfacet
  facet normal 0.946936 -0 0.321421
    outer loop
      vertex 29.6533 39 10.8353
      vertex 29.8425 41 10.2779
      vertex 29.6533 41 10.8353
    endloop
  endfacet
  facet normal 0.946936 0 0.321421
    outer loop
      vertex 29.8425 41 10.2779
      vertex 29.6533 39 10.8353
      vertex 29.8425 39 10.2779
    endloop
  endfacet
  facet normal 0.555562 0 -0.831475
    outer loop
      vertex 31.2606 39 15.5701
      vertex 31.75 41 15.8971
      vertex 31.75 39 15.8971
    endloop
  endfacet
  facet normal 0.555562 0 -0.831475
    outer loop
      vertex 31.75 41 15.8971
      vertex 31.2606 39 15.5701
      vertex 31.2606 41 15.5701
    endloop
  endfacet
  facet normal -0.997859 0 -0.0654027
    outer loop
      vertex 38.5 39 12
      vertex 38.4615 41 12.5874
      vertex 38.5 41 12
    endloop
  endfacet
  facet normal -0.997859 -0 -0.0654027
    outer loop
      vertex 38.4615 41 12.5874
      vertex 38.5 39 12
      vertex 38.4615 39 12.5874
    endloop
  endfacet
  facet normal 0.896827 0 -0.442382
    outer loop
      vertex 30.1029 39 14.25
      vertex 29.8425 41 13.7221
      vertex 30.1029 41 14.25
    endloop
  endfacet
  facet normal 0.896827 0 -0.442382
    outer loop
      vertex 29.8425 41 13.7221
      vertex 30.1029 39 14.25
      vertex 29.8425 39 13.7221
    endloop
  endfacet
  facet normal -0.896827 0 0.442382
    outer loop
      vertex 37.8971 39 9.75
      vertex 38.1575 41 10.2779
      vertex 37.8971 41 9.75
    endloop
  endfacet
  facet normal -0.896827 0 0.442382
    outer loop
      vertex 38.1575 41 10.2779
      vertex 37.8971 39 9.75
      vertex 38.1575 39 10.2779
    endloop
  endfacet
  facet normal -0.442382 0 -0.896827
    outer loop
      vertex 35.7221 39 16.1575
      vertex 36.25 41 15.8971
      vertex 36.25 39 15.8971
    endloop
  endfacet
  facet normal -0.442382 0 -0.896827
    outer loop
      vertex 36.25 41 15.8971
      vertex 35.7221 39 16.1575
      vertex 35.7221 41 16.1575
    endloop
  endfacet
  facet normal -0.321437 0 0.946931
    outer loop
      vertex 35.1647 41 7.65333
      vertex 35.7221 39 7.84254
      vertex 35.7221 41 7.84254
    endloop
  endfacet
  facet normal -0.321437 0 0.946931
    outer loop
      vertex 35.7221 39 7.84254
      vertex 35.1647 41 7.65333
      vertex 35.1647 39 7.65333
    endloop
  endfacet
  facet normal 0.997859 0 -0.0654027
    outer loop
      vertex 29.5385 39 12.5874
      vertex 29.5 41 12
      vertex 29.5385 41 12.5874
    endloop
  endfacet
  facet normal 0.997859 0 -0.0654027
    outer loop
      vertex 29.5 41 12
      vertex 29.5385 39 12.5874
      vertex 29.5 39 12
    endloop
  endfacet
  facet normal -0.555562 0 -0.831475
    outer loop
      vertex 36.25 39 15.8971
      vertex 36.7394 41 15.5701
      vertex 36.7394 39 15.5701
    endloop
  endfacet
  facet normal -0.555562 0 -0.831475
    outer loop
      vertex 36.7394 41 15.5701
      vertex 36.25 39 15.8971
      vertex 36.25 41 15.8971
    endloop
  endfacet
  facet normal 0.321437 0 0.946931
    outer loop
      vertex 32.2779 41 7.84254
      vertex 32.8353 39 7.65333
      vertex 32.8353 41 7.65333
    endloop
  endfacet
  facet normal 0.321437 0 0.946931
    outer loop
      vertex 32.8353 39 7.65333
      vertex 32.2779 41 7.84254
      vertex 32.2779 39 7.84254
    endloop
  endfacet
  facet normal -0.831491 0 0.555539
    outer loop
      vertex 37.5701 39 9.26057
      vertex 37.8971 41 9.75
      vertex 37.5701 41 9.26057
    endloop
  endfacet
  facet normal -0.831491 0 0.555539
    outer loop
      vertex 37.8971 41 9.75
      vertex 37.5701 39 9.26057
      vertex 37.8971 39 9.75
    endloop
  endfacet
  facet normal -0.659298 0 -0.751882
    outer loop
      vertex 36.7394 39 15.5701
      vertex 37.182 41 15.182
      vertex 37.182 39 15.182
    endloop
  endfacet
  facet normal -0.659298 0 -0.751882
    outer loop
      vertex 37.182 41 15.182
      vertex 36.7394 39 15.5701
      vertex 36.7394 41 15.5701
    endloop
  endfacet
  facet normal -0.946936 0 -0.321421
    outer loop
      vertex 38.3467 39 13.1647
      vertex 38.1575 41 13.7221
      vertex 38.3467 41 13.1647
    endloop
  endfacet
  facet normal -0.946936 -0 -0.321421
    outer loop
      vertex 38.1575 41 13.7221
      vertex 38.3467 39 13.1647
      vertex 38.1575 39 13.7221
    endloop
  endfacet
  facet normal 0.751845 -0 0.65934
    outer loop
      vertex 30.4299 39 9.26057
      vertex 30.818 41 8.81802
      vertex 30.4299 41 9.26057
    endloop
  endfacet
  facet normal 0.751845 0 0.65934
    outer loop
      vertex 30.818 41 8.81802
      vertex 30.4299 39 9.26057
      vertex 30.818 39 8.81802
    endloop
  endfacet
  facet normal -0.0654027 0 -0.997859
    outer loop
      vertex 34 39 16.5
      vertex 34.5874 41 16.4615
      vertex 34.5874 39 16.4615
    endloop
  endfacet
  facet normal -0.0654027 0 -0.997859
    outer loop
      vertex 34.5874 41 16.4615
      vertex 34 39 16.5
      vertex 34 41 16.5
    endloop
  endfacet
  facet normal -0.555586 0 0.831459
    outer loop
      vertex 36.25 41 8.10289
      vertex 36.7394 39 8.42991
      vertex 36.7394 41 8.42991
    endloop
  endfacet
  facet normal -0.555586 0 0.831459
    outer loop
      vertex 36.7394 39 8.42991
      vertex 36.25 41 8.10289
      vertex 36.25 39 8.10289
    endloop
  endfacet
  facet normal 0.442314 0 0.89686
    outer loop
      vertex 31.75 41 8.10289
      vertex 32.2779 39 7.84254
      vertex 32.2779 41 7.84254
    endloop
  endfacet
  facet normal 0.442314 0 0.89686
    outer loop
      vertex 32.2779 39 7.84254
      vertex 31.75 41 8.10289
      vertex 31.75 39 8.10289
    endloop
  endfacet
  facet normal 0.659308 0 0.751873
    outer loop
      vertex 30.818 41 8.81802
      vertex 31.2606 39 8.42991
      vertex 31.2606 41 8.42991
    endloop
  endfacet
  facet normal 0.659308 0 0.751873
    outer loop
      vertex 31.2606 39 8.42991
      vertex 30.818 41 8.81802
      vertex 30.818 39 8.81802
    endloop
  endfacet
  facet normal -0.321421 0 -0.946936
    outer loop
      vertex 35.1647 39 16.3467
      vertex 35.7221 41 16.1575
      vertex 35.7221 39 16.1575
    endloop
  endfacet
  facet normal -0.321421 0 -0.946936
    outer loop
      vertex 35.7221 41 16.1575
      vertex 35.1647 39 16.3467
      vertex 35.1647 41 16.3467
    endloop
  endfacet
  facet normal 0.980796 -0 0.195038
    outer loop
      vertex 29.5385 39 11.4126
      vertex 29.6533 41 10.8353
      vertex 29.5385 41 11.4126
    endloop
  endfacet
  facet normal 0.980796 0 0.195038
    outer loop
      vertex 29.6533 41 10.8353
      vertex 29.5385 39 11.4126
      vertex 29.6533 39 10.8353
    endloop
  endfacet
  facet normal -0.751882 0 -0.659298
    outer loop
      vertex 37.5701 39 14.7394
      vertex 37.182 41 15.182
      vertex 37.5701 41 14.7394
    endloop
  endfacet
  facet normal -0.751882 -0 -0.659298
    outer loop
      vertex 37.182 41 15.182
      vertex 37.5701 39 14.7394
      vertex 37.182 39 15.182
    endloop
  endfacet
  facet normal 0.751882 0 -0.659298
    outer loop
      vertex 30.818 39 15.182
      vertex 30.4299 41 14.7394
      vertex 30.818 41 15.182
    endloop
  endfacet
  facet normal 0.751882 0 -0.659298
    outer loop
      vertex 30.4299 41 14.7394
      vertex 30.818 39 15.182
      vertex 30.4299 39 14.7394
    endloop
  endfacet
  facet normal 0.946936 0 -0.321421
    outer loop
      vertex 29.8425 39 13.7221
      vertex 29.6533 41 13.1647
      vertex 29.8425 41 13.7221
    endloop
  endfacet
  facet normal 0.946936 0 -0.321421
    outer loop
      vertex 29.6533 41 13.1647
      vertex 29.8425 39 13.7221
      vertex 29.6533 39 13.1647
    endloop
  endfacet
  facet normal 0.0654027 0 -0.997859
    outer loop
      vertex 33.4126 39 16.4615
      vertex 34 41 16.5
      vertex 34 39 16.5
    endloop
  endfacet
  facet normal 0.0654027 0 -0.997859
    outer loop
      vertex 34 41 16.5
      vertex 33.4126 39 16.4615
      vertex 33.4126 41 16.4615
    endloop
  endfacet
  facet normal -0.980796 0 -0.195038
    outer loop
      vertex 38.4615 39 12.5874
      vertex 38.3467 41 13.1647
      vertex 38.4615 41 12.5874
    endloop
  endfacet
  facet normal -0.980796 -0 -0.195038
    outer loop
      vertex 38.3467 41 13.1647
      vertex 38.4615 39 12.5874
      vertex 38.3467 39 13.1647
    endloop
  endfacet
  facet normal 0.980796 0 -0.195038
    outer loop
      vertex 29.6533 39 13.1647
      vertex 29.5385 41 12.5874
      vertex 29.6533 41 13.1647
    endloop
  endfacet
  facet normal 0.980796 0 -0.195038
    outer loop
      vertex 29.5385 41 12.5874
      vertex 29.6533 39 13.1647
      vertex 29.5385 39 12.5874
    endloop
  endfacet
  facet normal 0.997859 -0 0.0654027
    outer loop
      vertex 29.5 39 12
      vertex 29.5385 41 11.4126
      vertex 29.5 41 12
    endloop
  endfacet
  facet normal 0.997859 0 0.0654027
    outer loop
      vertex 29.5385 41 11.4126
      vertex 29.5 39 12
      vertex 29.5385 39 11.4126
    endloop
  endfacet
  facet normal 0.0654027 0 0.997859
    outer loop
      vertex 33.4126 41 7.5385
      vertex 34 39 7.5
      vertex 34 41 7.5
    endloop
  endfacet
  facet normal 0.0654027 0 0.997859
    outer loop
      vertex 34 39 7.5
      vertex 33.4126 41 7.5385
      vertex 33.4126 39 7.5385
    endloop
  endfacet
  facet normal -0.195038 0 -0.980796
    outer loop
      vertex 34.5874 39 16.4615
      vertex 35.1647 41 16.3467
      vertex 35.1647 39 16.3467
    endloop
  endfacet
  facet normal -0.195038 0 -0.980796
    outer loop
      vertex 35.1647 41 16.3467
      vertex 34.5874 39 16.4615
      vertex 34.5874 41 16.4615
    endloop
  endfacet
  facet normal -0.0654027 0 0.997859
    outer loop
      vertex 34 41 7.5
      vertex 34.5874 39 7.5385
      vertex 34.5874 41 7.5385
    endloop
  endfacet
  facet normal -0.0654027 0 0.997859
    outer loop
      vertex 34.5874 39 7.5385
      vertex 34 41 7.5
      vertex 34 39 7.5
    endloop
  endfacet
  facet normal -0.896827 0 -0.442382
    outer loop
      vertex 38.1575 39 13.7221
      vertex 37.8971 41 14.25
      vertex 38.1575 41 13.7221
    endloop
  endfacet
  facet normal -0.896827 -0 -0.442382
    outer loop
      vertex 37.8971 41 14.25
      vertex 38.1575 39 13.7221
      vertex 37.8971 39 14.25
    endloop
  endfacet
  facet normal -0.831475 0 -0.555562
    outer loop
      vertex 37.8971 39 14.25
      vertex 37.5701 41 14.7394
      vertex 37.8971 41 14.25
    endloop
  endfacet
  facet normal -0.831475 -0 -0.555562
    outer loop
      vertex 37.5701 41 14.7394
      vertex 37.8971 39 14.25
      vertex 37.5701 39 14.7394
    endloop
  endfacet
  facet normal -0.442314 0 0.89686
    outer loop
      vertex 35.7221 41 7.84254
      vertex 36.25 39 8.10289
      vertex 36.25 41 8.10289
    endloop
  endfacet
  facet normal -0.442314 0 0.89686
    outer loop
      vertex 36.25 39 8.10289
      vertex 35.7221 41 7.84254
      vertex 35.7221 39 7.84254
    endloop
  endfacet
  facet normal -0.751845 0 0.65934
    outer loop
      vertex 37.182 39 8.81802
      vertex 37.5701 41 9.26057
      vertex 37.182 41 8.81802
    endloop
  endfacet
  facet normal -0.751845 0 0.65934
    outer loop
      vertex 37.5701 41 9.26057
      vertex 37.182 39 8.81802
      vertex 37.5701 39 9.26057
    endloop
  endfacet
  facet normal -0.195087 0 0.980786
    outer loop
      vertex 34.5874 41 7.5385
      vertex 35.1647 39 7.65333
      vertex 35.1647 41 7.65333
    endloop
  endfacet
  facet normal -0.195087 0 0.980786
    outer loop
      vertex 35.1647 39 7.65333
      vertex 34.5874 41 7.5385
      vertex 34.5874 39 7.5385
    endloop
  endfacet
  facet normal 0.896827 -0 0.442382
    outer loop
      vertex 29.8425 39 10.2779
      vertex 30.1029 41 9.75
      vertex 29.8425 41 10.2779
    endloop
  endfacet
  facet normal 0.896827 0 0.442382
    outer loop
      vertex 30.1029 41 9.75
      vertex 29.8425 39 10.2779
      vertex 30.1029 39 9.75
    endloop
  endfacet
  facet normal 0.555586 0 0.831459
    outer loop
      vertex 31.2606 41 8.42991
      vertex 31.75 39 8.10289
      vertex 31.75 41 8.10289
    endloop
  endfacet
  facet normal 0.555586 0 0.831459
    outer loop
      vertex 31.75 39 8.10289
      vertex 31.2606 41 8.42991
      vertex 31.2606 39 8.42991
    endloop
  endfacet
  facet normal 0.442382 0 -0.896827
    outer loop
      vertex 31.75 39 15.8971
      vertex 32.2779 41 16.1575
      vertex 32.2779 39 16.1575
    endloop
  endfacet
  facet normal 0.442382 0 -0.896827
    outer loop
      vertex 32.2779 41 16.1575
      vertex 31.75 39 15.8971
      vertex 31.75 41 15.8971
    endloop
  endfacet
  facet normal 0.321421 0 -0.946936
    outer loop
      vertex 32.2779 39 16.1575
      vertex 32.8353 41 16.3467
      vertex 32.8353 39 16.3467
    endloop
  endfacet
  facet normal 0.321421 0 -0.946936
    outer loop
      vertex 32.8353 41 16.3467
      vertex 32.2779 39 16.1575
      vertex 32.2779 41 16.1575
    endloop
  endfacet
  facet normal 0.195087 0 0.980786
    outer loop
      vertex 32.8353 41 7.65333
      vertex 33.4126 39 7.5385
      vertex 33.4126 41 7.5385
    endloop
  endfacet
  facet normal 0.195087 0 0.980786
    outer loop
      vertex 33.4126 39 7.5385
      vertex 32.8353 41 7.65333
      vertex 32.8353 39 7.65333
    endloop
  endfacet
  facet normal 0.831491 -0 0.555539
    outer loop
      vertex 30.1029 39 9.75
      vertex 30.4299 41 9.26057
      vertex 30.1029 41 9.75
    endloop
  endfacet
  facet normal 0.831491 0 0.555539
    outer loop
      vertex 30.4299 41 9.26057
      vertex 30.1029 39 9.75
      vertex 30.4299 39 9.26057
    endloop
  endfacet
  facet normal 0.195038 0 -0.980796
    outer loop
      vertex 32.8353 39 16.3467
      vertex 33.4126 41 16.4615
      vertex 33.4126 39 16.4615
    endloop
  endfacet
  facet normal 0.195038 0 -0.980796
    outer loop
      vertex 33.4126 41 16.4615
      vertex 32.8353 39 16.3467
      vertex 32.8353 41 16.3467
    endloop
  endfacet
  facet normal 0.659298 0 -0.751882
    outer loop
      vertex 30.818 39 15.182
      vertex 31.2606 41 15.5701
      vertex 31.2606 39 15.5701
    endloop
  endfacet
  facet normal 0.659298 0 -0.751882
    outer loop
      vertex 31.2606 41 15.5701
      vertex 30.818 39 15.182
      vertex 30.818 41 15.182
    endloop
  endfacet
  facet normal -0.659308 0 0.751873
    outer loop
      vertex 53.7394 41 8.42991
      vertex 54.182 39 8.81802
      vertex 54.182 41 8.81802
    endloop
  endfacet
  facet normal -0.659308 0 0.751873
    outer loop
      vertex 54.182 39 8.81802
      vertex 53.7394 41 8.42991
      vertex 53.7394 39 8.42991
    endloop
  endfacet
  facet normal -0.980796 0 0.195038
    outer loop
      vertex 55.3467 39 10.8353
      vertex 55.4615 41 11.4126
      vertex 55.3467 41 10.8353
    endloop
  endfacet
  facet normal -0.980796 0 0.195038
    outer loop
      vertex 55.4615 41 11.4126
      vertex 55.3467 39 10.8353
      vertex 55.4615 39 11.4126
    endloop
  endfacet
  facet normal -0.997859 0 0.0654027
    outer loop
      vertex 55.4615 39 11.4126
      vertex 55.5 41 12
      vertex 55.4615 41 11.4126
    endloop
  endfacet
  facet normal -0.997859 0 0.0654027
    outer loop
      vertex 55.5 41 12
      vertex 55.4615 39 11.4126
      vertex 55.5 39 12
    endloop
  endfacet
  facet normal -0.946936 0 0.321421
    outer loop
      vertex 55.1575 39 10.2779
      vertex 55.3467 41 10.8353
      vertex 55.1575 41 10.2779
    endloop
  endfacet
  facet normal -0.946936 0 0.321421
    outer loop
      vertex 55.3467 41 10.8353
      vertex 55.1575 39 10.2779
      vertex 55.3467 39 10.8353
    endloop
  endfacet
  facet normal 0.831475 0 -0.555562
    outer loop
      vertex 47.4299 39 14.7394
      vertex 47.1029 41 14.25
      vertex 47.4299 41 14.7394
    endloop
  endfacet
  facet normal 0.831475 0 -0.555562
    outer loop
      vertex 47.1029 41 14.25
      vertex 47.4299 39 14.7394
      vertex 47.1029 39 14.25
    endloop
  endfacet
  facet normal 0.946936 -0 0.321421
    outer loop
      vertex 46.6533 39 10.8353
      vertex 46.8425 41 10.2779
      vertex 46.6533 41 10.8353
    endloop
  endfacet
  facet normal 0.946936 0 0.321421
    outer loop
      vertex 46.8425 41 10.2779
      vertex 46.6533 39 10.8353
      vertex 46.8425 39 10.2779
    endloop
  endfacet
  facet normal 0.555562 0 -0.831475
    outer loop
      vertex 48.2606 39 15.5701
      vertex 48.75 41 15.8971
      vertex 48.75 39 15.8971
    endloop
  endfacet
  facet normal 0.555562 0 -0.831475
    outer loop
      vertex 48.75 41 15.8971
      vertex 48.2606 39 15.5701
      vertex 48.2606 41 15.5701
    endloop
  endfacet
  facet normal -0.997859 0 -0.0654027
    outer loop
      vertex 55.5 39 12
      vertex 55.4615 41 12.5874
      vertex 55.5 41 12
    endloop
  endfacet
  facet normal -0.997859 -0 -0.0654027
    outer loop
      vertex 55.4615 41 12.5874
      vertex 55.5 39 12
      vertex 55.4615 39 12.5874
    endloop
  endfacet
  facet normal 0.896827 0 -0.442382
    outer loop
      vertex 47.1029 39 14.25
      vertex 46.8425 41 13.7221
      vertex 47.1029 41 14.25
    endloop
  endfacet
  facet normal 0.896827 0 -0.442382
    outer loop
      vertex 46.8425 41 13.7221
      vertex 47.1029 39 14.25
      vertex 46.8425 39 13.7221
    endloop
  endfacet
  facet normal -0.896827 0 0.442382
    outer loop
      vertex 54.8971 39 9.75
      vertex 55.1575 41 10.2779
      vertex 54.8971 41 9.75
    endloop
  endfacet
  facet normal -0.896827 0 0.442382
    outer loop
      vertex 55.1575 41 10.2779
      vertex 54.8971 39 9.75
      vertex 55.1575 39 10.2779
    endloop
  endfacet
  facet normal -0.442382 0 -0.896827
    outer loop
      vertex 52.7221 39 16.1575
      vertex 53.25 41 15.8971
      vertex 53.25 39 15.8971
    endloop
  endfacet
  facet normal -0.442382 0 -0.896827
    outer loop
      vertex 53.25 41 15.8971
      vertex 52.7221 39 16.1575
      vertex 52.7221 41 16.1575
    endloop
  endfacet
  facet normal -0.321437 0 0.946931
    outer loop
      vertex 52.1647 41 7.65333
      vertex 52.7221 39 7.84254
      vertex 52.7221 41 7.84254
    endloop
  endfacet
  facet normal -0.321437 0 0.946931
    outer loop
      vertex 52.7221 39 7.84254
      vertex 52.1647 41 7.65333
      vertex 52.1647 39 7.65333
    endloop
  endfacet
  facet normal 0.997859 0 -0.0654027
    outer loop
      vertex 46.5385 39 12.5874
      vertex 46.5 41 12
      vertex 46.5385 41 12.5874
    endloop
  endfacet
  facet normal 0.997859 0 -0.0654027
    outer loop
      vertex 46.5 41 12
      vertex 46.5385 39 12.5874
      vertex 46.5 39 12
    endloop
  endfacet
  facet normal -0.555562 0 -0.831475
    outer loop
      vertex 53.25 39 15.8971
      vertex 53.7394 41 15.5701
      vertex 53.7394 39 15.5701
    endloop
  endfacet
  facet normal -0.555562 0 -0.831475
    outer loop
      vertex 53.7394 41 15.5701
      vertex 53.25 39 15.8971
      vertex 53.25 41 15.8971
    endloop
  endfacet
  facet normal 0.321437 0 0.946931
    outer loop
      vertex 49.2779 41 7.84254
      vertex 49.8353 39 7.65333
      vertex 49.8353 41 7.65333
    endloop
  endfacet
  facet normal 0.321437 0 0.946931
    outer loop
      vertex 49.8353 39 7.65333
      vertex 49.2779 41 7.84254
      vertex 49.2779 39 7.84254
    endloop
  endfacet
  facet normal -0.831491 0 0.555539
    outer loop
      vertex 54.5701 39 9.26057
      vertex 54.8971 41 9.75
      vertex 54.5701 41 9.26057
    endloop
  endfacet
  facet normal -0.831491 0 0.555539
    outer loop
      vertex 54.8971 41 9.75
      vertex 54.5701 39 9.26057
      vertex 54.8971 39 9.75
    endloop
  endfacet
  facet normal -0.659298 0 -0.751882
    outer loop
      vertex 53.7394 39 15.5701
      vertex 54.182 41 15.182
      vertex 54.182 39 15.182
    endloop
  endfacet
  facet normal -0.659298 0 -0.751882
    outer loop
      vertex 54.182 41 15.182
      vertex 53.7394 39 15.5701
      vertex 53.7394 41 15.5701
    endloop
  endfacet
  facet normal -0.946936 0 -0.321421
    outer loop
      vertex 55.3467 39 13.1647
      vertex 55.1575 41 13.7221
      vertex 55.3467 41 13.1647
    endloop
  endfacet
  facet normal -0.946936 -0 -0.321421
    outer loop
      vertex 55.1575 41 13.7221
      vertex 55.3467 39 13.1647
      vertex 55.1575 39 13.7221
    endloop
  endfacet
  facet normal 0.751845 -0 0.65934
    outer loop
      vertex 47.4299 39 9.26057
      vertex 47.818 41 8.81802
      vertex 47.4299 41 9.26057
    endloop
  endfacet
  facet normal 0.751845 0 0.65934
    outer loop
      vertex 47.818 41 8.81802
      vertex 47.4299 39 9.26057
      vertex 47.818 39 8.81802
    endloop
  endfacet
  facet normal -0.0654027 0 -0.997859
    outer loop
      vertex 51 39 16.5
      vertex 51.5874 41 16.4615
      vertex 51.5874 39 16.4615
    endloop
  endfacet
  facet normal -0.0654027 0 -0.997859
    outer loop
      vertex 51.5874 41 16.4615
      vertex 51 39 16.5
      vertex 51 41 16.5
    endloop
  endfacet
  facet normal -0.555586 0 0.831459
    outer loop
      vertex 53.25 41 8.10289
      vertex 53.7394 39 8.42991
      vertex 53.7394 41 8.42991
    endloop
  endfacet
  facet normal -0.555586 0 0.831459
    outer loop
      vertex 53.7394 39 8.42991
      vertex 53.25 41 8.10289
      vertex 53.25 39 8.10289
    endloop
  endfacet
  facet normal 0.442314 0 0.89686
    outer loop
      vertex 48.75 41 8.10289
      vertex 49.2779 39 7.84254
      vertex 49.2779 41 7.84254
    endloop
  endfacet
  facet normal 0.442314 0 0.89686
    outer loop
      vertex 49.2779 39 7.84254
      vertex 48.75 41 8.10289
      vertex 48.75 39 8.10289
    endloop
  endfacet
  facet normal 0.659308 0 0.751873
    outer loop
      vertex 47.818 41 8.81802
      vertex 48.2606 39 8.42991
      vertex 48.2606 41 8.42991
    endloop
  endfacet
  facet normal 0.659308 0 0.751873
    outer loop
      vertex 48.2606 39 8.42991
      vertex 47.818 41 8.81802
      vertex 47.818 39 8.81802
    endloop
  endfacet
  facet normal -0.321421 0 -0.946936
    outer loop
      vertex 52.1647 39 16.3467
      vertex 52.7221 41 16.1575
      vertex 52.7221 39 16.1575
    endloop
  endfacet
  facet normal -0.321421 0 -0.946936
    outer loop
      vertex 52.7221 41 16.1575
      vertex 52.1647 39 16.3467
      vertex 52.1647 41 16.3467
    endloop
  endfacet
  facet normal 0.980796 -0 0.195038
    outer loop
      vertex 46.5385 39 11.4126
      vertex 46.6533 41 10.8353
      vertex 46.5385 41 11.4126
    endloop
  endfacet
  facet normal 0.980796 0 0.195038
    outer loop
      vertex 46.6533 41 10.8353
      vertex 46.5385 39 11.4126
      vertex 46.6533 39 10.8353
    endloop
  endfacet
  facet normal -0.751882 0 -0.659298
    outer loop
      vertex 54.5701 39 14.7394
      vertex 54.182 41 15.182
      vertex 54.5701 41 14.7394
    endloop
  endfacet
  facet normal -0.751882 -0 -0.659298
    outer loop
      vertex 54.182 41 15.182
      vertex 54.5701 39 14.7394
      vertex 54.182 39 15.182
    endloop
  endfacet
  facet normal 0.751882 0 -0.659298
    outer loop
      vertex 47.818 39 15.182
      vertex 47.4299 41 14.7394
      vertex 47.818 41 15.182
    endloop
  endfacet
  facet normal 0.751882 0 -0.659298
    outer loop
      vertex 47.4299 41 14.7394
      vertex 47.818 39 15.182
      vertex 47.4299 39 14.7394
    endloop
  endfacet
  facet normal 0.946936 0 -0.321421
    outer loop
      vertex 46.8425 39 13.7221
      vertex 46.6533 41 13.1647
      vertex 46.8425 41 13.7221
    endloop
  endfacet
  facet normal 0.946936 0 -0.321421
    outer loop
      vertex 46.6533 41 13.1647
      vertex 46.8425 39 13.7221
      vertex 46.6533 39 13.1647
    endloop
  endfacet
  facet normal 0.0654027 0 -0.997859
    outer loop
      vertex 50.4126 39 16.4615
      vertex 51 41 16.5
      vertex 51 39 16.5
    endloop
  endfacet
  facet normal 0.0654027 0 -0.997859
    outer loop
      vertex 51 41 16.5
      vertex 50.4126 39 16.4615
      vertex 50.4126 41 16.4615
    endloop
  endfacet
  facet normal -0.980796 0 -0.195038
    outer loop
      vertex 55.4615 39 12.5874
      vertex 55.3467 41 13.1647
      vertex 55.4615 41 12.5874
    endloop
  endfacet
  facet normal -0.980796 -0 -0.195038
    outer loop
      vertex 55.3467 41 13.1647
      vertex 55.4615 39 12.5874
      vertex 55.3467 39 13.1647
    endloop
  endfacet
  facet normal 0.980796 0 -0.195038
    outer loop
      vertex 46.6533 39 13.1647
      vertex 46.5385 41 12.5874
      vertex 46.6533 41 13.1647
    endloop
  endfacet
  facet normal 0.980796 0 -0.195038
    outer loop
      vertex 46.5385 41 12.5874
      vertex 46.6533 39 13.1647
      vertex 46.5385 39 12.5874
    endloop
  endfacet
  facet normal 0.997859 -0 0.0654027
    outer loop
      vertex 46.5 39 12
      vertex 46.5385 41 11.4126
      vertex 46.5 41 12
    endloop
  endfacet
  facet normal 0.997859 0 0.0654027
    outer loop
      vertex 46.5385 41 11.4126
      vertex 46.5 39 12
      vertex 46.5385 39 11.4126
    endloop
  endfacet
  facet normal 0.0654027 0 0.997859
    outer loop
      vertex 50.4126 41 7.5385
      vertex 51 39 7.5
      vertex 51 41 7.5
    endloop
  endfacet
  facet normal 0.0654027 0 0.997859
    outer loop
      vertex 51 39 7.5
      vertex 50.4126 41 7.5385
      vertex 50.4126 39 7.5385
    endloop
  endfacet
  facet normal -0.195038 0 -0.980796
    outer loop
      vertex 51.5874 39 16.4615
      vertex 52.1647 41 16.3467
      vertex 52.1647 39 16.3467
    endloop
  endfacet
  facet normal -0.195038 0 -0.980796
    outer loop
      vertex 52.1647 41 16.3467
      vertex 51.5874 39 16.4615
      vertex 51.5874 41 16.4615
    endloop
  endfacet
  facet normal -0.0654027 0 0.997859
    outer loop
      vertex 51 41 7.5
      vertex 51.5874 39 7.5385
      vertex 51.5874 41 7.5385
    endloop
  endfacet
  facet normal -0.0654027 0 0.997859
    outer loop
      vertex 51.5874 39 7.5385
      vertex 51 41 7.5
      vertex 51 39 7.5
    endloop
  endfacet
  facet normal -0.896827 0 -0.442382
    outer loop
      vertex 55.1575 39 13.7221
      vertex 54.8971 41 14.25
      vertex 55.1575 41 13.7221
    endloop
  endfacet
  facet normal -0.896827 -0 -0.442382
    outer loop
      vertex 54.8971 41 14.25
      vertex 55.1575 39 13.7221
      vertex 54.8971 39 14.25
    endloop
  endfacet
  facet normal -0.831475 0 -0.555562
    outer loop
      vertex 54.8971 39 14.25
      vertex 54.5701 41 14.7394
      vertex 54.8971 41 14.25
    endloop
  endfacet
  facet normal -0.831475 -0 -0.555562
    outer loop
      vertex 54.5701 41 14.7394
      vertex 54.8971 39 14.25
      vertex 54.5701 39 14.7394
    endloop
  endfacet
  facet normal -0.442314 0 0.89686
    outer loop
      vertex 52.7221 41 7.84254
      vertex 53.25 39 8.10289
      vertex 53.25 41 8.10289
    endloop
  endfacet
  facet normal -0.442314 0 0.89686
    outer loop
      vertex 53.25 39 8.10289
      vertex 52.7221 41 7.84254
      vertex 52.7221 39 7.84254
    endloop
  endfacet
  facet normal -0.751845 0 0.65934
    outer loop
      vertex 54.182 39 8.81802
      vertex 54.5701 41 9.26057
      vertex 54.182 41 8.81802
    endloop
  endfacet
  facet normal -0.751845 0 0.65934
    outer loop
      vertex 54.5701 41 9.26057
      vertex 54.182 39 8.81802
      vertex 54.5701 39 9.26057
    endloop
  endfacet
  facet normal -0.195087 0 0.980786
    outer loop
      vertex 51.5874 41 7.5385
      vertex 52.1647 39 7.65333
      vertex 52.1647 41 7.65333
    endloop
  endfacet
  facet normal -0.195087 0 0.980786
    outer loop
      vertex 52.1647 39 7.65333
      vertex 51.5874 41 7.5385
      vertex 51.5874 39 7.5385
    endloop
  endfacet
  facet normal 0.896827 -0 0.442382
    outer loop
      vertex 46.8425 39 10.2779
      vertex 47.1029 41 9.75
      vertex 46.8425 41 10.2779
    endloop
  endfacet
  facet normal 0.896827 0 0.442382
    outer loop
      vertex 47.1029 41 9.75
      vertex 46.8425 39 10.2779
      vertex 47.1029 39 9.75
    endloop
  endfacet
  facet normal 0.555586 0 0.831459
    outer loop
      vertex 48.2606 41 8.42991
      vertex 48.75 39 8.10289
      vertex 48.75 41 8.10289
    endloop
  endfacet
  facet normal 0.555586 0 0.831459
    outer loop
      vertex 48.75 39 8.10289
      vertex 48.2606 41 8.42991
      vertex 48.2606 39 8.42991
    endloop
  endfacet
  facet normal 0.442382 0 -0.896827
    outer loop
      vertex 48.75 39 15.8971
      vertex 49.2779 41 16.1575
      vertex 49.2779 39 16.1575
    endloop
  endfacet
  facet normal 0.442382 0 -0.896827
    outer loop
      vertex 49.2779 41 16.1575
      vertex 48.75 39 15.8971
      vertex 48.75 41 15.8971
    endloop
  endfacet
  facet normal 0.321421 0 -0.946936
    outer loop
      vertex 49.2779 39 16.1575
      vertex 49.8353 41 16.3467
      vertex 49.8353 39 16.3467
    endloop
  endfacet
  facet normal 0.321421 0 -0.946936
    outer loop
      vertex 49.8353 41 16.3467
      vertex 49.2779 39 16.1575
      vertex 49.2779 41 16.1575
    endloop
  endfacet
  facet normal 0.195087 0 0.980786
    outer loop
      vertex 49.8353 41 7.65333
      vertex 50.4126 39 7.5385
      vertex 50.4126 41 7.5385
    endloop
  endfacet
  facet normal 0.195087 0 0.980786
    outer loop
      vertex 50.4126 39 7.5385
      vertex 49.8353 41 7.65333
      vertex 49.8353 39 7.65333
    endloop
  endfacet
  facet normal 0.831491 -0 0.555539
    outer loop
      vertex 47.1029 39 9.75
      vertex 47.4299 41 9.26057
      vertex 47.1029 41 9.75
    endloop
  endfacet
  facet normal 0.831491 0 0.555539
    outer loop
      vertex 47.4299 41 9.26057
      vertex 47.1029 39 9.75
      vertex 47.4299 39 9.26057
    endloop
  endfacet
  facet normal 0.195038 0 -0.980796
    outer loop
      vertex 49.8353 39 16.3467
      vertex 50.4126 41 16.4615
      vertex 50.4126 39 16.4615
    endloop
  endfacet
  facet normal 0.195038 0 -0.980796
    outer loop
      vertex 50.4126 41 16.4615
      vertex 49.8353 39 16.3467
      vertex 49.8353 41 16.3467
    endloop
  endfacet
  facet normal 0.659298 0 -0.751882
    outer loop
      vertex 47.818 39 15.182
      vertex 48.2606 41 15.5701
      vertex 48.2606 39 15.5701
    endloop
  endfacet
  facet normal 0.659298 0 -0.751882
    outer loop
      vertex 48.2606 41 15.5701
      vertex 47.818 39 15.182
      vertex 47.818 41 15.182
    endloop
  endfacet
  facet normal 0.65939 -0.751801 0
    outer loop
      vertex 83.8263 0.61994 0
      vertex 84.1213 0.878679 24
      vertex 83.8263 0.61994 24
    endloop
  endfacet
  facet normal 0.65939 -0.751801 0
    outer loop
      vertex 84.1213 0.878679 24
      vertex 83.8263 0.61994 0
      vertex 84.1213 0.878679 0
    endloop
  endfacet
  facet normal -0.0654906 0.997853 0
    outer loop
      vertex 3 41 0
      vertex 2.60842 40.9743 24
      vertex 3 41 24
    endloop
  endfacet
  facet normal -0.0654906 0.997853 0
    outer loop
      vertex 2.60842 40.9743 24
      vertex 3 41 0
      vertex 2.60842 40.9743 0
    endloop
  endfacet
  facet normal -0.896873 -0.442288 0
    outer loop
      vertex 0.401923 1.5 0
      vertex 0.228361 1.85195 24
      vertex 0.228361 1.85195 0
    endloop
  endfacet
  facet normal -0.896873 -0.442288 0
    outer loop
      vertex 0.228361 1.85195 24
      vertex 0.401923 1.5 0
      vertex 0.401923 1.5 24
    endloop
  endfacet
  facet normal -1 0 0
    outer loop
      vertex 0 3 0
      vertex 0 38 24
      vertex 0 38 0
    endloop
  endfacet
  facet normal -1 -0 0
    outer loop
      vertex 0 38 24
      vertex 0 3 0
      vertex 0 3 24
    endloop
  endfacet
  facet normal 0.555553 -0.831481 0
    outer loop
      vertex 83.5 0.401923 0
      vertex 83.8263 0.61994 24
      vertex 83.5 0.401923 24
    endloop
  endfacet
  facet normal 0.555553 -0.831481 0
    outer loop
      vertex 83.8263 0.61994 24
      vertex 83.5 0.401923 0
      vertex 83.8263 0.61994 0
    endloop
  endfacet
  facet normal 0 1 -0
    outer loop
      vertex 34.5874 41 16.4615
      vertex 3 41 24
      vertex 50.4126 41 16.4615
    endloop
  endfacet
  facet normal 0 1 0
    outer loop
      vertex 3 41 24
      vertex 34.5874 41 16.4615
      vertex 34 41 16.5
    endloop
  endfacet
  facet normal 0 1 -0
    outer loop
      vertex 49.8353 41 16.3467
      vertex 34.5874 41 16.4615
      vertex 50.4126 41 16.4615
    endloop
  endfacet
  facet normal 0 1 0
    outer loop
      vertex 49.8353 41 16.3467
      vertex 35.1647 41 16.3467
      vertex 34.5874 41 16.4615
    endloop
  endfacet
  facet normal 0 1 -0
    outer loop
      vertex 49.2779 41 16.1575
      vertex 35.1647 41 16.3467
      vertex 49.8353 41 16.3467
    endloop
  endfacet
  facet normal 0 1 0
    outer loop
      vertex 49.2779 41 16.1575
      vertex 35.7221 41 16.1575
      vertex 35.1647 41 16.3467
    endloop
  endfacet
  facet normal 0 1 -0
    outer loop
      vertex 48.75 41 15.8971
      vertex 35.7221 41 16.1575
      vertex 49.2779 41 16.1575
    endloop
  endfacet
  facet normal 0 1 0
    outer loop
      vertex 48.75 41 15.8971
      vertex 36.25 41 15.8971
      vertex 35.7221 41 16.1575
    endloop
  endfacet
  facet normal 0 1 -0
    outer loop
      vertex 48.2606 41 15.5701
      vertex 36.25 41 15.8971
      vertex 48.75 41 15.8971
    endloop
  endfacet
  facet normal 0 1 0
    outer loop
      vertex 48.2606 41 15.5701
      vertex 36.7394 41 15.5701
      vertex 36.25 41 15.8971
    endloop
  endfacet
  facet normal 0 1 -0
    outer loop
      vertex 47.818 41 15.182
      vertex 36.7394 41 15.5701
      vertex 48.2606 41 15.5701
    endloop
  endfacet
  facet normal 0 1 0
    outer loop
      vertex 47.818 41 15.182
      vertex 37.182 41 15.182
      vertex 36.7394 41 15.5701
    endloop
  endfacet
  facet normal 0 1 -0
    outer loop
      vertex 47.4299 41 14.7394
      vertex 37.182 41 15.182
      vertex 47.818 41 15.182
    endloop
  endfacet
  facet normal 0 1 0
    outer loop
      vertex 47.4299 41 14.7394
      vertex 37.5701 41 14.7394
      vertex 37.182 41 15.182
    endloop
  endfacet
  facet normal 0 1 -0
    outer loop
      vertex 47.1029 41 14.25
      vertex 37.5701 41 14.7394
      vertex 47.4299 41 14.7394
    endloop
  endfacet
  facet normal 0 1 0
    outer loop
      vertex 47.1029 41 14.25
      vertex 37.8971 41 14.25
      vertex 37.5701 41 14.7394
    endloop
  endfacet
  facet normal 0 1 -0
    outer loop
      vertex 46.8425 41 13.7221
      vertex 37.8971 41 14.25
      vertex 47.1029 41 14.25
    endloop
  endfacet
  facet normal 0 1 0
    outer loop
      vertex 46.8425 41 13.7221
      vertex 38.1575 41 13.7221
      vertex 37.8971 41 14.25
    endloop
  endfacet
  facet normal 0 1 -0
    outer loop
      vertex 46.6533 41 13.1647
      vertex 38.1575 41 13.7221
      vertex 46.8425 41 13.7221
    endloop
  endfacet
  facet normal 0 1 0
    outer loop
      vertex 46.6533 41 13.1647
      vertex 38.3467 41 13.1647
      vertex 38.1575 41 13.7221
    endloop
  endfacet
  facet normal 0 1 -0
    outer loop
      vertex 46.5385 41 12.5874
      vertex 38.3467 41 13.1647
      vertex 46.6533 41 13.1647
    endloop
  endfacet
  facet normal 0 1 0
    outer loop
      vertex 46.5385 41 12.5874
      vertex 38.4615 41 12.5874
      vertex 38.3467 41 13.1647
    endloop
  endfacet
  facet normal 0 1 -0
    outer loop
      vertex 46.5 41 12
      vertex 38.4615 41 12.5874
      vertex 46.5385 41 12.5874
    endloop
  endfacet
  facet normal 0 1 0
    outer loop
      vertex 46.5 41 12
      vertex 38.5 41 12
      vertex 38.4615 41 12.5874
    endloop
  endfacet
  facet normal 0 1 0
    outer loop
      vertex 46.5385 41 11.4126
      vertex 38.5 41 12
      vertex 46.5 41 12
    endloop
  endfacet
  facet normal 0 1 0
    outer loop
      vertex 46.5385 41 11.4126
      vertex 38.4615 41 11.4126
      vertex 38.5 41 12
    endloop
  endfacet
  facet normal 0 1 0
    outer loop
      vertex 46.6533 41 10.8353
      vertex 38.4615 41 11.4126
      vertex 46.5385 41 11.4126
    endloop
  endfacet
  facet normal 0 1 0
    outer loop
      vertex 46.6533 41 10.8353
      vertex 38.3467 41 10.8353
      vertex 38.4615 41 11.4126
    endloop
  endfacet
  facet normal 0 1 0
    outer loop
      vertex 46.8425 41 10.2779
      vertex 38.3467 41 10.8353
      vertex 46.6533 41 10.8353
    endloop
  endfacet
  facet normal 0 1 0
    outer loop
      vertex 46.8425 41 10.2779
      vertex 38.1575 41 10.2779
      vertex 38.3467 41 10.8353
    endloop
  endfacet
  facet normal 0 1 0
    outer loop
      vertex 47.1029 41 9.75
      vertex 38.1575 41 10.2779
      vertex 46.8425 41 10.2779
    endloop
  endfacet
  facet normal 0 1 0
    outer loop
      vertex 47.1029 41 9.75
      vertex 37.8971 41 9.75
      vertex 38.1575 41 10.2779
    endloop
  endfacet
  facet normal 0 1 0
    outer loop
      vertex 47.4299 41 9.26057
      vertex 37.8971 41 9.75
      vertex 47.1029 41 9.75
    endloop
  endfacet
  facet normal 0 1 0
    outer loop
      vertex 47.4299 41 9.26057
      vertex 37.5701 41 9.26057
      vertex 37.8971 41 9.75
    endloop
  endfacet
  facet normal 0 1 0
    outer loop
      vertex 47.818 41 8.81802
      vertex 37.5701 41 9.26057
      vertex 47.4299 41 9.26057
    endloop
  endfacet
  facet normal 0 1 0
    outer loop
      vertex 47.818 41 8.81802
      vertex 37.182 41 8.81802
      vertex 37.5701 41 9.26057
    endloop
  endfacet
  facet normal 0 1 0
    outer loop
      vertex 48.2606 41 8.42991
      vertex 37.182 41 8.81802
      vertex 47.818 41 8.81802
    endloop
  endfacet
  facet normal 0 1 0
    outer loop
      vertex 48.2606 41 8.42991
      vertex 36.7394 41 8.42991
      vertex 37.182 41 8.81802
    endloop
  endfacet
  facet normal 0 1 0
    outer loop
      vertex 48.75 41 8.10289
      vertex 36.7394 41 8.42991
      vertex 48.2606 41 8.42991
    endloop
  endfacet
  facet normal 0 1 0
    outer loop
      vertex 48.75 41 8.10289
      vertex 36.25 41 8.10289
      vertex 36.7394 41 8.42991
    endloop
  endfacet
  facet normal 0 1 0
    outer loop
      vertex 49.2779 41 7.84254
      vertex 36.25 41 8.10289
      vertex 48.75 41 8.10289
    endloop
  endfacet
  facet normal 0 1 0
    outer loop
      vertex 49.2779 41 7.84254
      vertex 35.7221 41 7.84254
      vertex 36.25 41 8.10289
    endloop
  endfacet
  facet normal 0 1 0
    outer loop
      vertex 49.8353 41 7.65333
      vertex 35.7221 41 7.84254
      vertex 49.2779 41 7.84254
    endloop
  endfacet
  facet normal 0 1 0
    outer loop
      vertex 49.8353 41 7.65333
      vertex 35.1647 41 7.65333
      vertex 35.7221 41 7.84254
    endloop
  endfacet
  facet normal 0 1 0
    outer loop
      vertex 50.4126 41 7.5385
      vertex 35.1647 41 7.65333
      vertex 49.8353 41 7.65333
    endloop
  endfacet
  facet normal 0 1 0
    outer loop
      vertex 50.4126 41 7.5385
      vertex 34.5874 41 7.5385
      vertex 35.1647 41 7.65333
    endloop
  endfacet
  facet normal 0 1 0
    outer loop
      vertex 82 41 0
      vertex 50.4126 41 7.5385
      vertex 51 41 7.5
    endloop
  endfacet
  facet normal 0 1 0
    outer loop
      vertex 50.4126 41 7.5385
      vertex 82 41 0
      vertex 34.5874 41 7.5385
    endloop
  endfacet
  facet normal 0 1 0
    outer loop
      vertex 50.4126 41 16.4615
      vertex 82 41 24
      vertex 51 41 16.5
    endloop
  endfacet
  facet normal 0 1 0
    outer loop
      vertex 82 41 24
      vertex 51.5874 41 16.4615
      vertex 51 41 16.5
    endloop
  endfacet
  facet normal 0 1 0
    outer loop
      vertex 82 41 24
      vertex 52.1647 41 16.3467
      vertex 51.5874 41 16.4615
    endloop
  endfacet
  facet normal 0 1 0
    outer loop
      vertex 82 41 24
      vertex 52.7221 41 16.1575
      vertex 52.1647 41 16.3467
    endloop
  endfacet
  facet normal 0 1 0
    outer loop
      vertex 82 41 24
      vertex 53.25 41 15.8971
      vertex 52.7221 41 16.1575
    endloop
  endfacet
  facet normal 0 1 0
    outer loop
      vertex 82 41 24
      vertex 53.7394 41 15.5701
      vertex 53.25 41 15.8971
    endloop
  endfacet
  facet normal 0 1 0
    outer loop
      vertex 82 41 24
      vertex 54.182 41 15.182
      vertex 53.7394 41 15.5701
    endloop
  endfacet
  facet normal 0 1 0
    outer loop
      vertex 82 41 24
      vertex 54.5701 41 14.7394
      vertex 54.182 41 15.182
    endloop
  endfacet
  facet normal 0 1 0
    outer loop
      vertex 82 41 24
      vertex 54.8971 41 14.25
      vertex 54.5701 41 14.7394
    endloop
  endfacet
  facet normal 0 1 0
    outer loop
      vertex 82 41 24
      vertex 55.1575 41 13.7221
      vertex 54.8971 41 14.25
    endloop
  endfacet
  facet normal 0 1 0
    outer loop
      vertex 82 41 24
      vertex 55.3467 41 13.1647
      vertex 55.1575 41 13.7221
    endloop
  endfacet
  facet normal 0 1 0
    outer loop
      vertex 82 41 24
      vertex 55.4615 41 12.5874
      vertex 55.3467 41 13.1647
    endloop
  endfacet
  facet normal 0 1 0
    outer loop
      vertex 82 41 24
      vertex 55.5 41 12
      vertex 55.4615 41 12.5874
    endloop
  endfacet
  facet normal 0 1 -0
    outer loop
      vertex 82 41 0
      vertex 55.5 41 12
      vertex 82 41 24
    endloop
  endfacet
  facet normal 0 1 0
    outer loop
      vertex 55.5 41 12
      vertex 82 41 0
      vertex 55.4615 41 11.4126
    endloop
  endfacet
  facet normal 0 1 0
    outer loop
      vertex 55.4615 41 11.4126
      vertex 82 41 0
      vertex 55.3467 41 10.8353
    endloop
  endfacet
  facet normal 0 1 0
    outer loop
      vertex 55.3467 41 10.8353
      vertex 82 41 0
      vertex 55.1575 41 10.2779
    endloop
  endfacet
  facet normal 0 1 0
    outer loop
      vertex 55.1575 41 10.2779
      vertex 82 41 0
      vertex 54.8971 41 9.75
    endloop
  endfacet
  facet normal 0 1 0
    outer loop
      vertex 54.8971 41 9.75
      vertex 82 41 0
      vertex 54.5701 41 9.26057
    endloop
  endfacet
  facet normal 0 1 0
    outer loop
      vertex 54.5701 41 9.26057
      vertex 82 41 0
      vertex 54.182 41 8.81802
    endloop
  endfacet
  facet normal 0 1 0
    outer loop
      vertex 54.182 41 8.81802
      vertex 82 41 0
      vertex 53.7394 41 8.42991
    endloop
  endfacet
  facet normal 0 1 0
    outer loop
      vertex 3 41 0
      vertex 34.5874 41 7.5385
      vertex 82 41 0
    endloop
  endfacet
  facet normal 0 1 0
    outer loop
      vertex 51.5874 41 7.5385
      vertex 82 41 0
      vertex 51 41 7.5
    endloop
  endfacet
  facet normal 0 1 0
    outer loop
      vertex 52.1647 41 7.65333
      vertex 82 41 0
      vertex 51.5874 41 7.5385
    endloop
  endfacet
  facet normal 0 1 0
    outer loop
      vertex 52.7221 41 7.84254
      vertex 82 41 0
      vertex 52.1647 41 7.65333
    endloop
  endfacet
  facet normal 0 1 0
    outer loop
      vertex 53.25 41 8.10289
      vertex 82 41 0
      vertex 52.7221 41 7.84254
    endloop
  endfacet
  facet normal 0 1 0
    outer loop
      vertex 53.7394 41 8.42991
      vertex 82 41 0
      vertex 53.25 41 8.10289
    endloop
  endfacet
  facet normal 0 1 0
    outer loop
      vertex 82 41 24
      vertex 50.4126 41 16.4615
      vertex 3 41 24
    endloop
  endfacet
  facet normal 0 1 -0
    outer loop
      vertex 33.4126 41 16.4615
      vertex 3 41 24
      vertex 34 41 16.5
    endloop
  endfacet
  facet normal 0 1 -0
    outer loop
      vertex 32.8353 41 16.3467
      vertex 3 41 24
      vertex 33.4126 41 16.4615
    endloop
  endfacet
  facet normal 0 1 -0
    outer loop
      vertex 32.2779 41 16.1575
      vertex 3 41 24
      vertex 32.8353 41 16.3467
    endloop
  endfacet
  facet normal 0 1 -0
    outer loop
      vertex 31.75 41 15.8971
      vertex 3 41 24
      vertex 32.2779 41 16.1575
    endloop
  endfacet
  facet normal 0 1 -0
    outer loop
      vertex 31.2606 41 15.5701
      vertex 3 41 24
      vertex 31.75 41 15.8971
    endloop
  endfacet
  facet normal 0 1 -0
    outer loop
      vertex 30.818 41 15.182
      vertex 3 41 24
      vertex 31.2606 41 15.5701
    endloop
  endfacet
  facet normal 0 1 -0
    outer loop
      vertex 30.4299 41 14.7394
      vertex 3 41 24
      vertex 30.818 41 15.182
    endloop
  endfacet
  facet normal 0 1 -0
    outer loop
      vertex 30.1029 41 14.25
      vertex 3 41 24
      vertex 30.4299 41 14.7394
    endloop
  endfacet
  facet normal 0 1 -0
    outer loop
      vertex 29.8425 41 13.7221
      vertex 3 41 24
      vertex 30.1029 41 14.25
    endloop
  endfacet
  facet normal 0 1 -0
    outer loop
      vertex 29.6533 41 13.1647
      vertex 3 41 24
      vertex 29.8425 41 13.7221
    endloop
  endfacet
  facet normal 0 1 -0
    outer loop
      vertex 29.5385 41 12.5874
      vertex 3 41 24
      vertex 29.6533 41 13.1647
    endloop
  endfacet
  facet normal 0 1 -0
    outer loop
      vertex 29.5 41 12
      vertex 3 41 24
      vertex 29.5385 41 12.5874
    endloop
  endfacet
  facet normal 0 1 0
    outer loop
      vertex 3 41 0
      vertex 29.5 41 12
      vertex 29.5385 41 11.4126
    endloop
  endfacet
  facet normal 0 1 0
    outer loop
      vertex 3 41 0
      vertex 29.5385 41 11.4126
      vertex 29.6533 41 10.8353
    endloop
  endfacet
  facet normal 0 1 0
    outer loop
      vertex 3 41 0
      vertex 29.6533 41 10.8353
      vertex 29.8425 41 10.2779
    endloop
  endfacet
  facet normal 0 1 0
    outer loop
      vertex 3 41 0
      vertex 29.8425 41 10.2779
      vertex 30.1029 41 9.75
    endloop
  endfacet
  facet normal 0 1 0
    outer loop
      vertex 3 41 0
      vertex 30.1029 41 9.75
      vertex 30.4299 41 9.26057
    endloop
  endfacet
  facet normal 0 1 0
    outer loop
      vertex 3 41 0
      vertex 30.4299 41 9.26057
      vertex 30.818 41 8.81802
    endloop
  endfacet
  facet normal 0 1 0
    outer loop
      vertex 3 41 0
      vertex 30.818 41 8.81802
      vertex 31.2606 41 8.42991
    endloop
  endfacet
  facet normal 0 1 0
    outer loop
      vertex 3 41 0
      vertex 31.2606 41 8.42991
      vertex 31.75 41 8.10289
    endloop
  endfacet
  facet normal 0 1 0
    outer loop
      vertex 34.5874 41 7.5385
      vertex 3 41 0
      vertex 34 41 7.5
    endloop
  endfacet
  facet normal 0 1 0
    outer loop
      vertex 29.5 41 12
      vertex 3 41 0
      vertex 3 41 24
    endloop
  endfacet
  facet normal 0 1 0
    outer loop
      vertex 32.2779 41 7.84254
      vertex 3 41 0
      vertex 31.75 41 8.10289
    endloop
  endfacet
  facet normal 0 1 0
    outer loop
      vertex 32.8353 41 7.65333
      vertex 3 41 0
      vertex 32.2779 41 7.84254
    endloop
  endfacet
  facet normal 0 1 0
    outer loop
      vertex 33.4126 41 7.5385
      vertex 3 41 0
      vertex 32.8353 41 7.65333
    endloop
  endfacet
  facet normal 0 1 0
    outer loop
      vertex 34 41 7.5
      vertex 3 41 0
      vertex 33.4126 41 7.5385
    endloop
  endfacet
  facet normal 0.997853 0.0654873 0
    outer loop
      vertex 85 38 24
      vertex 84.9743 38.3916 0
      vertex 84.9743 38.3916 24
    endloop
  endfacet
  facet normal 0.997853 0.0654873 0
    outer loop
      vertex 84.9743 38.3916 0
      vertex 85 38 24
      vertex 85 38 0
    endloop
  endfacet
  facet normal -0.946929 -0.321442 0
    outer loop
      vertex 0.228361 1.85195 0
      vertex 0.102222 2.22354 24
      vertex 0.102222 2.22354 0
    endloop
  endfacet
  facet normal -0.946929 -0.321442 0
    outer loop
      vertex 0.102222 2.22354 24
      vertex 0.228361 1.85195 0
      vertex 0.228361 1.85195 24
    endloop
  endfacet
  facet normal -0.980786 -0.195089 0
    outer loop
      vertex 0.102222 2.22354 0
      vertex 0.0256653 2.60842 24
      vertex 0.0256653 2.60842 0
    endloop
  endfacet
  facet normal -0.980786 -0.195089 0
    outer loop
      vertex 0.0256653 2.60842 24
      vertex 0.102222 2.22354 0
      vertex 0.102222 2.22354 24
    endloop
  endfacet
  facet normal -0.19495 0.980813 0
    outer loop
      vertex 2.60842 40.9743 0
      vertex 2.22354 40.8978 24
      vertex 2.60842 40.9743 24
    endloop
  endfacet
  facet normal -0.19495 0.980813 0
    outer loop
      vertex 2.22354 40.8978 24
      vertex 2.60842 40.9743 0
      vertex 2.22354 40.8978 0
    endloop
  endfacet
  facet normal 0 -1 0
    outer loop
      vertex 3 0 24
      vertex 36.5 0 14.75
      vertex 82 0 24
    endloop
  endfacet
  facet normal 0 -1 0
    outer loop
      vertex 3 0 24
      vertex 36.5 0 9.25
      vertex 36.5 0 14.75
    endloop
  endfacet
  facet normal 0 -1 -0
    outer loop
      vertex 36.5 0 9.25
      vertex 3 0 0
      vertex 48.5 0 9.25
    endloop
  endfacet
  facet normal 0 -1 0
    outer loop
      vertex 3 0 0
      vertex 36.5 0 9.25
      vertex 3 0 24
    endloop
  endfacet
  facet normal 0 -1 0
    outer loop
      vertex 48.5 0 14.75
      vertex 82 0 24
      vertex 36.5 0 14.75
    endloop
  endfacet
  facet normal 0 -1 0
    outer loop
      vertex 48.5 0 9.25
      vertex 82 0 24
      vertex 48.5 0 14.75
    endloop
  endfacet
  facet normal 0 -1 0
    outer loop
      vertex 48.5 0 9.25
      vertex 82 0 0
      vertex 82 0 24
    endloop
  endfacet
  facet normal 0 -1 0
    outer loop
      vertex 82 0 0
      vertex 48.5 0 9.25
      vertex 3 0 0
    endloop
  endfacet
  facet normal 0.321512 -0.946905 0
    outer loop
      vertex 82.7765 0.102222 0
      vertex 83.148 0.228361 24
      vertex 82.7765 0.102222 24
    endloop
  endfacet
  facet normal 0.321512 -0.946905 0
    outer loop
      vertex 83.148 0.228361 24
      vertex 82.7765 0.102222 0
      vertex 83.148 0.228361 0
    endloop
  endfacet
  facet normal -0.195089 -0.980786 0
    outer loop
      vertex 2.22354 0.102222 0
      vertex 2.60842 0.0256653 24
      vertex 2.22354 0.102222 24
    endloop
  endfacet
  facet normal -0.195089 -0.980786 -0
    outer loop
      vertex 2.60842 0.0256653 24
      vertex 2.22354 0.102222 0
      vertex 2.60842 0.0256653 0
    endloop
  endfacet
  facet normal -0.0654026 -0.997859 0
    outer loop
      vertex 2.60842 0.0256653 0
      vertex 3 0 24
      vertex 2.60842 0.0256653 24
    endloop
  endfacet
  facet normal -0.0654026 -0.997859 -0
    outer loop
      vertex 3 0 24
      vertex 2.60842 0.0256653 0
      vertex 3 0 0
    endloop
  endfacet
  facet normal 0.44211 0.896961 -0
    outer loop
      vertex 83.5 40.5981 0
      vertex 83.148 40.7716 24
      vertex 83.5 40.5981 24
    endloop
  endfacet
  facet normal 0.44211 0.896961 0
    outer loop
      vertex 83.148 40.7716 24
      vertex 83.5 40.5981 0
      vertex 83.148 40.7716 0
    endloop
  endfacet
  facet normal -0.751801 0.65939 0
    outer loop
      vertex 0.61994 39.8263 0
      vertex 0.878679 40.1213 24
      vertex 0.878679 40.1213 0
    endloop
  endfacet
  facet normal -0.751801 0.65939 0
    outer loop
      vertex 0.878679 40.1213 24
      vertex 0.61994 39.8263 0
      vertex 0.61994 39.8263 24
    endloop
  endfacet
  facet normal 0.831485 -0.555547 0
    outer loop
      vertex 84.3801 1.17372 24
      vertex 84.5981 1.5 0
      vertex 84.5981 1.5 24
    endloop
  endfacet
  facet normal 0.831485 -0.555547 0
    outer loop
      vertex 84.5981 1.5 0
      vertex 84.3801 1.17372 24
      vertex 84.3801 1.17372 0
    endloop
  endfacet
  facet normal -0.321582 0.946882 0
    outer loop
      vertex 2.22354 40.8978 0
      vertex 1.85195 40.7716 24
      vertex 2.22354 40.8978 24
    endloop
  endfacet
  facet normal -0.321582 0.946882 0
    outer loop
      vertex 1.85195 40.7716 24
      vertex 2.22354 40.8978 0
      vertex 1.85195 40.7716 0
    endloop
  endfacet
  facet normal 0.0653993 -0.997859 0
    outer loop
      vertex 82 0 0
      vertex 82.3916 0.0256653 24
      vertex 82 0 24
    endloop
  endfacet
  facet normal 0.0653993 -0.997859 0
    outer loop
      vertex 82.3916 0.0256653 24
      vertex 82 0 0
      vertex 82.3916 0.0256653 0
    endloop
  endfacet
  facet normal 0.195079 -0.980788 0
    outer loop
      vertex 82.3916 0.0256653 0
      vertex 82.7765 0.102222 24
      vertex 82.3916 0.0256653 24
    endloop
  endfacet
  facet normal 0.195079 -0.980788 0
    outer loop
      vertex 82.7765 0.102222 24
      vertex 82.3916 0.0256653 0
      vertex 82.7765 0.102222 0
    endloop
  endfacet
  facet normal 0.321651 0.946858 -0
    outer loop
      vertex 83.148 40.7716 0
      vertex 82.7765 40.8978 24
      vertex 83.148 40.7716 24
    endloop
  endfacet
  facet normal 0.321651 0.946858 0
    outer loop
      vertex 82.7765 40.8978 24
      vertex 83.148 40.7716 0
      vertex 82.7765 40.8978 0
    endloop
  endfacet
  facet normal 0.555523 0.831501 -0
    outer loop
      vertex 83.8263 40.3801 0
      vertex 83.5 40.5981 24
      vertex 83.8263 40.3801 24
    endloop
  endfacet
  facet normal 0.555523 0.831501 0
    outer loop
      vertex 83.5 40.5981 24
      vertex 83.8263 40.3801 0
      vertex 83.5 40.5981 0
    endloop
  endfacet
  facet normal -0.442288 -0.896873 0
    outer loop
      vertex 1.5 0.401923 0
      vertex 1.85195 0.228361 24
      vertex 1.5 0.401923 24
    endloop
  endfacet
  facet normal -0.442288 -0.896873 -0
    outer loop
      vertex 1.85195 0.228361 24
      vertex 1.5 0.401923 0
      vertex 1.85195 0.228361 0
    endloop
  endfacet
  facet normal -0.659426 0.751769 0
    outer loop
      vertex 1.17372 40.3801 0
      vertex 0.878679 40.1213 24
      vertex 1.17372 40.3801 24
    endloop
  endfacet
  facet normal -0.659426 0.751769 0
    outer loop
      vertex 0.878679 40.1213 24
      vertex 1.17372 40.3801 0
      vertex 0.878679 40.1213 0
    endloop
  endfacet
  facet normal 0.946882 -0.321582 0
    outer loop
      vertex 84.7716 1.85195 24
      vertex 84.8978 2.22354 0
      vertex 84.8978 2.22354 24
    endloop
  endfacet
  facet normal 0.946882 -0.321582 0
    outer loop
      vertex 84.8978 2.22354 0
      vertex 84.7716 1.85195 24
      vertex 84.7716 1.85195 0
    endloop
  endfacet
  facet normal 0.0654873 0.997853 -0
    outer loop
      vertex 82.3916 40.9743 0
      vertex 82 41 24
      vertex 82.3916 40.9743 24
    endloop
  endfacet
  facet normal 0.0654873 0.997853 0
    outer loop
      vertex 82 41 24
      vertex 82.3916 40.9743 0
      vertex 82 41 0
    endloop
  endfacet
  facet normal 1 -0 0
    outer loop
      vertex 85 3 24
      vertex 85 38 0
      vertex 85 38 24
    endloop
  endfacet
  facet normal 1 0 0
    outer loop
      vertex 85 38 0
      vertex 85 3 24
      vertex 85 3 0
    endloop
  endfacet
  facet normal 0.980813 -0.19495 0
    outer loop
      vertex 84.8978 2.22354 24
      vertex 84.9743 2.60842 0
      vertex 84.9743 2.60842 24
    endloop
  endfacet
  facet normal 0.980813 -0.19495 0
    outer loop
      vertex 84.9743 2.60842 0
      vertex 84.8978 2.22354 24
      vertex 84.8978 2.22354 0
    endloop
  endfacet
  facet normal 0 0 1
    outer loop
      vertex 82.8478 37.7654 24
      vertex 85 38 24
      vertex 84.9743 38.3916 24
    endloop
  endfacet
  facet normal 0 0 1
    outer loop
      vertex 85 38 24
      vertex 83 37 24
      vertex 85 3 24
    endloop
  endfacet
  facet normal 0 0 1
    outer loop
      vertex 82.8478 37.7654 24
      vertex 84.9743 38.3916 24
      vertex 84.8978 38.7765 24
    endloop
  endfacet
  facet normal -0 0 1
    outer loop
      vertex 83 4 24
      vertex 85 3 24
      vertex 83 37 24
    endloop
  endfacet
  facet normal 0 0 1
    outer loop
      vertex 82.732 38 24
      vertex 84.8978 38.7765 24
      vertex 84.7716 39.148 24
    endloop
  endfacet
  facet normal -0 0 1
    outer loop
      vertex 82.9829 3.73895 24
      vertex 85 3 24
      vertex 83 4 24
    endloop
  endfacet
  facet normal 0 0 1
    outer loop
      vertex 82.5867 38.2175 24
      vertex 84.7716 39.148 24
      vertex 84.5981 39.5 24
    endloop
  endfacet
  facet normal -0 0 1
    outer loop
      vertex 82.9319 3.48236 24
      vertex 85 3 24
      vertex 82.9829 3.73895 24
    endloop
  endfacet
  facet normal 0 0 1
    outer loop
      vertex 82.5867 38.2175 24
      vertex 84.5981 39.5 24
      vertex 84.3801 39.8263 24
    endloop
  endfacet
  facet normal -0 0 1
    outer loop
      vertex 82.8478 3.23463 24
      vertex 85 3 24
      vertex 82.9319 3.48236 24
    endloop
  endfacet
  facet normal 0 0 1
    outer loop
      vertex 82.4142 38.4142 24
      vertex 84.3801 39.8263 24
      vertex 84.1213 40.1213 24
    endloop
  endfacet
  facet normal 0 0 1
    outer loop
      vertex 85 3 24
      vertex 82.8478 3.23463 24
      vertex 84.9743 2.60842 24
    endloop
  endfacet
  facet normal 0 0 1
    outer loop
      vertex 82.4142 38.4142 24
      vertex 84.1213 40.1213 24
      vertex 83.8263 40.3801 24
    endloop
  endfacet
  facet normal 0 0 1
    outer loop
      vertex 84.9743 2.60842 24
      vertex 82.8478 3.23463 24
      vertex 84.8978 2.22354 24
    endloop
  endfacet
  facet normal 0 0 1
    outer loop
      vertex 82.2175 38.5867 24
      vertex 83.8263 40.3801 24
      vertex 83.5 40.5981 24
    endloop
  endfacet
  facet normal -0 0 1
    outer loop
      vertex 82.732 3 24
      vertex 84.8978 2.22354 24
      vertex 82.8478 3.23463 24
    endloop
  endfacet
  facet normal 0 0 1
    outer loop
      vertex 82.2175 38.5867 24
      vertex 83.5 40.5981 24
      vertex 83.148 40.7716 24
    endloop
  endfacet
  facet normal 0 0 1
    outer loop
      vertex 84.8978 2.22354 24
      vertex 82.732 3 24
      vertex 84.7716 1.85195 24
    endloop
  endfacet
  facet normal -0 0 1
    outer loop
      vertex 82.5867 2.78248 24
      vertex 84.7716 1.85195 24
      vertex 82.732 3 24
    endloop
  endfacet
  facet normal 0 0 1
    outer loop
      vertex 85 38 24
      vertex 82.9829 37.2611 24
      vertex 83 37 24
    endloop
  endfacet
  facet normal 0 0 1
    outer loop
      vertex 85 38 24
      vertex 82.9319 37.5176 24
      vertex 82.9829 37.2611 24
    endloop
  endfacet
  facet normal 0 0 1
    outer loop
      vertex 85 38 24
      vertex 82.8478 37.7654 24
      vertex 82.9319 37.5176 24
    endloop
  endfacet
  facet normal 0 0 1
    outer loop
      vertex 82 38.732 24
      vertex 83.148 40.7716 24
      vertex 82.7765 40.8978 24
    endloop
  endfacet
  facet normal 0 0 1
    outer loop
      vertex 84.8978 38.7765 24
      vertex 82.732 38 24
      vertex 82.8478 37.7654 24
    endloop
  endfacet
  facet normal 0 0 1
    outer loop
      vertex 84.7716 39.148 24
      vertex 82.5867 38.2175 24
      vertex 82.732 38 24
    endloop
  endfacet
  facet normal 0 0 1
    outer loop
      vertex 84.3801 39.8263 24
      vertex 82.4142 38.4142 24
      vertex 82.5867 38.2175 24
    endloop
  endfacet
  facet normal 0 0 1
    outer loop
      vertex 81.7654 38.8478 24
      vertex 82.7765 40.8978 24
      vertex 82.3916 40.9743 24
    endloop
  endfacet
  facet normal 0 0 1
    outer loop
      vertex 83.8263 40.3801 24
      vertex 82.2175 38.5867 24
      vertex 82.4142 38.4142 24
    endloop
  endfacet
  facet normal 0 0 1
    outer loop
      vertex 81.7654 38.8478 24
      vertex 82.3916 40.9743 24
      vertex 82 41 24
    endloop
  endfacet
  facet normal 0 0 1
    outer loop
      vertex 83.148 40.7716 24
      vertex 82 38.732 24
      vertex 82.2175 38.5867 24
    endloop
  endfacet
  facet normal 0 0 1
    outer loop
      vertex 82.7765 40.8978 24
      vertex 81.7654 38.8478 24
      vertex 82 38.732 24
    endloop
  endfacet
  facet normal 0 0 1
    outer loop
      vertex 82 41 24
      vertex 81.5176 38.9319 24
      vertex 81.7654 38.8478 24
    endloop
  endfacet
  facet normal 0 0 1
    outer loop
      vertex 82 41 24
      vertex 81.2611 38.9829 24
      vertex 81.5176 38.9319 24
    endloop
  endfacet
  facet normal 0 0 1
    outer loop
      vertex 82 41 24
      vertex 81 39 24
      vertex 81.2611 38.9829 24
    endloop
  endfacet
  facet normal 0 0 1
    outer loop
      vertex 82 41 24
      vertex 4 39 24
      vertex 81 39 24
    endloop
  endfacet
  facet normal -0 0 1
    outer loop
      vertex 3 41 24
      vertex 4 39 24
      vertex 82 41 24
    endloop
  endfacet
  facet normal 0 0 1
    outer loop
      vertex 3 41 24
      vertex 3.73895 38.9829 24
      vertex 4 39 24
    endloop
  endfacet
  facet normal 0 0 1
    outer loop
      vertex 3 41 24
      vertex 3.48236 38.9319 24
      vertex 3.73895 38.9829 24
    endloop
  endfacet
  facet normal 0 0 1
    outer loop
      vertex 3 41 24
      vertex 3.23463 38.8478 24
      vertex 3.48236 38.9319 24
    endloop
  endfacet
  facet normal -0 0 1
    outer loop
      vertex 2.60842 40.9743 24
      vertex 3.23463 38.8478 24
      vertex 3 41 24
    endloop
  endfacet
  facet normal -0 0 1
    outer loop
      vertex 2.22354 40.8978 24
      vertex 3.23463 38.8478 24
      vertex 2.60842 40.9743 24
    endloop
  endfacet
  facet normal 0 0 1
    outer loop
      vertex 3.23463 38.8478 24
      vertex 2.22354 40.8978 24
      vertex 3 38.732 24
    endloop
  endfacet
  facet normal -0 0 1
    outer loop
      vertex 1.85195 40.7716 24
      vertex 3 38.732 24
      vertex 2.22354 40.8978 24
    endloop
  endfacet
  facet normal 0 0 1
    outer loop
      vertex 3 38.732 24
      vertex 1.85195 40.7716 24
      vertex 2.78248 38.5867 24
    endloop
  endfacet
  facet normal -0 0 1
    outer loop
      vertex 1.5 40.5981 24
      vertex 2.78248 38.5867 24
      vertex 1.85195 40.7716 24
    endloop
  endfacet
  facet normal -0 0 1
    outer loop
      vertex 1.17372 40.3801 24
      vertex 2.78248 38.5867 24
      vertex 1.5 40.5981 24
    endloop
  endfacet
  facet normal 0 0 1
    outer loop
      vertex 2.78248 38.5867 24
      vertex 1.17372 40.3801 24
      vertex 2.58579 38.4142 24
    endloop
  endfacet
  facet normal -0 0 1
    outer loop
      vertex 0.878679 40.1213 24
      vertex 2.58579 38.4142 24
      vertex 1.17372 40.3801 24
    endloop
  endfacet
  facet normal -0 0 1
    outer loop
      vertex 0.61994 39.8263 24
      vertex 2.58579 38.4142 24
      vertex 0.878679 40.1213 24
    endloop
  endfacet
  facet normal 0 0 1
    outer loop
      vertex 2.58579 38.4142 24
      vertex 0.61994 39.8263 24
      vertex 2.41329 38.2175 24
    endloop
  endfacet
  facet normal -0 0 1
    outer loop
      vertex 0.228361 39.148 24
      vertex 2.41329 38.2175 24
      vertex 0.401923 39.5 24
    endloop
  endfacet
  facet normal -0 0 1
    outer loop
      vertex 0.401923 39.5 24
      vertex 2.41329 38.2175 24
      vertex 0.61994 39.8263 24
    endloop
  endfacet
  facet normal 0 0 1
    outer loop
      vertex 84.7716 1.85195 24
      vertex 82.5867 2.78248 24
      vertex 84.5981 1.5 24
    endloop
  endfacet
  facet normal 0 0 1
    outer loop
      vertex 84.5981 1.5 24
      vertex 82.5867 2.78248 24
      vertex 84.3801 1.17372 24
    endloop
  endfacet
  facet normal -0 0 1
    outer loop
      vertex 82.4142 2.58579 24
      vertex 84.3801 1.17372 24
      vertex 82.5867 2.78248 24
    endloop
  endfacet
  facet normal 0 0 1
    outer loop
      vertex 84.3801 1.17372 24
      vertex 82.4142 2.58579 24
      vertex 84.1213 0.878679 24
    endloop
  endfacet
  facet normal 0 0 1
    outer loop
      vertex 84.1213 0.878679 24
      vertex 82.4142 2.58579 24
      vertex 83.8263 0.61994 24
    endloop
  endfacet
  facet normal -0 0 1
    outer loop
      vertex 82.2175 2.41329 24
      vertex 83.8263 0.61994 24
      vertex 82.4142 2.58579 24
    endloop
  endfacet
  facet normal 0 0 1
    outer loop
      vertex 83.8263 0.61994 24
      vertex 82.2175 2.41329 24
      vertex 83.5 0.401923 24
    endloop
  endfacet
  facet normal 0 0 1
    outer loop
      vertex 83.5 0.401923 24
      vertex 82.2175 2.41329 24
      vertex 83.148 0.228361 24
    endloop
  endfacet
  facet normal -0 0 1
    outer loop
      vertex 82 2.26795 24
      vertex 83.148 0.228361 24
      vertex 82.2175 2.41329 24
    endloop
  endfacet
  facet normal 0 0 1
    outer loop
      vertex 83.148 0.228361 24
      vertex 82 2.26795 24
      vertex 82.7765 0.102222 24
    endloop
  endfacet
  facet normal -0 0 1
    outer loop
      vertex 81.7654 2.15224 24
      vertex 82.7765 0.102222 24
      vertex 82 2.26795 24
    endloop
  endfacet
  facet normal 0 0 1
    outer loop
      vertex 82.7765 0.102222 24
      vertex 81.7654 2.15224 24
      vertex 82.3916 0.0256653 24
    endloop
  endfacet
  facet normal 0 0 1
    outer loop
      vertex 82.3916 0.0256653 24
      vertex 81.7654 2.15224 24
      vertex 82 0 24
    endloop
  endfacet
  facet normal -0 0 1
    outer loop
      vertex 81.5176 2.06815 24
      vertex 82 0 24
      vertex 81.7654 2.15224 24
    endloop
  endfacet
  facet normal -0 0 1
    outer loop
      vertex 81.2611 2.01711 24
      vertex 82 0 24
      vertex 81.5176 2.06815 24
    endloop
  endfacet
  facet normal -0 0 1
    outer loop
      vertex 81 2 24
      vertex 82 0 24
      vertex 81.2611 2.01711 24
    endloop
  endfacet
  facet normal -0 0 1
    outer loop
      vertex 4 2 24
      vertex 82 0 24
      vertex 81 2 24
    endloop
  endfacet
  facet normal 0 0 1
    outer loop
      vertex 4 2 24
      vertex 3 0 24
      vertex 82 0 24
    endloop
  endfacet
  facet normal 0 0 1
    outer loop
      vertex 3.73895 2.01711 24
      vertex 3 0 24
      vertex 4 2 24
    endloop
  endfacet
  facet normal 0 0 1
    outer loop
      vertex 3.48236 2.06815 24
      vertex 3 0 24
      vertex 3.73895 2.01711 24
    endloop
  endfacet
  facet normal 0 0 1
    outer loop
      vertex 3.23463 2.15224 24
      vertex 3 0 24
      vertex 3.48236 2.06815 24
    endloop
  endfacet
  facet normal 0 0 1
    outer loop
      vertex 2.22354 0.102222 24
      vertex 3.23463 2.15224 24
      vertex 3 2.26795 24
    endloop
  endfacet
  facet normal 0 0 1
    outer loop
      vertex 1.85195 0.228361 24
      vertex 3 2.26795 24
      vertex 2.78248 2.41329 24
    endloop
  endfacet
  facet normal 0 0 1
    outer loop
      vertex 3.23463 2.15224 24
      vertex 2.60842 0.0256653 24
      vertex 3 0 24
    endloop
  endfacet
  facet normal 0 0 1
    outer loop
      vertex 1.17372 0.61994 24
      vertex 2.78248 2.41329 24
      vertex 2.58579 2.58579 24
    endloop
  endfacet
  facet normal 0 0 1
    outer loop
      vertex 0.61994 1.17372 24
      vertex 2.58579 2.58579 24
      vertex 2.41329 2.78248 24
    endloop
  endfacet
  facet normal 0 0 1
    outer loop
      vertex 0.228361 1.85195 24
      vertex 2.41329 2.78248 24
      vertex 2.26795 3 24
    endloop
  endfacet
  facet normal 0 0 1
    outer loop
      vertex 3.23463 2.15224 24
      vertex 2.22354 0.102222 24
      vertex 2.60842 0.0256653 24
    endloop
  endfacet
  facet normal 0 0 1
    outer loop
      vertex 0.102222 2.22354 24
      vertex 2.26795 3 24
      vertex 2.15224 3.23463 24
    endloop
  endfacet
  facet normal 0 0 1
    outer loop
      vertex 0 3 24
      vertex 2.15224 3.23463 24
      vertex 2.06815 3.48236 24
    endloop
  endfacet
  facet normal 0 0 1
    outer loop
      vertex 0 3 24
      vertex 2.06815 3.48236 24
      vertex 2.01711 3.73895 24
    endloop
  endfacet
  facet normal 0 0 1
    outer loop
      vertex 0 3 24
      vertex 2.01711 3.73895 24
      vertex 2 4 24
    endloop
  endfacet
  facet normal 0 0 1
    outer loop
      vertex 3 2.26795 24
      vertex 1.85195 0.228361 24
      vertex 2.22354 0.102222 24
    endloop
  endfacet
  facet normal 0 0 1
    outer loop
      vertex 2 37 24
      vertex 0 38 24
      vertex 2 4 24
    endloop
  endfacet
  facet normal 0 0 1
    outer loop
      vertex 2.41329 38.2175 24
      vertex 0.228361 39.148 24
      vertex 2.26795 38 24
    endloop
  endfacet
  facet normal 0 0 1
    outer loop
      vertex 0 3 24
      vertex 2 4 24
      vertex 0 38 24
    endloop
  endfacet
  facet normal -0 0 1
    outer loop
      vertex 0.102222 38.7765 24
      vertex 2.26795 38 24
      vertex 0.228361 39.148 24
    endloop
  endfacet
  facet normal 0 0 1
    outer loop
      vertex 2.15224 3.23463 24
      vertex 0 3 24
      vertex 0.0256653 2.60842 24
    endloop
  endfacet
  facet normal 0 0 1
    outer loop
      vertex 2.26795 38 24
      vertex 0.102222 38.7765 24
      vertex 2.15224 37.7654 24
    endloop
  endfacet
  facet normal 0 0 1
    outer loop
      vertex 2.78248 2.41329 24
      vertex 1.5 0.401923 24
      vertex 1.85195 0.228361 24
    endloop
  endfacet
  facet normal -0 0 1
    outer loop
      vertex 0.0256653 38.3916 24
      vertex 2.15224 37.7654 24
      vertex 0.102222 38.7765 24
    endloop
  endfacet
  facet normal 0 0 1
    outer loop
      vertex 2.78248 2.41329 24
      vertex 1.17372 0.61994 24
      vertex 1.5 0.401923 24
    endloop
  endfacet
  facet normal -0 0 1
    outer loop
      vertex 0 38 24
      vertex 2.15224 37.7654 24
      vertex 0.0256653 38.3916 24
    endloop
  endfacet
  facet normal 0 0 1
    outer loop
      vertex 2.58579 2.58579 24
      vertex 0.878679 0.878679 24
      vertex 1.17372 0.61994 24
    endloop
  endfacet
  facet normal 0 0 1
    outer loop
      vertex 2.15224 37.7654 24
      vertex 0 38 24
      vertex 2.06815 37.5176 24
    endloop
  endfacet
  facet normal 0 0 1
    outer loop
      vertex 2.58579 2.58579 24
      vertex 0.61994 1.17372 24
      vertex 0.878679 0.878679 24
    endloop
  endfacet
  facet normal 0 0 1
    outer loop
      vertex 2.06815 37.5176 24
      vertex 0 38 24
      vertex 2.01711 37.2611 24
    endloop
  endfacet
  facet normal 0 0 1
    outer loop
      vertex 2.41329 2.78248 24
      vertex 0.401923 1.5 24
      vertex 0.61994 1.17372 24
    endloop
  endfacet
  facet normal 0 0 1
    outer loop
      vertex 2.01711 37.2611 24
      vertex 0 38 24
      vertex 2 37 24
    endloop
  endfacet
  facet normal 0 0 1
    outer loop
      vertex 2.41329 2.78248 24
      vertex 0.228361 1.85195 24
      vertex 0.401923 1.5 24
    endloop
  endfacet
  facet normal 0 0 1
    outer loop
      vertex 2.26795 3 24
      vertex 0.102222 2.22354 24
      vertex 0.228361 1.85195 24
    endloop
  endfacet
  facet normal 0 0 1
    outer loop
      vertex 2.15224 3.23463 24
      vertex 0.0256653 2.60842 24
      vertex 0.102222 2.22354 24
    endloop
  endfacet
  facet normal -0.831465 -0.555577 0
    outer loop
      vertex 0.61994 1.17372 0
      vertex 0.401923 1.5 24
      vertex 0.401923 1.5 0
    endloop
  endfacet
  facet normal -0.831465 -0.555577 0
    outer loop
      vertex 0.401923 1.5 24
      vertex 0.61994 1.17372 0
      vertex 0.61994 1.17372 24
    endloop
  endfacet
  facet normal 0.896961 0.44211 0
    outer loop
      vertex 84.7716 39.148 24
      vertex 84.5981 39.5 0
      vertex 84.5981 39.5 24
    endloop
  endfacet
  facet normal 0.896961 0.44211 0
    outer loop
      vertex 84.5981 39.5 0
      vertex 84.7716 39.148 24
      vertex 84.7716 39.148 0
    endloop
  endfacet
  facet normal 0.831501 0.555523 0
    outer loop
      vertex 84.5981 39.5 24
      vertex 84.3801 39.8263 0
      vertex 84.3801 39.8263 24
    endloop
  endfacet
  facet normal 0.831501 0.555523 0
    outer loop
      vertex 84.3801 39.8263 0
      vertex 84.5981 39.5 24
      vertex 84.5981 39.5 0
    endloop
  endfacet
  facet normal -0.997859 -0.0654026 0
    outer loop
      vertex 0.0256653 2.60842 0
      vertex 0 3 24
      vertex 0 3 0
    endloop
  endfacet
  facet normal -0.997859 -0.0654026 0
    outer loop
      vertex 0 3 24
      vertex 0.0256653 2.60842 0
      vertex 0.0256653 2.60842 24
    endloop
  endfacet
  facet normal 0.751769 -0.659426 0
    outer loop
      vertex 84.1213 0.878679 24
      vertex 84.3801 1.17372 0
      vertex 84.3801 1.17372 24
    endloop
  endfacet
  facet normal 0.751769 -0.659426 0
    outer loop
      vertex 84.3801 1.17372 0
      vertex 84.1213 0.878679 24
      vertex 84.1213 0.878679 0
    endloop
  endfacet
  facet normal -0.751846 -0.659339 0
    outer loop
      vertex 0.878679 0.878679 0
      vertex 0.61994 1.17372 24
      vertex 0.61994 1.17372 0
    endloop
  endfacet
  facet normal -0.751846 -0.659339 0
    outer loop
      vertex 0.61994 1.17372 24
      vertex 0.878679 0.878679 0
      vertex 0.878679 0.878679 24
    endloop
  endfacet
  facet normal 0.659478 0.751724 -0
    outer loop
      vertex 84.1213 40.1213 0
      vertex 83.8263 40.3801 24
      vertex 84.1213 40.1213 24
    endloop
  endfacet
  facet normal 0.659478 0.751724 0
    outer loop
      vertex 83.8263 40.3801 24
      vertex 84.1213 40.1213 0
      vertex 83.8263 40.3801 0
    endloop
  endfacet
  facet normal 0.751724 0.659478 0
    outer loop
      vertex 84.3801 39.8263 24
      vertex 84.1213 40.1213 0
      vertex 84.1213 40.1213 24
    endloop
  endfacet
  facet normal 0.751724 0.659478 0
    outer loop
      vertex 84.1213 40.1213 0
      vertex 84.3801 39.8263 24
      vertex 84.3801 39.8263 0
    endloop
  endfacet
  facet normal -0.831481 0.555553 0
    outer loop
      vertex 0.401923 39.5 0
      vertex 0.61994 39.8263 24
      vertex 0.61994 39.8263 0
    endloop
  endfacet
  facet normal -0.831481 0.555553 0
    outer loop
      vertex 0.61994 39.8263 24
      vertex 0.401923 39.5 0
      vertex 0.401923 39.5 24
    endloop
  endfacet
  facet normal 0.980815 0.19494 0
    outer loop
      vertex 84.9743 38.3916 24
      vertex 84.8978 38.7765 0
      vertex 84.8978 38.7765 24
    endloop
  endfacet
  facet normal 0.980815 0.19494 0
    outer loop
      vertex 84.8978 38.7765 0
      vertex 84.9743 38.3916 24
      vertex 84.9743 38.3916 0
    endloop
  endfacet
  facet normal -0.946905 0.321512 0
    outer loop
      vertex 0.102222 38.7765 0
      vertex 0.228361 39.148 24
      vertex 0.228361 39.148 0
    endloop
  endfacet
  facet normal -0.946905 0.321512 0
    outer loop
      vertex 0.228361 39.148 24
      vertex 0.102222 38.7765 0
      vertex 0.102222 38.7765 24
    endloop
  endfacet
  facet normal -0.896898 0.442237 0
    outer loop
      vertex 0.228361 39.148 0
      vertex 0.401923 39.5 24
      vertex 0.401923 39.5 0
    endloop
  endfacet
  facet normal -0.896898 0.442237 0
    outer loop
      vertex 0.401923 39.5 24
      vertex 0.228361 39.148 0
      vertex 0.228361 39.148 24
    endloop
  endfacet
  facet normal 0.896936 -0.44216 0
    outer loop
      vertex 84.5981 1.5 24
      vertex 84.7716 1.85195 0
      vertex 84.7716 1.85195 24
    endloop
  endfacet
  facet normal 0.896936 -0.44216 0
    outer loop
      vertex 84.7716 1.85195 0
      vertex 84.5981 1.5 24
      vertex 84.5981 1.5 0
    endloop
  endfacet
  facet normal 0.997853 -0.0654906 0
    outer loop
      vertex 84.9743 2.60842 24
      vertex 85 3 0
      vertex 85 3 24
    endloop
  endfacet
  facet normal 0.997853 -0.0654906 0
    outer loop
      vertex 85 3 0
      vertex 84.9743 2.60842 24
      vertex 84.9743 2.60842 0
    endloop
  endfacet
  facet normal 0.946858 0.321651 0
    outer loop
      vertex 84.8978 38.7765 24
      vertex 84.7716 39.148 0
      vertex 84.7716 39.148 24
    endloop
  endfacet
  facet normal 0.946858 0.321651 0
    outer loop
      vertex 84.7716 39.148 0
      vertex 84.8978 38.7765 24
      vertex 84.8978 38.7765 0
    endloop
  endfacet
  facet normal -0.555547 0.831485 0
    outer loop
      vertex 1.5 40.5981 0
      vertex 1.17372 40.3801 24
      vertex 1.5 40.5981 24
    endloop
  endfacet
  facet normal -0.555547 0.831485 0
    outer loop
      vertex 1.17372 40.3801 24
      vertex 1.5 40.5981 0
      vertex 1.17372 40.3801 0
    endloop
  endfacet
  facet normal 0.442237 -0.896898 0
    outer loop
      vertex 83.148 0.228361 0
      vertex 83.5 0.401923 24
      vertex 83.148 0.228361 24
    endloop
  endfacet
  facet normal 0.442237 -0.896898 0
    outer loop
      vertex 83.5 0.401923 24
      vertex 83.148 0.228361 0
      vertex 83.5 0.401923 0
    endloop
  endfacet
  facet normal 0.19494 0.980815 -0
    outer loop
      vertex 82.7765 40.8978 0
      vertex 82.3916 40.9743 24
      vertex 82.7765 40.8978 24
    endloop
  endfacet
  facet normal 0.19494 0.980815 0
    outer loop
      vertex 82.3916 40.9743 24
      vertex 82.7765 40.8978 0
      vertex 82.3916 40.9743 0
    endloop
  endfacet
  facet normal -0.44216 0.896936 0
    outer loop
      vertex 1.85195 40.7716 0
      vertex 1.5 40.5981 24
      vertex 1.85195 40.7716 24
    endloop
  endfacet
  facet normal -0.44216 0.896936 0
    outer loop
      vertex 1.5 40.5981 24
      vertex 1.85195 40.7716 0
      vertex 1.5 40.5981 0
    endloop
  endfacet
  facet normal -0.321442 -0.946929 0
    outer loop
      vertex 1.85195 0.228361 0
      vertex 2.22354 0.102222 24
      vertex 1.85195 0.228361 24
    endloop
  endfacet
  facet normal -0.321442 -0.946929 -0
    outer loop
      vertex 2.22354 0.102222 24
      vertex 1.85195 0.228361 0
      vertex 2.22354 0.102222 0
    endloop
  endfacet
  facet normal 0 0 -1
    outer loop
      vertex 82 0 0
      vertex 85 3 0
      vertex 84.9743 2.60842 0
    endloop
  endfacet
  facet normal -0 0 -1
    outer loop
      vertex 85 3 0
      vertex 82 0 0
      vertex 85 38 0
    endloop
  endfacet
  facet normal 0 0 -1
    outer loop
      vertex 82 0 0
      vertex 84.9743 2.60842 0
      vertex 84.8978 2.22354 0
    endloop
  endfacet
  facet normal 0 0 -1
    outer loop
      vertex 82 41 0
      vertex 85 38 0
      vertex 82 0 0
    endloop
  endfacet
  facet normal 0 0 -1
    outer loop
      vertex 82 0 0
      vertex 84.8978 2.22354 0
      vertex 84.7716 1.85195 0
    endloop
  endfacet
  facet normal 0 0 -1
    outer loop
      vertex 85 38 0
      vertex 82 41 0
      vertex 84.9743 38.3916 0
    endloop
  endfacet
  facet normal 0 0 -1
    outer loop
      vertex 82 0 0
      vertex 84.7716 1.85195 0
      vertex 84.5981 1.5 0
    endloop
  endfacet
  facet normal 0 0 -1
    outer loop
      vertex 84.9743 38.3916 0
      vertex 82 41 0
      vertex 84.8978 38.7765 0
    endloop
  endfacet
  facet normal 0 0 -1
    outer loop
      vertex 82 0 0
      vertex 84.5981 1.5 0
      vertex 84.3801 1.17372 0
    endloop
  endfacet
  facet normal 0 0 -1
    outer loop
      vertex 84.8978 38.7765 0
      vertex 82 41 0
      vertex 84.7716 39.148 0
    endloop
  endfacet
  facet normal 0 0 -1
    outer loop
      vertex 82 0 0
      vertex 84.3801 1.17372 0
      vertex 84.1213 0.878679 0
    endloop
  endfacet
  facet normal 0 0 -1
    outer loop
      vertex 84.7716 39.148 0
      vertex 82 41 0
      vertex 84.5981 39.5 0
    endloop
  endfacet
  facet normal 0 0 -1
    outer loop
      vertex 82 0 0
      vertex 84.1213 0.878679 0
      vertex 83.8263 0.61994 0
    endloop
  endfacet
  facet normal 0 0 -1
    outer loop
      vertex 84.5981 39.5 0
      vertex 82 41 0
      vertex 84.3801 39.8263 0
    endloop
  endfacet
  facet normal 0 0 -1
    outer loop
      vertex 82 0 0
      vertex 83.8263 0.61994 0
      vertex 83.5 0.401923 0
    endloop
  endfacet
  facet normal 0 0 -1
    outer loop
      vertex 84.3801 39.8263 0
      vertex 82 41 0
      vertex 84.1213 40.1213 0
    endloop
  endfacet
  facet normal 0 0 -1
    outer loop
      vertex 82 0 0
      vertex 83.5 0.401923 0
      vertex 83.148 0.228361 0
    endloop
  endfacet
  facet normal 0 0 -1
    outer loop
      vertex 84.1213 40.1213 0
      vertex 82 41 0
      vertex 83.8263 40.3801 0
    endloop
  endfacet
  facet normal 0 0 -1
    outer loop
      vertex 82 0 0
      vertex 83.148 0.228361 0
      vertex 82.7765 0.102222 0
    endloop
  endfacet
  facet normal 0 0 -1
    outer loop
      vertex 83.8263 40.3801 0
      vertex 82 41 0
      vertex 83.5 40.5981 0
    endloop
  endfacet
  facet normal 0 0 -1
    outer loop
      vertex 82 0 0
      vertex 82.7765 0.102222 0
      vertex 82.3916 0.0256653 0
    endloop
  endfacet
  facet normal 0 0 -1
    outer loop
      vertex 83.5 40.5981 0
      vertex 82 41 0
      vertex 83.148 40.7716 0
    endloop
  endfacet
  facet normal 0 0 -1
    outer loop
      vertex 83.148 40.7716 0
      vertex 82 41 0
      vertex 82.7765 40.8978 0
    endloop
  endfacet
  facet normal 0 0 -1
    outer loop
      vertex 82.7765 40.8978 0
      vertex 82 41 0
      vertex 82.3916 40.9743 0
    endloop
  endfacet
  facet normal 0 0 -1
    outer loop
      vertex 3 0 0
      vertex 82 41 0
      vertex 82 0 0
    endloop
  endfacet
  facet normal 0 0 -1
    outer loop
      vertex 3 0 0
      vertex 3 41 0
      vertex 82 41 0
    endloop
  endfacet
  facet normal 0 0 -1
    outer loop
      vertex 0 3 0
      vertex 3 0 0
      vertex 2.60842 0.0256653 0
    endloop
  endfacet
  facet normal 0 0 -1
    outer loop
      vertex 3 0 0
      vertex 0 3 0
      vertex 3 41 0
    endloop
  endfacet
  facet normal 0 0 -1
    outer loop
      vertex 0 3 0
      vertex 2.60842 0.0256653 0
      vertex 2.22354 0.102222 0
    endloop
  endfacet
  facet normal 0 0 -1
    outer loop
      vertex 0 38 0
      vertex 3 41 0
      vertex 0 3 0
    endloop
  endfacet
  facet normal 0 0 -1
    outer loop
      vertex 0 3 0
      vertex 2.22354 0.102222 0
      vertex 1.85195 0.228361 0
    endloop
  endfacet
  facet normal 0 0 -1
    outer loop
      vertex 3 41 0
      vertex 0 38 0
      vertex 2.60842 40.9743 0
    endloop
  endfacet
  facet normal 0 0 -1
    outer loop
      vertex 0 3 0
      vertex 1.85195 0.228361 0
      vertex 1.5 0.401923 0
    endloop
  endfacet
  facet normal 0 0 -1
    outer loop
      vertex 2.60842 40.9743 0
      vertex 0 38 0
      vertex 2.22354 40.8978 0
    endloop
  endfacet
  facet normal 0 0 -1
    outer loop
      vertex 0 3 0
      vertex 1.5 0.401923 0
      vertex 1.17372 0.61994 0
    endloop
  endfacet
  facet normal 0 0 -1
    outer loop
      vertex 2.22354 40.8978 0
      vertex 0 38 0
      vertex 1.85195 40.7716 0
    endloop
  endfacet
  facet normal 0 0 -1
    outer loop
      vertex 0 3 0
      vertex 1.17372 0.61994 0
      vertex 0.878679 0.878679 0
    endloop
  endfacet
  facet normal 0 0 -1
    outer loop
      vertex 1.85195 40.7716 0
      vertex 0 38 0
      vertex 1.5 40.5981 0
    endloop
  endfacet
  facet normal 0 0 -1
    outer loop
      vertex 0 3 0
      vertex 0.878679 0.878679 0
      vertex 0.61994 1.17372 0
    endloop
  endfacet
  facet normal 0 0 -1
    outer loop
      vertex 1.5 40.5981 0
      vertex 0 38 0
      vertex 1.17372 40.3801 0
    endloop
  endfacet
  facet normal 0 0 -1
    outer loop
      vertex 0 3 0
      vertex 0.61994 1.17372 0
      vertex 0.401923 1.5 0
    endloop
  endfacet
  facet normal 0 0 -1
    outer loop
      vertex 1.17372 40.3801 0
      vertex 0 38 0
      vertex 0.878679 40.1213 0
    endloop
  endfacet
  facet normal 0 0 -1
    outer loop
      vertex 0 3 0
      vertex 0.401923 1.5 0
      vertex 0.228361 1.85195 0
    endloop
  endfacet
  facet normal 0 0 -1
    outer loop
      vertex 0.878679 40.1213 0
      vertex 0 38 0
      vertex 0.61994 39.8263 0
    endloop
  endfacet
  facet normal 0 0 -1
    outer loop
      vertex 0 3 0
      vertex 0.228361 1.85195 0
      vertex 0.102222 2.22354 0
    endloop
  endfacet
  facet normal 0 0 -1
    outer loop
      vertex 0.61994 39.8263 0
      vertex 0 38 0
      vertex 0.401923 39.5 0
    endloop
  endfacet
  facet normal 0 0 -1
    outer loop
      vertex 0 3 0
      vertex 0.102222 2.22354 0
      vertex 0.0256653 2.60842 0
    endloop
  endfacet
  facet normal 0 0 -1
    outer loop
      vertex 0.401923 39.5 0
      vertex 0 38 0
      vertex 0.228361 39.148 0
    endloop
  endfacet
  facet normal 0 0 -1
    outer loop
      vertex 0.228361 39.148 0
      vertex 0 38 0
      vertex 0.102222 38.7765 0
    endloop
  endfacet
  facet normal 0 0 -1
    outer loop
      vertex 0.102222 38.7765 0
      vertex 0 38 0
      vertex 0.0256653 38.3916 0
    endloop
  endfacet
  facet normal -0.997859 0.0653993 0
    outer loop
      vertex 0 38 0
      vertex 0.0256653 38.3916 24
      vertex 0.0256653 38.3916 0
    endloop
  endfacet
  facet normal -0.997859 0.0653993 0
    outer loop
      vertex 0.0256653 38.3916 24
      vertex 0 38 0
      vertex 0 38 24
    endloop
  endfacet
  facet normal -0.980788 0.195079 0
    outer loop
      vertex 0.0256653 38.3916 0
      vertex 0.102222 38.7765 24
      vertex 0.102222 38.7765 0
    endloop
  endfacet
  facet normal -0.980788 0.195079 0
    outer loop
      vertex 0.102222 38.7765 24
      vertex 0.0256653 38.3916 0
      vertex 0.0256653 38.3916 24
    endloop
  endfacet
  facet normal -0.659339 -0.751846 0
    outer loop
      vertex 0.878679 0.878679 0
      vertex 1.17372 0.61994 24
      vertex 0.878679 0.878679 24
    endloop
  endfacet
  facet normal -0.659339 -0.751846 -0
    outer loop
      vertex 1.17372 0.61994 24
      vertex 0.878679 0.878679 0
      vertex 1.17372 0.61994 0
    endloop
  endfacet
  facet normal -0.555577 -0.831465 0
    outer loop
      vertex 1.17372 0.61994 0
      vertex 1.5 0.401923 24
      vertex 1.17372 0.61994 24
    endloop
  endfacet
  facet normal -0.555577 -0.831465 -0
    outer loop
      vertex 1.5 0.401923 24
      vertex 1.17372 0.61994 0
      vertex 1.5 0.401923 0
    endloop
  endfacet
  facet normal -0.442621 -0.896709 0
    outer loop
      vertex 81.7654 38.8478 22.5
      vertex 82 38.732 24
      vertex 81.7654 38.8478 24
    endloop
  endfacet
  facet normal -0.442621 -0.896709 -0
    outer loop
      vertex 82 38.732 24
      vertex 81.7654 38.8478 22.5
      vertex 82 38.732 22.5
    endloop
  endfacet
  facet normal -0.195013 -0.980801 0
    outer loop
      vertex 81.2611 38.9829 22.5
      vertex 81.5176 38.9319 24
      vertex 81.2611 38.9829 24
    endloop
  endfacet
  facet normal -0.195013 -0.980801 -0
    outer loop
      vertex 81.5176 38.9319 24
      vertex 81.2611 38.9829 22.5
      vertex 81.5176 38.9319 22.5
    endloop
  endfacet
  facet normal 0.321463 -0.946922 0
    outer loop
      vertex 3.23463 38.8478 22.5
      vertex 3.48236 38.9319 24
      vertex 3.23463 38.8478 24
    endloop
  endfacet
  facet normal 0.321463 -0.946922 0
    outer loop
      vertex 3.48236 38.9319 24
      vertex 3.23463 38.8478 22.5
      vertex 3.48236 38.9319 22.5
    endloop
  endfacet
  facet normal -0.896731 0.442575 0
    outer loop
      vertex 82.732 3 22.5
      vertex 82.8478 3.23463 24
      vertex 82.8478 3.23463 22.5
    endloop
  endfacet
  facet normal -0.896731 0.442575 0
    outer loop
      vertex 82.8478 3.23463 24
      vertex 82.732 3 22.5
      vertex 82.732 3 24
    endloop
  endfacet
  facet normal 1 0 0
    outer loop
      vertex 2 37 24
      vertex 2 34.0538 22.5
      vertex 2 37 22.5
    endloop
  endfacet
  facet normal 1 0 0
    outer loop
      vertex 2 34.0538 22.5
      vertex 2 6.94622 22.5
      vertex 2 34.0538 2
    endloop
  endfacet
  facet normal 1 0 0
    outer loop
      vertex 2 37 24
      vertex 2 6.94622 22.5
      vertex 2 34.0538 22.5
    endloop
  endfacet
  facet normal 1 -0 0
    outer loop
      vertex 2 4 24
      vertex 2 6.94622 22.5
      vertex 2 37 24
    endloop
  endfacet
  facet normal 1 0 0
    outer loop
      vertex 2 6.94622 22.5
      vertex 2 4 24
      vertex 2 4 22.5
    endloop
  endfacet
  facet normal 1 0 0
    outer loop
      vertex 2 34.0538 2
      vertex 2 6.94622 22.5
      vertex 2 6.94622 2
    endloop
  endfacet
  facet normal 0.442575 -0.896731 0
    outer loop
      vertex 3 38.732 22.5
      vertex 3.23463 38.8478 24
      vertex 3 38.732 24
    endloop
  endfacet
  facet normal 0.442575 -0.896731 0
    outer loop
      vertex 3.23463 38.8478 24
      vertex 3 38.732 22.5
      vertex 3.23463 38.8478 22.5
    endloop
  endfacet
  facet normal 0.555459 -0.831544 0
    outer loop
      vertex 2.78248 38.5867 22.5
      vertex 3 38.732 24
      vertex 2.78248 38.5867 24
    endloop
  endfacet
  facet normal 0.555459 -0.831544 0
    outer loop
      vertex 3 38.732 24
      vertex 2.78248 38.5867 22.5
      vertex 3 38.732 22.5
    endloop
  endfacet
  facet normal -1 0 0
    outer loop
      vertex 83 34.0538 2
      vertex 83 6.94622 2
      vertex 83 34.0538 22.5
    endloop
  endfacet
  facet normal -1 0 0
    outer loop
      vertex 83 34.0538 22.5
      vertex 83 37 24
      vertex 83 37 22.5
    endloop
  endfacet
  facet normal -1 0 0
    outer loop
      vertex 83 6.94622 22.5
      vertex 83 34.0538 22.5
      vertex 83 6.94622 2
    endloop
  endfacet
  facet normal -1 0 0
    outer loop
      vertex 83 6.94622 22.5
      vertex 83 37 24
      vertex 83 34.0538 22.5
    endloop
  endfacet
  facet normal -1 0 0
    outer loop
      vertex 83 4 24
      vertex 83 6.94622 22.5
      vertex 83 4 22.5
    endloop
  endfacet
  facet normal -1 0 0
    outer loop
      vertex 83 6.94622 22.5
      vertex 83 4 24
      vertex 83 37 24
    endloop
  endfacet
  facet normal -0.555494 -0.831521 0
    outer loop
      vertex 82 38.732 22.5
      vertex 82.2175 38.5867 24
      vertex 82 38.732 24
    endloop
  endfacet
  facet normal -0.555494 -0.831521 -0
    outer loop
      vertex 82.2175 38.5867 24
      vertex 82 38.732 22.5
      vertex 82.2175 38.5867 22.5
    endloop
  endfacet
  facet normal 0.980771 -0.19516 0
    outer loop
      vertex 2.01711 37.2611 24
      vertex 2.06815 37.5176 22.5
      vertex 2.06815 37.5176 24
    endloop
  endfacet
  facet normal 0.980771 -0.19516 0
    outer loop
      vertex 2.06815 37.5176 22.5
      vertex 2.01711 37.2611 24
      vertex 2.01711 37.2611 22.5
    endloop
  endfacet
  facet normal 0 1 0
    outer loop
      vertex 78.0538 2 22.5
      vertex 48.5 2 14.75
      vertex 6.94622 2 22.5
    endloop
  endfacet
  facet normal 0 1 -0
    outer loop
      vertex 78.0538 2 2
      vertex 48.5 2 14.75
      vertex 78.0538 2 22.5
    endloop
  endfacet
  facet normal 0 1 0
    outer loop
      vertex 48.5 2 9.25
      vertex 78.0538 2 2
      vertex 36.5 2 9.25
    endloop
  endfacet
  facet normal 0 1 0
    outer loop
      vertex 48.5 2 14.75
      vertex 78.0538 2 2
      vertex 48.5 2 9.25
    endloop
  endfacet
  facet normal 0 1 0
    outer loop
      vertex 78.0538 2 22.5
      vertex 81 2 24
      vertex 81 2 22.5
    endloop
  endfacet
  facet normal 0 1 0
    outer loop
      vertex 81 2 24
      vertex 78.0538 2 22.5
      vertex 4 2 24
    endloop
  endfacet
  facet normal 0 1 -0
    outer loop
      vertex 6.94622 2 22.5
      vertex 4 2 24
      vertex 78.0538 2 22.5
    endloop
  endfacet
  facet normal 0 1 0
    outer loop
      vertex 4 2 24
      vertex 6.94622 2 22.5
      vertex 4 2 22.5
    endloop
  endfacet
  facet normal 0 1 -0
    outer loop
      vertex 36.5 2 14.75
      vertex 6.94622 2 22.5
      vertex 48.5 2 14.75
    endloop
  endfacet
  facet normal 0 1 0
    outer loop
      vertex 6.94622 2 2
      vertex 36.5 2 14.75
      vertex 36.5 2 9.25
    endloop
  endfacet
  facet normal 0 1 0
    outer loop
      vertex 36.5 2 14.75
      vertex 6.94622 2 2
      vertex 6.94622 2 22.5
    endloop
  endfacet
  facet normal 0 1 0
    outer loop
      vertex 6.94622 2 2
      vertex 36.5 2 9.25
      vertex 78.0538 2 2
    endloop
  endfacet
  facet normal -0.659343 0.751842 0
    outer loop
      vertex 82.4142 2.58579 22.5
      vertex 82.2175 2.41329 24
      vertex 82.4142 2.58579 24
    endloop
  endfacet
  facet normal -0.659343 0.751842 0
    outer loop
      vertex 82.2175 2.41329 24
      vertex 82.4142 2.58579 22.5
      vertex 82.2175 2.41329 22.5
    endloop
  endfacet
  facet normal 0 -1 0
    outer loop
      vertex 50.4126 39 16.4615
      vertex 81 39 24
      vertex 34.5874 39 16.4615
    endloop
  endfacet
  facet normal 0 -1 0
    outer loop
      vertex 81 39 24
      vertex 50.4126 39 16.4615
      vertex 51 39 16.5
    endloop
  endfacet
  facet normal 0 -1 0
    outer loop
      vertex 35.1647 39 16.3467
      vertex 50.4126 39 16.4615
      vertex 34.5874 39 16.4615
    endloop
  endfacet
  facet normal 0 -1 0
    outer loop
      vertex 35.1647 39 16.3467
      vertex 49.8353 39 16.3467
      vertex 50.4126 39 16.4615
    endloop
  endfacet
  facet normal 0 -1 0
    outer loop
      vertex 35.7221 39 16.1575
      vertex 49.8353 39 16.3467
      vertex 35.1647 39 16.3467
    endloop
  endfacet
  facet normal 0 -1 0
    outer loop
      vertex 35.7221 39 16.1575
      vertex 49.2779 39 16.1575
      vertex 49.8353 39 16.3467
    endloop
  endfacet
  facet normal 0 -1 0
    outer loop
      vertex 36.25 39 15.8971
      vertex 49.2779 39 16.1575
      vertex 35.7221 39 16.1575
    endloop
  endfacet
  facet normal 0 -1 0
    outer loop
      vertex 36.25 39 15.8971
      vertex 48.75 39 15.8971
      vertex 49.2779 39 16.1575
    endloop
  endfacet
  facet normal 0 -1 0
    outer loop
      vertex 36.7394 39 15.5701
      vertex 48.75 39 15.8971
      vertex 36.25 39 15.8971
    endloop
  endfacet
  facet normal 0 -1 0
    outer loop
      vertex 36.7394 39 15.5701
      vertex 48.2606 39 15.5701
      vertex 48.75 39 15.8971
    endloop
  endfacet
  facet normal 0 -1 0
    outer loop
      vertex 37.182 39 15.182
      vertex 48.2606 39 15.5701
      vertex 36.7394 39 15.5701
    endloop
  endfacet
  facet normal 0 -1 0
    outer loop
      vertex 37.182 39 15.182
      vertex 47.818 39 15.182
      vertex 48.2606 39 15.5701
    endloop
  endfacet
  facet normal 0 -1 0
    outer loop
      vertex 37.5701 39 14.7394
      vertex 47.818 39 15.182
      vertex 37.182 39 15.182
    endloop
  endfacet
  facet normal 0 -1 0
    outer loop
      vertex 37.5701 39 14.7394
      vertex 47.4299 39 14.7394
      vertex 47.818 39 15.182
    endloop
  endfacet
  facet normal 0 -1 0
    outer loop
      vertex 37.8971 39 14.25
      vertex 47.4299 39 14.7394
      vertex 37.5701 39 14.7394
    endloop
  endfacet
  facet normal 0 -1 0
    outer loop
      vertex 37.8971 39 14.25
      vertex 47.1029 39 14.25
      vertex 47.4299 39 14.7394
    endloop
  endfacet
  facet normal 0 -1 0
    outer loop
      vertex 38.1575 39 13.7221
      vertex 47.1029 39 14.25
      vertex 37.8971 39 14.25
    endloop
  endfacet
  facet normal 0 -1 0
    outer loop
      vertex 38.1575 39 13.7221
      vertex 46.8425 39 13.7221
      vertex 47.1029 39 14.25
    endloop
  endfacet
  facet normal 0 -1 0
    outer loop
      vertex 38.3467 39 13.1647
      vertex 46.8425 39 13.7221
      vertex 38.1575 39 13.7221
    endloop
  endfacet
  facet normal 0 -1 0
    outer loop
      vertex 38.3467 39 13.1647
      vertex 46.6533 39 13.1647
      vertex 46.8425 39 13.7221
    endloop
  endfacet
  facet normal 0 -1 0
    outer loop
      vertex 38.4615 39 12.5874
      vertex 46.6533 39 13.1647
      vertex 38.3467 39 13.1647
    endloop
  endfacet
  facet normal 0 -1 0
    outer loop
      vertex 38.4615 39 12.5874
      vertex 46.5385 39 12.5874
      vertex 46.6533 39 13.1647
    endloop
  endfacet
  facet normal 0 -1 0
    outer loop
      vertex 38.5 39 12
      vertex 46.5385 39 12.5874
      vertex 38.4615 39 12.5874
    endloop
  endfacet
  facet normal 0 -1 0
    outer loop
      vertex 38.5 39 12
      vertex 46.5 39 12
      vertex 46.5385 39 12.5874
    endloop
  endfacet
  facet normal 0 -1 0
    outer loop
      vertex 38.4615 39 11.4126
      vertex 46.5 39 12
      vertex 38.5 39 12
    endloop
  endfacet
  facet normal 0 -1 0
    outer loop
      vertex 38.4615 39 11.4126
      vertex 46.5385 39 11.4126
      vertex 46.5 39 12
    endloop
  endfacet
  facet normal 0 -1 0
    outer loop
      vertex 38.3467 39 10.8353
      vertex 46.5385 39 11.4126
      vertex 38.4615 39 11.4126
    endloop
  endfacet
  facet normal 0 -1 0
    outer loop
      vertex 38.3467 39 10.8353
      vertex 46.6533 39 10.8353
      vertex 46.5385 39 11.4126
    endloop
  endfacet
  facet normal 0 -1 0
    outer loop
      vertex 38.1575 39 10.2779
      vertex 46.6533 39 10.8353
      vertex 38.3467 39 10.8353
    endloop
  endfacet
  facet normal 0 -1 0
    outer loop
      vertex 38.1575 39 10.2779
      vertex 46.8425 39 10.2779
      vertex 46.6533 39 10.8353
    endloop
  endfacet
  facet normal 0 -1 0
    outer loop
      vertex 37.8971 39 9.75
      vertex 46.8425 39 10.2779
      vertex 38.1575 39 10.2779
    endloop
  endfacet
  facet normal 0 -1 0
    outer loop
      vertex 37.8971 39 9.75
      vertex 47.1029 39 9.75
      vertex 46.8425 39 10.2779
    endloop
  endfacet
  facet normal 0 -1 0
    outer loop
      vertex 37.5701 39 9.26057
      vertex 47.1029 39 9.75
      vertex 37.8971 39 9.75
    endloop
  endfacet
  facet normal 0 -1 0
    outer loop
      vertex 37.5701 39 9.26057
      vertex 47.4299 39 9.26057
      vertex 47.1029 39 9.75
    endloop
  endfacet
  facet normal 0 -1 0
    outer loop
      vertex 37.182 39 8.81802
      vertex 47.4299 39 9.26057
      vertex 37.5701 39 9.26057
    endloop
  endfacet
  facet normal 0 -1 0
    outer loop
      vertex 37.182 39 8.81802
      vertex 47.818 39 8.81802
      vertex 47.4299 39 9.26057
    endloop
  endfacet
  facet normal 0 -1 0
    outer loop
      vertex 36.7394 39 8.42991
      vertex 47.818 39 8.81802
      vertex 37.182 39 8.81802
    endloop
  endfacet
  facet normal 0 -1 0
    outer loop
      vertex 36.7394 39 8.42991
      vertex 48.2606 39 8.42991
      vertex 47.818 39 8.81802
    endloop
  endfacet
  facet normal 0 -1 0
    outer loop
      vertex 36.25 39 8.10289
      vertex 48.2606 39 8.42991
      vertex 36.7394 39 8.42991
    endloop
  endfacet
  facet normal 0 -1 0
    outer loop
      vertex 36.25 39 8.10289
      vertex 48.75 39 8.10289
      vertex 48.2606 39 8.42991
    endloop
  endfacet
  facet normal 0 -1 0
    outer loop
      vertex 35.7221 39 7.84254
      vertex 48.75 39 8.10289
      vertex 36.25 39 8.10289
    endloop
  endfacet
  facet normal 0 -1 0
    outer loop
      vertex 35.7221 39 7.84254
      vertex 49.2779 39 7.84254
      vertex 48.75 39 8.10289
    endloop
  endfacet
  facet normal 0 -1 0
    outer loop
      vertex 57 39 2
      vertex 35.7221 39 7.84254
      vertex 35.1647 39 7.65333
    endloop
  endfacet
  facet normal 0 -1 0
    outer loop
      vertex 35.7221 39 7.84254
      vertex 57 39 2
      vertex 49.2779 39 7.84254
    endloop
  endfacet
  facet normal 0 -1 0
    outer loop
      vertex 57 39 2
      vertex 35.1647 39 7.65333
      vertex 34.5874 39 7.5385
    endloop
  endfacet
  facet normal 0 -1 0
    outer loop
      vertex 49.2779 39 7.84254
      vertex 57 39 2
      vertex 49.8353 39 7.65333
    endloop
  endfacet
  facet normal 0 -1 0
    outer loop
      vertex 57 39 2
      vertex 34.5874 39 7.5385
      vertex 34 39 7.5
    endloop
  endfacet
  facet normal 0 -1 0
    outer loop
      vertex 49.8353 39 7.65333
      vertex 57 39 2
      vertex 50.4126 39 7.5385
    endloop
  endfacet
  facet normal 0 -1 0
    outer loop
      vertex 4 39 24
      vertex 34.5874 39 16.4615
      vertex 81 39 24
    endloop
  endfacet
  facet normal 0 -1 0
    outer loop
      vertex 6.94622 39 22.5
      vertex 33.4126 39 16.4615
      vertex 34 39 16.5
    endloop
  endfacet
  facet normal 0 -1 0
    outer loop
      vertex 6.94622 39 22.5
      vertex 32.8353 39 16.3467
      vertex 33.4126 39 16.4615
    endloop
  endfacet
  facet normal 0 -1 0
    outer loop
      vertex 6.94622 39 22.5
      vertex 32.2779 39 16.1575
      vertex 32.8353 39 16.3467
    endloop
  endfacet
  facet normal 0 -1 0
    outer loop
      vertex 6.94622 39 22.5
      vertex 31.75 39 15.8971
      vertex 32.2779 39 16.1575
    endloop
  endfacet
  facet normal 0 -1 0
    outer loop
      vertex 6.94622 39 22.5
      vertex 31.2606 39 15.5701
      vertex 31.75 39 15.8971
    endloop
  endfacet
  facet normal 0 -1 0
    outer loop
      vertex 6.94622 39 22.5
      vertex 30.818 39 15.182
      vertex 31.2606 39 15.5701
    endloop
  endfacet
  facet normal 0 -1 0
    outer loop
      vertex 6.94622 39 22.5
      vertex 30.4299 39 14.7394
      vertex 30.818 39 15.182
    endloop
  endfacet
  facet normal 0 -1 0
    outer loop
      vertex 6.94622 39 22.5
      vertex 30.1029 39 14.25
      vertex 30.4299 39 14.7394
    endloop
  endfacet
  facet normal 0 -1 0
    outer loop
      vertex 6.94622 39 22.5
      vertex 29.8425 39 13.7221
      vertex 30.1029 39 14.25
    endloop
  endfacet
  facet normal 0 -1 0
    outer loop
      vertex 6.94622 39 22.5
      vertex 29.6533 39 13.1647
      vertex 29.8425 39 13.7221
    endloop
  endfacet
  facet normal 0 -1 0
    outer loop
      vertex 6.94622 39 22.5
      vertex 29.5385 39 12.5874
      vertex 29.6533 39 13.1647
    endloop
  endfacet
  facet normal 0 -1 0
    outer loop
      vertex 6.94622 39 22.5
      vertex 29.5 39 12
      vertex 29.5385 39 12.5874
    endloop
  endfacet
  facet normal 0 -1 0
    outer loop
      vertex 6.94622 39 2
      vertex 29.5 39 12
      vertex 6.94622 39 22.5
    endloop
  endfacet
  facet normal 0 -1 -0
    outer loop
      vertex 29.5 39 12
      vertex 6.94622 39 2
      vertex 29.5385 39 11.4126
    endloop
  endfacet
  facet normal 0 -1 -0
    outer loop
      vertex 29.5385 39 11.4126
      vertex 6.94622 39 2
      vertex 29.6533 39 10.8353
    endloop
  endfacet
  facet normal 0 -1 -0
    outer loop
      vertex 29.6533 39 10.8353
      vertex 6.94622 39 2
      vertex 29.8425 39 10.2779
    endloop
  endfacet
  facet normal 0 -1 -0
    outer loop
      vertex 29.8425 39 10.2779
      vertex 6.94622 39 2
      vertex 30.1029 39 9.75
    endloop
  endfacet
  facet normal 0 -1 -0
    outer loop
      vertex 30.1029 39 9.75
      vertex 6.94622 39 2
      vertex 30.4299 39 9.26057
    endloop
  endfacet
  facet normal 0 -1 -0
    outer loop
      vertex 30.4299 39 9.26057
      vertex 6.94622 39 2
      vertex 30.818 39 8.81802
    endloop
  endfacet
  facet normal 0 -1 -0
    outer loop
      vertex 30.818 39 8.81802
      vertex 6.94622 39 2
      vertex 31.2606 39 8.42991
    endloop
  endfacet
  facet normal 0 -1 0
    outer loop
      vertex 50.4126 39 7.5385
      vertex 57 39 2
      vertex 51 39 7.5
    endloop
  endfacet
  facet normal 0 -1 0
    outer loop
      vertex 6.94622 39 2
      vertex 34 39 7.5
      vertex 33.4126 39 7.5385
    endloop
  endfacet
  facet normal 0 -1 -0
    outer loop
      vertex 31.2606 39 8.42991
      vertex 6.94622 39 2
      vertex 31.75 39 8.10289
    endloop
  endfacet
  facet normal 0 -1 0
    outer loop
      vertex 6.94622 39 2
      vertex 32.2779 39 7.84254
      vertex 31.75 39 8.10289
    endloop
  endfacet
  facet normal 0 -1 0
    outer loop
      vertex 6.94622 39 2
      vertex 32.8353 39 7.65333
      vertex 32.2779 39 7.84254
    endloop
  endfacet
  facet normal 0 -1 0
    outer loop
      vertex 6.94622 39 2
      vertex 33.4126 39 7.5385
      vertex 32.8353 39 7.65333
    endloop
  endfacet
  facet normal 0 -1 -0
    outer loop
      vertex 34 39 7.5
      vertex 6.94622 39 2
      vertex 57 39 2
    endloop
  endfacet
  facet normal 0 -1 0
    outer loop
      vertex 51 39 7.5
      vertex 57 39 2
      vertex 57 39 4.5
    endloop
  endfacet
  facet normal 0 -1 0
    outer loop
      vertex 6.94622 39 22.5
      vertex 4 39 24
      vertex 4 39 22.5
    endloop
  endfacet
  facet normal 0 -1 0
    outer loop
      vertex 34 39 16.5
      vertex 4 39 24
      vertex 6.94622 39 22.5
    endloop
  endfacet
  facet normal 0 -1 0
    outer loop
      vertex 34.5874 39 16.4615
      vertex 4 39 24
      vertex 34 39 16.5
    endloop
  endfacet
  facet normal 0 -1 -0
    outer loop
      vertex 81 39 24
      vertex 78.0538 39 22.5
      vertex 81 39 22.5
    endloop
  endfacet
  facet normal 0 -1 0
    outer loop
      vertex 81 39 24
      vertex 51 39 16.5
      vertex 78.0538 39 22.5
    endloop
  endfacet
  facet normal 0 -1 0
    outer loop
      vertex 51.5874 39 16.4615
      vertex 78.0538 39 22.5
      vertex 51 39 16.5
    endloop
  endfacet
  facet normal 0 -1 0
    outer loop
      vertex 52.1647 39 16.3467
      vertex 78.0538 39 22.5
      vertex 51.5874 39 16.4615
    endloop
  endfacet
  facet normal 0 -1 0
    outer loop
      vertex 52.7221 39 16.1575
      vertex 78.0538 39 22.5
      vertex 52.1647 39 16.3467
    endloop
  endfacet
  facet normal 0 -1 0
    outer loop
      vertex 53.25 39 15.8971
      vertex 78.0538 39 22.5
      vertex 52.7221 39 16.1575
    endloop
  endfacet
  facet normal 0 -1 0
    outer loop
      vertex 53.7394 39 15.5701
      vertex 78.0538 39 22.5
      vertex 53.25 39 15.8971
    endloop
  endfacet
  facet normal 0 -1 0
    outer loop
      vertex 54.182 39 15.182
      vertex 78.0538 39 22.5
      vertex 53.7394 39 15.5701
    endloop
  endfacet
  facet normal 0 -1 0
    outer loop
      vertex 54.5701 39 14.7394
      vertex 78.0538 39 22.5
      vertex 54.182 39 15.182
    endloop
  endfacet
  facet normal 0 -1 0
    outer loop
      vertex 54.8971 39 14.25
      vertex 78.0538 39 22.5
      vertex 54.5701 39 14.7394
    endloop
  endfacet
  facet normal 0 -1 0
    outer loop
      vertex 55.1575 39 13.7221
      vertex 78.0538 39 22.5
      vertex 54.8971 39 14.25
    endloop
  endfacet
  facet normal 0 -1 0
    outer loop
      vertex 55.3467 39 13.1647
      vertex 78.0538 39 22.5
      vertex 55.1575 39 13.7221
    endloop
  endfacet
  facet normal 0 -1 0
    outer loop
      vertex 55.4615 39 12.5874
      vertex 78.0538 39 22.5
      vertex 55.3467 39 13.1647
    endloop
  endfacet
  facet normal 0 -1 0
    outer loop
      vertex 55.5 39 12
      vertex 78.0538 39 22.5
      vertex 55.4615 39 12.5874
    endloop
  endfacet
  facet normal 0 -1 0
    outer loop
      vertex 58.5 39 4.5
      vertex 55.5 39 12
      vertex 55.4615 39 11.4126
    endloop
  endfacet
  facet normal 0 -1 0
    outer loop
      vertex 58.5 39 4.5
      vertex 55.4615 39 11.4126
      vertex 55.3467 39 10.8353
    endloop
  endfacet
  facet normal 0 -1 0
    outer loop
      vertex 58.5 39 4.5
      vertex 55.3467 39 10.8353
      vertex 55.1575 39 10.2779
    endloop
  endfacet
  facet normal 0 -1 0
    outer loop
      vertex 58.5 39 4.5
      vertex 55.1575 39 10.2779
      vertex 54.8971 39 9.75
    endloop
  endfacet
  facet normal 0 -1 0
    outer loop
      vertex 57 39 4.5
      vertex 54.8971 39 9.75
      vertex 54.5701 39 9.26057
    endloop
  endfacet
  facet normal 0 -1 0
    outer loop
      vertex 57 39 4.5
      vertex 54.5701 39 9.26057
      vertex 54.182 39 8.81802
    endloop
  endfacet
  facet normal 0 -1 0
    outer loop
      vertex 57 39 4.5
      vertex 54.182 39 8.81802
      vertex 53.7394 39 8.42991
    endloop
  endfacet
  facet normal 0 -1 0
    outer loop
      vertex 57 39 4.5
      vertex 53.7394 39 8.42991
      vertex 53.25 39 8.10289
    endloop
  endfacet
  facet normal 0 -1 0
    outer loop
      vertex 57 39 4.5
      vertex 51.5874 39 7.5385
      vertex 51 39 7.5
    endloop
  endfacet
  facet normal 0 -1 0
    outer loop
      vertex 57 39 4.5
      vertex 52.1647 39 7.65333
      vertex 51.5874 39 7.5385
    endloop
  endfacet
  facet normal 0 -1 0
    outer loop
      vertex 57 39 4.5
      vertex 52.7221 39 7.84254
      vertex 52.1647 39 7.65333
    endloop
  endfacet
  facet normal 0 -1 0
    outer loop
      vertex 57 39 4.5
      vertex 53.25 39 8.10289
      vertex 52.7221 39 7.84254
    endloop
  endfacet
  facet normal 0 -1 0
    outer loop
      vertex 54.8971 39 9.75
      vertex 57 39 4.5
      vertex 58.5 39 4.5
    endloop
  endfacet
  facet normal 0 -1 0
    outer loop
      vertex 55.5 39 12
      vertex 58.5 39 4.5
      vertex 78.0538 39 22.5
    endloop
  endfacet
  facet normal 0 -1 0
    outer loop
      vertex 78.0538 39 2
      vertex 58.5 39 4.5
      vertex 58.5 39 2
    endloop
  endfacet
  facet normal 0 -1 0
    outer loop
      vertex 58.5 39 4.5
      vertex 78.0538 39 2
      vertex 78.0538 39 22.5
    endloop
  endfacet
  facet normal -0.442344 0.896845 0
    outer loop
      vertex 82 2.26795 22.5
      vertex 81.7654 2.15224 24
      vertex 82 2.26795 24
    endloop
  endfacet
  facet normal -0.442344 0.896845 0
    outer loop
      vertex 81.7654 2.15224 24
      vertex 82 2.26795 22.5
      vertex 81.7654 2.15224 22.5
    endloop
  endfacet
  facet normal 0.980784 0.195094 0
    outer loop
      vertex 2.06815 3.48236 24
      vertex 2.01711 3.73895 22.5
      vertex 2.01711 3.73895 24
    endloop
  endfacet
  facet normal 0.980784 0.195094 0
    outer loop
      vertex 2.01711 3.73895 22.5
      vertex 2.06815 3.48236 24
      vertex 2.06815 3.48236 22.5
    endloop
  endfacet
  facet normal -0.831544 0.555459 0
    outer loop
      vertex 82.5867 2.78248 22.5
      vertex 82.732 3 24
      vertex 82.732 3 22.5
    endloop
  endfacet
  facet normal -0.831544 0.555459 0
    outer loop
      vertex 82.732 3 24
      vertex 82.5867 2.78248 22.5
      vertex 82.5867 2.78248 24
    endloop
  endfacet
  facet normal -0.751826 0.659362 0
    outer loop
      vertex 82.4142 2.58579 22.5
      vertex 82.5867 2.78248 24
      vertex 82.5867 2.78248 22.5
    endloop
  endfacet
  facet normal -0.751826 0.659362 0
    outer loop
      vertex 82.5867 2.78248 24
      vertex 82.4142 2.58579 22.5
      vertex 82.4142 2.58579 24
    endloop
  endfacet
  facet normal 0.99786 -0.0653902 0
    outer loop
      vertex 2 37 24
      vertex 2.01711 37.2611 22.5
      vertex 2.01711 37.2611 24
    endloop
  endfacet
  facet normal 0.99786 -0.0653902 0
    outer loop
      vertex 2.01711 37.2611 22.5
      vertex 2 37 24
      vertex 2 37 22.5
    endloop
  endfacet
  facet normal -0.5556 0.83145 0
    outer loop
      vertex 82.2175 2.41329 22.5
      vertex 82 2.26795 24
      vertex 82.2175 2.41329 24
    endloop
  endfacet
  facet normal -0.5556 0.83145 0
    outer loop
      vertex 82 2.26795 24
      vertex 82.2175 2.41329 22.5
      vertex 82 2.26795 22.5
    endloop
  endfacet
  facet normal -0.94695 -0.321382 0
    outer loop
      vertex 82.9319 37.5176 22.5
      vertex 82.8478 37.7654 24
      vertex 82.8478 37.7654 22.5
    endloop
  endfacet
  facet normal -0.94695 -0.321382 0
    outer loop
      vertex 82.8478 37.7654 24
      vertex 82.9319 37.5176 22.5
      vertex 82.9319 37.5176 24
    endloop
  endfacet
  facet normal -0.980801 -0.195013 0
    outer loop
      vertex 82.9829 37.2611 22.5
      vertex 82.9319 37.5176 24
      vertex 82.9319 37.5176 22.5
    endloop
  endfacet
  facet normal -0.980801 -0.195013 0
    outer loop
      vertex 82.9319 37.5176 24
      vertex 82.9829 37.2611 22.5
      vertex 82.9829 37.2611 24
    endloop
  endfacet
  facet normal 0.321429 0.946934 -0
    outer loop
      vertex 3.48236 2.06815 22.5
      vertex 3.23463 2.15224 24
      vertex 3.48236 2.06815 24
    endloop
  endfacet
  facet normal 0.321429 0.946934 0
    outer loop
      vertex 3.23463 2.15224 24
      vertex 3.48236 2.06815 22.5
      vertex 3.23463 2.15224 22.5
    endloop
  endfacet
  facet normal 0.659362 -0.751826 0
    outer loop
      vertex 2.58579 38.4142 22.5
      vertex 2.78248 38.5867 24
      vertex 2.58579 38.4142 24
    endloop
  endfacet
  facet normal 0.659362 -0.751826 0
    outer loop
      vertex 2.78248 38.5867 24
      vertex 2.58579 38.4142 22.5
      vertex 2.78248 38.5867 22.5
    endloop
  endfacet
  facet normal 0.751842 -0.659343 0
    outer loop
      vertex 2.41329 38.2175 24
      vertex 2.58579 38.4142 22.5
      vertex 2.58579 38.4142 24
    endloop
  endfacet
  facet normal 0.751842 -0.659343 0
    outer loop
      vertex 2.58579 38.4142 22.5
      vertex 2.41329 38.2175 24
      vertex 2.41329 38.2175 22.5
    endloop
  endfacet
  facet normal -0.659343 -0.751842 0
    outer loop
      vertex 82.2175 38.5867 22.5
      vertex 82.4142 38.4142 24
      vertex 82.2175 38.5867 24
    endloop
  endfacet
  facet normal -0.659343 -0.751842 -0
    outer loop
      vertex 82.4142 38.4142 24
      vertex 82.2175 38.5867 22.5
      vertex 82.4142 38.4142 22.5
    endloop
  endfacet
  facet normal -0.321348 0.946961 0
    outer loop
      vertex 81.7654 2.15224 22.5
      vertex 81.5176 2.06815 24
      vertex 81.7654 2.15224 24
    endloop
  endfacet
  facet normal -0.321348 0.946961 0
    outer loop
      vertex 81.5176 2.06815 24
      vertex 81.7654 2.15224 22.5
      vertex 81.5176 2.06815 22.5
    endloop
  endfacet
  facet normal 0.946961 -0.321348 0
    outer loop
      vertex 2.06815 37.5176 24
      vertex 2.15224 37.7654 22.5
      vertex 2.15224 37.7654 24
    endloop
  endfacet
  facet normal 0.946961 -0.321348 0
    outer loop
      vertex 2.15224 37.7654 22.5
      vertex 2.06815 37.5176 24
      vertex 2.06815 37.5176 22.5
    endloop
  endfacet
  facet normal 0.997859 0.0654027 0
    outer loop
      vertex 2.01711 3.73895 24
      vertex 2 4 22.5
      vertex 2 4 24
    endloop
  endfacet
  facet normal 0.997859 0.0654027 0
    outer loop
      vertex 2 4 22.5
      vertex 2.01711 3.73895 24
      vertex 2.01711 3.73895 22.5
    endloop
  endfacet
  facet normal 0.195094 0.980784 -0
    outer loop
      vertex 3.73895 2.01711 22.5
      vertex 3.48236 2.06815 24
      vertex 3.73895 2.01711 24
    endloop
  endfacet
  facet normal 0.195094 0.980784 0
    outer loop
      vertex 3.48236 2.06815 24
      vertex 3.73895 2.01711 22.5
      vertex 3.48236 2.06815 22.5
    endloop
  endfacet
  facet normal -0.19516 0.980771 0
    outer loop
      vertex 81.5176 2.06815 22.5
      vertex 81.2611 2.01711 24
      vertex 81.5176 2.06815 24
    endloop
  endfacet
  facet normal -0.19516 0.980771 0
    outer loop
      vertex 81.2611 2.01711 24
      vertex 81.5176 2.06815 22.5
      vertex 81.2611 2.01711 22.5
    endloop
  endfacet
  facet normal 0.0653646 -0.997861 0
    outer loop
      vertex 3.73895 38.9829 22.5
      vertex 4 39 24
      vertex 3.73895 38.9829 24
    endloop
  endfacet
  facet normal 0.0653646 -0.997861 0
    outer loop
      vertex 4 39 24
      vertex 3.73895 38.9829 22.5
      vertex 4 39 22.5
    endloop
  endfacet
  facet normal 0.83145 -0.5556 0
    outer loop
      vertex 2.26795 38 24
      vertex 2.41329 38.2175 22.5
      vertex 2.41329 38.2175 24
    endloop
  endfacet
  facet normal 0.83145 -0.5556 0
    outer loop
      vertex 2.41329 38.2175 22.5
      vertex 2.26795 38 24
      vertex 2.26795 38 22.5
    endloop
  endfacet
  facet normal -0.997862 -0.0653521 0
    outer loop
      vertex 83 37 22.5
      vertex 82.9829 37.2611 24
      vertex 82.9829 37.2611 22.5
    endloop
  endfacet
  facet normal -0.997862 -0.0653521 0
    outer loop
      vertex 82.9829 37.2611 24
      vertex 83 37 22.5
      vertex 83 37 24
    endloop
  endfacet
  facet normal -0.0653521 -0.997862 0
    outer loop
      vertex 81 39 22.5
      vertex 81.2611 38.9829 24
      vertex 81 39 24
    endloop
  endfacet
  facet normal -0.0653521 -0.997862 -0
    outer loop
      vertex 81.2611 38.9829 24
      vertex 81 39 22.5
      vertex 81.2611 38.9829 22.5
    endloop
  endfacet
  facet normal 0.659362 0.751826 -0
    outer loop
      vertex 2.78248 2.41329 22.5
      vertex 2.58579 2.58579 24
      vertex 2.78248 2.41329 24
    endloop
  endfacet
  facet normal 0.659362 0.751826 0
    outer loop
      vertex 2.58579 2.58579 24
      vertex 2.78248 2.41329 22.5
      vertex 2.58579 2.58579 22.5
    endloop
  endfacet
  facet normal 0.751826 0.659362 0
    outer loop
      vertex 2.58579 2.58579 24
      vertex 2.41329 2.78248 22.5
      vertex 2.41329 2.78248 24
    endloop
  endfacet
  facet normal 0.751826 0.659362 0
    outer loop
      vertex 2.41329 2.78248 22.5
      vertex 2.58579 2.58579 24
      vertex 2.58579 2.58579 22.5
    endloop
  endfacet
  facet normal -0.751842 -0.659343 0
    outer loop
      vertex 82.5867 38.2175 22.5
      vertex 82.4142 38.4142 24
      vertex 82.4142 38.4142 22.5
    endloop
  endfacet
  facet normal -0.751842 -0.659343 0
    outer loop
      vertex 82.4142 38.4142 24
      vertex 82.5867 38.2175 22.5
      vertex 82.5867 38.2175 24
    endloop
  endfacet
  facet normal 0.946934 0.321429 0
    outer loop
      vertex 2.15224 3.23463 24
      vertex 2.06815 3.48236 22.5
      vertex 2.06815 3.48236 24
    endloop
  endfacet
  facet normal 0.946934 0.321429 0
    outer loop
      vertex 2.06815 3.48236 22.5
      vertex 2.15224 3.23463 24
      vertex 2.15224 3.23463 22.5
    endloop
  endfacet
  facet normal -0.321382 -0.94695 0
    outer loop
      vertex 81.5176 38.9319 22.5
      vertex 81.7654 38.8478 24
      vertex 81.5176 38.9319 24
    endloop
  endfacet
  facet normal -0.321382 -0.94695 -0
    outer loop
      vertex 81.7654 38.8478 24
      vertex 81.5176 38.9319 22.5
      vertex 81.7654 38.8478 22.5
    endloop
  endfacet
  facet normal -0.0653902 0.99786 0
    outer loop
      vertex 81.2611 2.01711 22.5
      vertex 81 2 24
      vertex 81.2611 2.01711 24
    endloop
  endfacet
  facet normal -0.0653902 0.99786 0
    outer loop
      vertex 81 2 24
      vertex 81.2611 2.01711 22.5
      vertex 81 2 22.5
    endloop
  endfacet
  facet normal 0.194947 -0.980814 0
    outer loop
      vertex 3.48236 38.9319 22.5
      vertex 3.73895 38.9829 24
      vertex 3.48236 38.9319 24
    endloop
  endfacet
  facet normal 0.194947 -0.980814 0
    outer loop
      vertex 3.73895 38.9829 24
      vertex 3.48236 38.9319 22.5
      vertex 3.73895 38.9829 22.5
    endloop
  endfacet
  facet normal 0.831474 0.555564 0
    outer loop
      vertex 2.41329 2.78248 24
      vertex 2.26795 3 22.5
      vertex 2.26795 3 24
    endloop
  endfacet
  facet normal 0.831474 0.555564 0
    outer loop
      vertex 2.26795 3 22.5
      vertex 2.41329 2.78248 24
      vertex 2.41329 2.78248 22.5
    endloop
  endfacet
  facet normal -0.831521 -0.555494 0
    outer loop
      vertex 82.732 38 22.5
      vertex 82.5867 38.2175 24
      vertex 82.5867 38.2175 22.5
    endloop
  endfacet
  facet normal -0.831521 -0.555494 0
    outer loop
      vertex 82.5867 38.2175 24
      vertex 82.732 38 22.5
      vertex 82.732 38 24
    endloop
  endfacet
  facet normal 0.896845 -0.442344 0
    outer loop
      vertex 2.15224 37.7654 24
      vertex 2.26795 38 22.5
      vertex 2.26795 38 24
    endloop
  endfacet
  facet normal 0.896845 -0.442344 0
    outer loop
      vertex 2.26795 38 22.5
      vertex 2.15224 37.7654 24
      vertex 2.15224 37.7654 22.5
    endloop
  endfacet
  facet normal 0.0654027 0.997859 -0
    outer loop
      vertex 4 2 22.5
      vertex 3.73895 2.01711 24
      vertex 4 2 24
    endloop
  endfacet
  facet normal 0.0654027 0.997859 0
    outer loop
      vertex 3.73895 2.01711 24
      vertex 4 2 22.5
      vertex 3.73895 2.01711 22.5
    endloop
  endfacet
  facet normal 0.896868 0.442299 0
    outer loop
      vertex 2.26795 3 24
      vertex 2.15224 3.23463 22.5
      vertex 2.15224 3.23463 24
    endloop
  endfacet
  facet normal 0.896868 0.442299 0
    outer loop
      vertex 2.15224 3.23463 22.5
      vertex 2.26795 3 24
      vertex 2.26795 3 22.5
    endloop
  endfacet
  facet normal -0.896709 -0.442621 0
    outer loop
      vertex 82.8478 37.7654 22.5
      vertex 82.732 38 24
      vertex 82.732 38 22.5
    endloop
  endfacet
  facet normal -0.896709 -0.442621 0
    outer loop
      vertex 82.732 38 24
      vertex 82.8478 37.7654 22.5
      vertex 82.8478 37.7654 24
    endloop
  endfacet
  facet normal -0.980814 0.194947 0
    outer loop
      vertex 82.9319 3.48236 22.5
      vertex 82.9829 3.73895 24
      vertex 82.9829 3.73895 22.5
    endloop
  endfacet
  facet normal -0.980814 0.194947 0
    outer loop
      vertex 82.9829 3.73895 24
      vertex 82.9319 3.48236 22.5
      vertex 82.9319 3.48236 24
    endloop
  endfacet
  facet normal 0.555564 0.831474 -0
    outer loop
      vertex 3 2.26795 22.5
      vertex 2.78248 2.41329 24
      vertex 3 2.26795 24
    endloop
  endfacet
  facet normal 0.555564 0.831474 0
    outer loop
      vertex 2.78248 2.41329 24
      vertex 3 2.26795 22.5
      vertex 2.78248 2.41329 22.5
    endloop
  endfacet
  facet normal 0.442299 0.896868 -0
    outer loop
      vertex 3.23463 2.15224 22.5
      vertex 3 2.26795 24
      vertex 3.23463 2.15224 24
    endloop
  endfacet
  facet normal 0.442299 0.896868 0
    outer loop
      vertex 3 2.26795 24
      vertex 3.23463 2.15224 22.5
      vertex 3 2.26795 22.5
    endloop
  endfacet
  facet normal -0.997861 0.0653646 0
    outer loop
      vertex 82.9829 3.73895 22.5
      vertex 83 4 24
      vertex 83 4 22.5
    endloop
  endfacet
  facet normal -0.997861 0.0653646 0
    outer loop
      vertex 83 4 24
      vertex 82.9829 3.73895 22.5
      vertex 82.9829 3.73895 24
    endloop
  endfacet
  facet normal -0.946922 0.321463 0
    outer loop
      vertex 82.8478 3.23463 22.5
      vertex 82.9319 3.48236 24
      vertex 82.9319 3.48236 22.5
    endloop
  endfacet
  facet normal -0.946922 0.321463 0
    outer loop
      vertex 82.9319 3.48236 24
      vertex 82.8478 3.23463 22.5
      vertex 82.8478 3.23463 24
    endloop
  endfacet
  facet normal 0 0 1
    outer loop
      vertex 4 6.33246 2
      vertex 3.7729 6.25537 2
      vertex 4 5 2
    endloop
  endfacet
  facet normal 0 0 1
    outer loop
      vertex 5.5 5 2
      vertex 6.4 4.5 2
      vertex 6.38375 4.748 2
    endloop
  endfacet
  facet normal 0 0 1
    outer loop
      vertex 5.5 5 2
      vertex 6.38375 4.748 2
      vertex 6.33526 4.99176 2
    endloop
  endfacet
  facet normal 0 0 1
    outer loop
      vertex 6.4 4.5 2
      vertex 5.5 5 2
      vertex 6.38375 4.252 2
    endloop
  endfacet
  facet normal -0 0 1
    outer loop
      vertex 5.5 5 2
      vertex 6.33526 4.99176 2
      vertex 6.25537 5.2271 2
    endloop
  endfacet
  facet normal 0 0 1
    outer loop
      vertex 6.38375 4.252 2
      vertex 5.5 5 2
      vertex 6.33526 4.00824 2
    endloop
  endfacet
  facet normal 0 0 1
    outer loop
      vertex 5.5 5 2
      vertex 6.25537 5.2271 2
      vertex 6.14545 5.45 2
    endloop
  endfacet
  facet normal 0 0 1
    outer loop
      vertex 6.33526 4.00824 2
      vertex 5.5 5 2
      vertex 6.25537 3.7729 2
    endloop
  endfacet
  facet normal 0 0 1
    outer loop
      vertex 5.5 5 2
      vertex 6.14545 5.45 2
      vertex 6.00737 5.65665 2
    endloop
  endfacet
  facet normal 0 0 1
    outer loop
      vertex 6.25537 3.7729 2
      vertex 5.5 5 2
      vertex 6.14545 3.55 2
    endloop
  endfacet
  facet normal 0 0 1
    outer loop
      vertex 5.5 5 2
      vertex 6.00737 5.65665 2
      vertex 5.8435 5.8435 2
    endloop
  endfacet
  facet normal 0 0 1
    outer loop
      vertex 6.14545 3.55 2
      vertex 5.5 5 2
      vertex 6.00737 3.34335 2
    endloop
  endfacet
  facet normal 0 0 1
    outer loop
      vertex 5.5 5 2
      vertex 5.8435 5.8435 2
      vertex 5.65665 6.00737 2
    endloop
  endfacet
  facet normal 0 0 1
    outer loop
      vertex 6.00737 3.34335 2
      vertex 5.5 5 2
      vertex 5.8435 3.1565 2
    endloop
  endfacet
  facet normal 0 0 1
    outer loop
      vertex 5.5 5 2
      vertex 5.65665 6.00737 2
      vertex 5.5 6.11204 2
    endloop
  endfacet
  facet normal 0 0 1
    outer loop
      vertex 5.8435 3.1565 2
      vertex 5.5 5 2
      vertex 5.65665 2.99263 2
    endloop
  endfacet
  facet normal 0 0 1
    outer loop
      vertex 5.5 5 2
      vertex 5.45 2.85455 2
      vertex 5.65665 2.99263 2
    endloop
  endfacet
  facet normal 0 0 1
    outer loop
      vertex 5.5 5 2
      vertex 5.2271 2.74463 2
      vertex 5.45 2.85455 2
    endloop
  endfacet
  facet normal -0 0 1
    outer loop
      vertex 4 5 2
      vertex 5.2271 2.74463 2
      vertex 5.5 5 2
    endloop
  endfacet
  facet normal 0 0 1
    outer loop
      vertex 5.2271 2.74463 2
      vertex 4 5 2
      vertex 4.99176 2.66474 2
    endloop
  endfacet
  facet normal 0 0 1
    outer loop
      vertex 4.99176 2.66474 2
      vertex 4 5 2
      vertex 4.748 2.61625 2
    endloop
  endfacet
  facet normal 0 0 1
    outer loop
      vertex 4.748 2.61625 2
      vertex 4 5 2
      vertex 4.5 2.6 2
    endloop
  endfacet
  facet normal 0 0 1
    outer loop
      vertex 4.5 2.6 2
      vertex 4 5 2
      vertex 4.252 2.61625 2
    endloop
  endfacet
  facet normal 0 0 1
    outer loop
      vertex 4.252 2.61625 2
      vertex 4 5 2
      vertex 4.00824 2.66474 2
    endloop
  endfacet
  facet normal -0 0 1
    outer loop
      vertex 3.55 6.14545 2
      vertex 4 5 2
      vertex 3.7729 6.25537 2
    endloop
  endfacet
  facet normal 0 0 1
    outer loop
      vertex 4 5 2
      vertex 3.7729 2.74463 2
      vertex 4.00824 2.66474 2
    endloop
  endfacet
  facet normal -0 0 1
    outer loop
      vertex 3.34335 6.00737 2
      vertex 4 5 2
      vertex 3.55 6.14545 2
    endloop
  endfacet
  facet normal 0 0 1
    outer loop
      vertex 4 5 2
      vertex 3.55 2.85455 2
      vertex 3.7729 2.74463 2
    endloop
  endfacet
  facet normal -0 0 1
    outer loop
      vertex 3.1565 5.8435 2
      vertex 4 5 2
      vertex 3.34335 6.00737 2
    endloop
  endfacet
  facet normal 0 0 1
    outer loop
      vertex 4 5 2
      vertex 3.34335 2.99263 2
      vertex 3.55 2.85455 2
    endloop
  endfacet
  facet normal -0 0 1
    outer loop
      vertex 2.99263 5.65665 2
      vertex 4 5 2
      vertex 3.1565 5.8435 2
    endloop
  endfacet
  facet normal 0 0 1
    outer loop
      vertex 4 5 2
      vertex 3.1565 3.1565 2
      vertex 3.34335 2.99263 2
    endloop
  endfacet
  facet normal -0 0 1
    outer loop
      vertex 2.85455 5.45 2
      vertex 4 5 2
      vertex 2.99263 5.65665 2
    endloop
  endfacet
  facet normal 0 0 1
    outer loop
      vertex 4 5 2
      vertex 2.99263 3.34335 2
      vertex 3.1565 3.1565 2
    endloop
  endfacet
  facet normal -0 0 1
    outer loop
      vertex 2.74463 5.2271 2
      vertex 4 5 2
      vertex 2.85455 5.45 2
    endloop
  endfacet
  facet normal 0 0 1
    outer loop
      vertex 4 5 2
      vertex 2.85455 3.55 2
      vertex 2.99263 3.34335 2
    endloop
  endfacet
  facet normal 0 0 1
    outer loop
      vertex 2.66474 4.99176 2
      vertex 4 5 2
      vertex 2.74463 5.2271 2
    endloop
  endfacet
  facet normal 0 0 1
    outer loop
      vertex 4 5 2
      vertex 2.74463 3.7729 2
      vertex 2.85455 3.55 2
    endloop
  endfacet
  facet normal 0 0 1
    outer loop
      vertex 2.61625 4.748 2
      vertex 4 5 2
      vertex 2.66474 4.99176 2
    endloop
  endfacet
  facet normal 0 0 1
    outer loop
      vertex 4 5 2
      vertex 2.66474 4.00824 2
      vertex 2.74463 3.7729 2
    endloop
  endfacet
  facet normal 0 0 1
    outer loop
      vertex 2.6 4.5 2
      vertex 4 5 2
      vertex 2.61625 4.748 2
    endloop
  endfacet
  facet normal 0 0 1
    outer loop
      vertex 4 5 2
      vertex 2.61625 4.252 2
      vertex 2.66474 4.00824 2
    endloop
  endfacet
  facet normal 0 0 1
    outer loop
      vertex 4 5 2
      vertex 2.6 4.5 2
      vertex 2.61625 4.252 2
    endloop
  endfacet
  facet normal 0 0 1
    outer loop
      vertex 7.73358 35.1606 2
      vertex 57 39 2
      vertex 7.88074 35.5941 2
    endloop
  endfacet
  facet normal 0 0 1
    outer loop
      vertex 57 5 2
      vertex 7.97006 4.95684 2
      vertex 8 4.5 2
    endloop
  endfacet
  facet normal 0 0 1
    outer loop
      vertex 57 39 2
      vertex 7.73358 35.1606 2
      vertex 57 5 2
    endloop
  endfacet
  facet normal 0 0 1
    outer loop
      vertex 57 5 2
      vertex 7.88074 5.40587 2
      vertex 7.97006 4.95684 2
    endloop
  endfacet
  facet normal -0 0 1
    outer loop
      vertex 7.53109 34.75 2
      vertex 57 5 2
      vertex 7.73358 35.1606 2
    endloop
  endfacet
  facet normal 0 0 1
    outer loop
      vertex 57 5 2
      vertex 7.73358 5.83939 2
      vertex 7.88074 5.40587 2
    endloop
  endfacet
  facet normal -0 0 1
    outer loop
      vertex 7.53109 6.25 2
      vertex 57 5 2
      vertex 7.53109 34.75 2
    endloop
  endfacet
  facet normal 0 0 1
    outer loop
      vertex 57 5 2
      vertex 7.53109 6.25 2
      vertex 7.73358 5.83939 2
    endloop
  endfacet
  facet normal -0 0 1
    outer loop
      vertex 7.27674 34.3693 2
      vertex 7.53109 6.25 2
      vertex 7.53109 34.75 2
    endloop
  endfacet
  facet normal 0 0 1
    outer loop
      vertex 7.27674 34.3693 2
      vertex 7.27674 6.63066 2
      vertex 7.53109 6.25 2
    endloop
  endfacet
  facet normal -0 0 1
    outer loop
      vertex 6.97487 34.0251 2
      vertex 7.27674 6.63066 2
      vertex 7.27674 34.3693 2
    endloop
  endfacet
  facet normal 0 0 1
    outer loop
      vertex 6.97487 34.0251 2
      vertex 6.97487 6.97487 2
      vertex 7.27674 6.63066 2
    endloop
  endfacet
  facet normal -0 0 1
    outer loop
      vertex 6.63066 33.7233 2
      vertex 6.97487 6.97487 2
      vertex 6.97487 34.0251 2
    endloop
  endfacet
  facet normal 0 0 1
    outer loop
      vertex 6.63066 33.7233 2
      vertex 6.63066 7.27674 2
      vertex 6.97487 6.97487 2
    endloop
  endfacet
  facet normal -0 0 1
    outer loop
      vertex 6.25 33.4689 2
      vertex 6.63066 7.27674 2
      vertex 6.63066 33.7233 2
    endloop
  endfacet
  facet normal 0 0 1
    outer loop
      vertex 6.25 33.4689 2
      vertex 6.25 7.53109 2
      vertex 6.63066 7.27674 2
    endloop
  endfacet
  facet normal -0 0 1
    outer loop
      vertex 5.83939 33.2664 2
      vertex 6.25 7.53109 2
      vertex 6.25 33.4689 2
    endloop
  endfacet
  facet normal 0 0 1
    outer loop
      vertex 5.83939 33.2664 2
      vertex 5.83939 7.73358 2
      vertex 6.25 7.53109 2
    endloop
  endfacet
  facet normal -0 0 1
    outer loop
      vertex 5.5 33.1512 2
      vertex 5.83939 7.73358 2
      vertex 5.83939 33.2664 2
    endloop
  endfacet
  facet normal 0 0 1
    outer loop
      vertex 5.83939 7.73358 2
      vertex 5.5 33.1512 2
      vertex 5.5 7.84879 2
    endloop
  endfacet
  facet normal 0 0 1
    outer loop
      vertex 7.97006 36.0432 2
      vertex 57 39 2
      vertex 8 36.5 2
    endloop
  endfacet
  facet normal 0 0 1
    outer loop
      vertex 57 39 2
      vertex 7.97006 36.9568 2
      vertex 8 36.5 2
    endloop
  endfacet
  facet normal 0 0 1
    outer loop
      vertex 57 39 2
      vertex 7.88074 37.4059 2
      vertex 7.97006 36.9568 2
    endloop
  endfacet
  facet normal 0 0 1
    outer loop
      vertex 57 39 2
      vertex 7.73358 37.8394 2
      vertex 7.88074 37.4059 2
    endloop
  endfacet
  facet normal 0 0 1
    outer loop
      vertex 57 39 2
      vertex 7.53109 38.25 2
      vertex 7.73358 37.8394 2
    endloop
  endfacet
  facet normal 0 0 1
    outer loop
      vertex 57 39 2
      vertex 7.27674 38.6307 2
      vertex 7.53109 38.25 2
    endloop
  endfacet
  facet normal 0 0 1
    outer loop
      vertex 57 39 2
      vertex 6.97487 38.9749 2
      vertex 7.27674 38.6307 2
    endloop
  endfacet
  facet normal 0 -0 1
    outer loop
      vertex 6.97487 38.9749 2
      vertex 57 39 2
      vertex 6.94622 39 2
    endloop
  endfacet
  facet normal 0 0 1
    outer loop
      vertex 77.1193 5.40587 2
      vertex 58.5 5 2
      vertex 77.0299 4.95684 2
    endloop
  endfacet
  facet normal 0 0 1
    outer loop
      vertex 77.0299 36.9568 2
      vertex 58.5 39 2
      vertex 77 36.5 2
    endloop
  endfacet
  facet normal 0 0 1
    outer loop
      vertex 77.1193 37.4059 2
      vertex 58.5 39 2
      vertex 77.0299 36.9568 2
    endloop
  endfacet
  facet normal 0 0 1
    outer loop
      vertex 77.2664 37.8394 2
      vertex 58.5 39 2
      vertex 77.1193 37.4059 2
    endloop
  endfacet
  facet normal 0 0 1
    outer loop
      vertex 77.4689 38.25 2
      vertex 58.5 39 2
      vertex 77.2664 37.8394 2
    endloop
  endfacet
  facet normal 0 0 1
    outer loop
      vertex 77.7233 38.6307 2
      vertex 58.5 39 2
      vertex 77.4689 38.25 2
    endloop
  endfacet
  facet normal 0 0 1
    outer loop
      vertex 78.0251 38.9749 2
      vertex 58.5 39 2
      vertex 77.7233 38.6307 2
    endloop
  endfacet
  facet normal -0 0 1
    outer loop
      vertex 58.5 39 2
      vertex 78.0251 38.9749 2
      vertex 78.0538 39 2
    endloop
  endfacet
  facet normal -0 0 1
    outer loop
      vertex 82.9749 34.0251 2
      vertex 83 6.94622 2
      vertex 83 34.0538 2
    endloop
  endfacet
  facet normal 0 0 1
    outer loop
      vertex 82.9749 34.0251 2
      vertex 82.9749 6.97487 2
      vertex 83 6.94622 2
    endloop
  endfacet
  facet normal -0 0 1
    outer loop
      vertex 82.6307 33.7233 2
      vertex 82.9749 6.97487 2
      vertex 82.9749 34.0251 2
    endloop
  endfacet
  facet normal 0 0 1
    outer loop
      vertex 82.6307 33.7233 2
      vertex 82.6307 7.27674 2
      vertex 82.9749 6.97487 2
    endloop
  endfacet
  facet normal -0 0 1
    outer loop
      vertex 82.25 33.4689 2
      vertex 82.6307 7.27674 2
      vertex 82.6307 33.7233 2
    endloop
  endfacet
  facet normal 0 0 1
    outer loop
      vertex 82.25 33.4689 2
      vertex 82.25 7.53109 2
      vertex 82.6307 7.27674 2
    endloop
  endfacet
  facet normal -0 0 1
    outer loop
      vertex 81.8394 33.2664 2
      vertex 82.25 7.53109 2
      vertex 82.25 33.4689 2
    endloop
  endfacet
  facet normal 0 0 1
    outer loop
      vertex 81.8394 33.2664 2
      vertex 81.8394 7.73358 2
      vertex 82.25 7.53109 2
    endloop
  endfacet
  facet normal -0 0 1
    outer loop
      vertex 81.4059 33.1193 2
      vertex 81.8394 7.73358 2
      vertex 81.8394 33.2664 2
    endloop
  endfacet
  facet normal 0 0 1
    outer loop
      vertex 81.4059 33.1193 2
      vertex 81.4059 7.88074 2
      vertex 81.8394 7.73358 2
    endloop
  endfacet
  facet normal -0 0 1
    outer loop
      vertex 80.9568 33.0299 2
      vertex 81.4059 7.88074 2
      vertex 81.4059 33.1193 2
    endloop
  endfacet
  facet normal 0 0 1
    outer loop
      vertex 80.9568 33.0299 2
      vertex 80.9568 7.97006 2
      vertex 81.4059 7.88074 2
    endloop
  endfacet
  facet normal -0 0 1
    outer loop
      vertex 80.5 33 2
      vertex 80.9568 7.97006 2
      vertex 80.9568 33.0299 2
    endloop
  endfacet
  facet normal 0 0 1
    outer loop
      vertex 80.5 33 2
      vertex 80.5 8 2
      vertex 80.9568 7.97006 2
    endloop
  endfacet
  facet normal 0 0 1
    outer loop
      vertex 80.0432 33.0299 2
      vertex 80.5 8 2
      vertex 80.5 33 2
    endloop
  endfacet
  facet normal 0 0 1
    outer loop
      vertex 80.0432 33.0299 2
      vertex 80.0432 7.97006 2
      vertex 80.5 8 2
    endloop
  endfacet
  facet normal 0 0 1
    outer loop
      vertex 79.5941 33.1193 2
      vertex 80.0432 7.97006 2
      vertex 80.0432 33.0299 2
    endloop
  endfacet
  facet normal 0 0 1
    outer loop
      vertex 79.5941 33.1193 2
      vertex 79.5941 7.88074 2
      vertex 80.0432 7.97006 2
    endloop
  endfacet
  facet normal 0 0 1
    outer loop
      vertex 79.1606 33.2664 2
      vertex 79.5941 7.88074 2
      vertex 79.5941 33.1193 2
    endloop
  endfacet
  facet normal 0 0 1
    outer loop
      vertex 79.1606 33.2664 2
      vertex 79.1606 7.73358 2
      vertex 79.5941 7.88074 2
    endloop
  endfacet
  facet normal 0 0 1
    outer loop
      vertex 78.75 33.4689 2
      vertex 79.1606 7.73358 2
      vertex 79.1606 33.2664 2
    endloop
  endfacet
  facet normal 0 0 1
    outer loop
      vertex 78.75 33.4689 2
      vertex 78.75 7.53109 2
      vertex 79.1606 7.73358 2
    endloop
  endfacet
  facet normal 0 0 1
    outer loop
      vertex 78.3693 33.7233 2
      vertex 78.75 7.53109 2
      vertex 78.75 33.4689 2
    endloop
  endfacet
  facet normal 0 0 1
    outer loop
      vertex 78.3693 33.7233 2
      vertex 78.3693 7.27674 2
      vertex 78.75 7.53109 2
    endloop
  endfacet
  facet normal 0 0 1
    outer loop
      vertex 58.5 5 2
      vertex 78.3693 33.7233 2
      vertex 78.0251 34.0251 2
    endloop
  endfacet
  facet normal 0 0 1
    outer loop
      vertex 78.3693 33.7233 2
      vertex 58.5 5 2
      vertex 78.3693 7.27674 2
    endloop
  endfacet
  facet normal 0 0 1
    outer loop
      vertex 58.5 39 2
      vertex 78.0251 34.0251 2
      vertex 77.7233 34.3693 2
    endloop
  endfacet
  facet normal 0 0 1
    outer loop
      vertex 58.5 5 2
      vertex 78.0251 34.0251 2
      vertex 58.5 39 2
    endloop
  endfacet
  facet normal 0 0 1
    outer loop
      vertex 58.5 39 2
      vertex 77.7233 34.3693 2
      vertex 77.4689 34.75 2
    endloop
  endfacet
  facet normal 0 0 1
    outer loop
      vertex 78.3693 7.27674 2
      vertex 58.5 5 2
      vertex 78.0251 6.97487 2
    endloop
  endfacet
  facet normal 0 0 1
    outer loop
      vertex 58.5 39 2
      vertex 77.4689 34.75 2
      vertex 77.2664 35.1606 2
    endloop
  endfacet
  facet normal 0 0 1
    outer loop
      vertex 78.0251 6.97487 2
      vertex 58.5 5 2
      vertex 77.7233 6.63066 2
    endloop
  endfacet
  facet normal 0 0 1
    outer loop
      vertex 58.5 39 2
      vertex 77.2664 35.1606 2
      vertex 77.1193 35.5941 2
    endloop
  endfacet
  facet normal 0 0 1
    outer loop
      vertex 77.7233 6.63066 2
      vertex 58.5 5 2
      vertex 77.4689 6.25 2
    endloop
  endfacet
  facet normal 0 0 1
    outer loop
      vertex 58.5 39 2
      vertex 77.1193 35.5941 2
      vertex 77.0299 36.0432 2
    endloop
  endfacet
  facet normal 0 0 1
    outer loop
      vertex 77.4689 6.25 2
      vertex 58.5 5 2
      vertex 77.2664 5.83939 2
    endloop
  endfacet
  facet normal 0 0 1
    outer loop
      vertex 58.5 39 2
      vertex 77.0299 36.0432 2
      vertex 77 36.5 2
    endloop
  endfacet
  facet normal 0 0 1
    outer loop
      vertex 77.2664 5.83939 2
      vertex 58.5 5 2
      vertex 77.1193 5.40587 2
    endloop
  endfacet
  facet normal 0 0 1
    outer loop
      vertex 77.0299 4.95684 2
      vertex 58.5 5 2
      vertex 77 4.5 2
    endloop
  endfacet
  facet normal 0 0 1
    outer loop
      vertex 77 4.5 2
      vertex 58.5 5 2
      vertex 77.0299 4.04316 2
    endloop
  endfacet
  facet normal 0 0 1
    outer loop
      vertex 77.0299 4.04316 2
      vertex 58.5 5 2
      vertex 77.1193 3.59413 2
    endloop
  endfacet
  facet normal 0 0 1
    outer loop
      vertex 77.1193 3.59413 2
      vertex 58.5 5 2
      vertex 77.2664 3.16061 2
    endloop
  endfacet
  facet normal 0 0 1
    outer loop
      vertex 77.2664 3.16061 2
      vertex 58.5 5 2
      vertex 77.4689 2.75 2
    endloop
  endfacet
  facet normal 0 0 1
    outer loop
      vertex 58.5 5 2
      vertex 77.7233 2.36934 2
      vertex 77.4689 2.75 2
    endloop
  endfacet
  facet normal 0 0 1
    outer loop
      vertex 58.5 5 2
      vertex 78.0251 2.02513 2
      vertex 77.7233 2.36934 2
    endloop
  endfacet
  facet normal 0 0 1
    outer loop
      vertex 58.5 5 2
      vertex 78.0538 2 2
      vertex 78.0251 2.02513 2
    endloop
  endfacet
  facet normal -0 0 1
    outer loop
      vertex 57 5 2
      vertex 78.0538 2 2
      vertex 58.5 5 2
    endloop
  endfacet
  facet normal 0 0 1
    outer loop
      vertex 7.88074 35.5941 2
      vertex 57 39 2
      vertex 7.97006 36.0432 2
    endloop
  endfacet
  facet normal 0 0 1
    outer loop
      vertex 7.97006 4.04316 2
      vertex 57 5 2
      vertex 8 4.5 2
    endloop
  endfacet
  facet normal 0 0 1
    outer loop
      vertex 7.88074 3.59413 2
      vertex 57 5 2
      vertex 7.97006 4.04316 2
    endloop
  endfacet
  facet normal 0 0 1
    outer loop
      vertex 7.73358 3.16061 2
      vertex 57 5 2
      vertex 7.88074 3.59413 2
    endloop
  endfacet
  facet normal 0 0 1
    outer loop
      vertex 7.53109 2.75 2
      vertex 57 5 2
      vertex 7.73358 3.16061 2
    endloop
  endfacet
  facet normal 0 0 1
    outer loop
      vertex 7.27674 2.36934 2
      vertex 57 5 2
      vertex 7.53109 2.75 2
    endloop
  endfacet
  facet normal 0 0 1
    outer loop
      vertex 6.97487 2.02513 2
      vertex 57 5 2
      vertex 7.27674 2.36934 2
    endloop
  endfacet
  facet normal 0 0 1
    outer loop
      vertex 6.94622 2 2
      vertex 57 5 2
      vertex 6.97487 2.02513 2
    endloop
  endfacet
  facet normal 0 0 1
    outer loop
      vertex 57 5 2
      vertex 6.94622 2 2
      vertex 78.0538 2 2
    endloop
  endfacet
  facet normal 0 0 1
    outer loop
      vertex 3.59413 33.1193 2
      vertex 4 7.96147 2
      vertex 4 33.0385 2
    endloop
  endfacet
  facet normal 0 0 1
    outer loop
      vertex 3.59413 33.1193 2
      vertex 3.59413 7.88074 2
      vertex 4 7.96147 2
    endloop
  endfacet
  facet normal 0 0 1
    outer loop
      vertex 3.16061 33.2664 2
      vertex 3.59413 7.88074 2
      vertex 3.59413 33.1193 2
    endloop
  endfacet
  facet normal 0 0 1
    outer loop
      vertex 3.16061 33.2664 2
      vertex 3.16061 7.73358 2
      vertex 3.59413 7.88074 2
    endloop
  endfacet
  facet normal 0 0 1
    outer loop
      vertex 2.75 33.4689 2
      vertex 3.16061 7.73358 2
      vertex 3.16061 33.2664 2
    endloop
  endfacet
  facet normal 0 0 1
    outer loop
      vertex 2.75 33.4689 2
      vertex 2.75 7.53109 2
      vertex 3.16061 7.73358 2
    endloop
  endfacet
  facet normal 0 0 1
    outer loop
      vertex 2.36934 33.7233 2
      vertex 2.75 7.53109 2
      vertex 2.75 33.4689 2
    endloop
  endfacet
  facet normal 0 0 1
    outer loop
      vertex 2.36934 33.7233 2
      vertex 2.36934 7.27674 2
      vertex 2.75 7.53109 2
    endloop
  endfacet
  facet normal 0 0 1
    outer loop
      vertex 2.02513 34.0251 2
      vertex 2.36934 7.27674 2
      vertex 2.36934 33.7233 2
    endloop
  endfacet
  facet normal 0 0 1
    outer loop
      vertex 2.02513 34.0251 2
      vertex 2.02513 6.97487 2
      vertex 2.36934 7.27674 2
    endloop
  endfacet
  facet normal 0 0 1
    outer loop
      vertex 2 34.0538 2
      vertex 2.02513 6.97487 2
      vertex 2.02513 34.0251 2
    endloop
  endfacet
  facet normal 0 0 1
    outer loop
      vertex 2.02513 6.97487 2
      vertex 2 34.0538 2
      vertex 2 6.94622 2
    endloop
  endfacet
  facet normal -0 0 1
    outer loop
      vertex 3.7729 38.2554 2
      vertex 4 34.6675 2
      vertex 4 38.3325 2
    endloop
  endfacet
  facet normal 0 0 1
    outer loop
      vertex 3.7729 38.2554 2
      vertex 3.7729 34.7446 2
      vertex 4 34.6675 2
    endloop
  endfacet
  facet normal -0 0 1
    outer loop
      vertex 3.55 38.1454 2
      vertex 3.7729 34.7446 2
      vertex 3.7729 38.2554 2
    endloop
  endfacet
  facet normal 0 0 1
    outer loop
      vertex 3.55 38.1454 2
      vertex 3.55 34.8546 2
      vertex 3.7729 34.7446 2
    endloop
  endfacet
  facet normal -0 0 1
    outer loop
      vertex 3.34335 38.0074 2
      vertex 3.55 34.8546 2
      vertex 3.55 38.1454 2
    endloop
  endfacet
  facet normal 0 0 1
    outer loop
      vertex 3.34335 38.0074 2
      vertex 3.34335 34.9926 2
      vertex 3.55 34.8546 2
    endloop
  endfacet
  facet normal -0 0 1
    outer loop
      vertex 3.1565 37.8435 2
      vertex 3.34335 34.9926 2
      vertex 3.34335 38.0074 2
    endloop
  endfacet
  facet normal 0 0 1
    outer loop
      vertex 3.1565 37.8435 2
      vertex 3.1565 35.1565 2
      vertex 3.34335 34.9926 2
    endloop
  endfacet
  facet normal -0 0 1
    outer loop
      vertex 2.99263 37.6566 2
      vertex 3.1565 35.1565 2
      vertex 3.1565 37.8435 2
    endloop
  endfacet
  facet normal 0 0 1
    outer loop
      vertex 2.99263 37.6566 2
      vertex 2.99263 35.3434 2
      vertex 3.1565 35.1565 2
    endloop
  endfacet
  facet normal -0 0 1
    outer loop
      vertex 2.85455 37.45 2
      vertex 2.99263 35.3434 2
      vertex 2.99263 37.6566 2
    endloop
  endfacet
  facet normal 0 0 1
    outer loop
      vertex 2.85455 37.45 2
      vertex 2.85455 35.55 2
      vertex 2.99263 35.3434 2
    endloop
  endfacet
  facet normal -0 0 1
    outer loop
      vertex 2.74463 37.2271 2
      vertex 2.85455 35.55 2
      vertex 2.85455 37.45 2
    endloop
  endfacet
  facet normal 0 0 1
    outer loop
      vertex 2.74463 37.2271 2
      vertex 2.74463 35.7729 2
      vertex 2.85455 35.55 2
    endloop
  endfacet
  facet normal -0 0 1
    outer loop
      vertex 2.66474 36.9918 2
      vertex 2.74463 35.7729 2
      vertex 2.74463 37.2271 2
    endloop
  endfacet
  facet normal 0 0 1
    outer loop
      vertex 2.66474 36.9918 2
      vertex 2.66474 36.0082 2
      vertex 2.74463 35.7729 2
    endloop
  endfacet
  facet normal -0 0 1
    outer loop
      vertex 2.61625 36.748 2
      vertex 2.66474 36.0082 2
      vertex 2.66474 36.9918 2
    endloop
  endfacet
  facet normal 0 0 1
    outer loop
      vertex 2.61625 36.748 2
      vertex 2.61625 36.252 2
      vertex 2.66474 36.0082 2
    endloop
  endfacet
  facet normal 0 -0 1
    outer loop
      vertex 2.61625 36.252 2
      vertex 2.61625 36.748 2
      vertex 2.6 36.5 2
    endloop
  endfacet
  facet normal 0 0 1
    outer loop
      vertex 6.38375 36.748 2
      vertex 6.38375 36.252 2
      vertex 6.4 36.5 2
    endloop
  endfacet
  facet normal 0 0 1
    outer loop
      vertex 6.33526 36.9918 2
      vertex 6.38375 36.252 2
      vertex 6.38375 36.748 2
    endloop
  endfacet
  facet normal 0 0 1
    outer loop
      vertex 6.33526 36.9918 2
      vertex 6.33526 36.0082 2
      vertex 6.38375 36.252 2
    endloop
  endfacet
  facet normal 0 0 1
    outer loop
      vertex 6.25537 37.2271 2
      vertex 6.33526 36.0082 2
      vertex 6.33526 36.9918 2
    endloop
  endfacet
  facet normal 0 0 1
    outer loop
      vertex 6.25537 37.2271 2
      vertex 6.25537 35.7729 2
      vertex 6.33526 36.0082 2
    endloop
  endfacet
  facet normal 0 0 1
    outer loop
      vertex 6.14545 37.45 2
      vertex 6.25537 35.7729 2
      vertex 6.25537 37.2271 2
    endloop
  endfacet
  facet normal 0 0 1
    outer loop
      vertex 6.14545 37.45 2
      vertex 6.14545 35.55 2
      vertex 6.25537 35.7729 2
    endloop
  endfacet
  facet normal 0 0 1
    outer loop
      vertex 6.00737 37.6566 2
      vertex 6.14545 35.55 2
      vertex 6.14545 37.45 2
    endloop
  endfacet
  facet normal 0 0 1
    outer loop
      vertex 6.00737 37.6566 2
      vertex 6.00737 35.3434 2
      vertex 6.14545 35.55 2
    endloop
  endfacet
  facet normal 0 0 1
    outer loop
      vertex 5.8435 37.8435 2
      vertex 6.00737 35.3434 2
      vertex 6.00737 37.6566 2
    endloop
  endfacet
  facet normal 0 0 1
    outer loop
      vertex 5.8435 37.8435 2
      vertex 5.8435 35.1565 2
      vertex 6.00737 35.3434 2
    endloop
  endfacet
  facet normal 0 0 1
    outer loop
      vertex 5.5 38.112 2
      vertex 5.8435 37.8435 2
      vertex 5.65665 38.0074 2
    endloop
  endfacet
  facet normal 0 0 1
    outer loop
      vertex 5.8435 37.8435 2
      vertex 5.5 38.112 2
      vertex 5.8435 35.1565 2
    endloop
  endfacet
  facet normal 0 0 1
    outer loop
      vertex 5.5 34.888 2
      vertex 5.8435 35.1565 2
      vertex 5.5 38.112 2
    endloop
  endfacet
  facet normal 0 0 1
    outer loop
      vertex 5.8435 35.1565 2
      vertex 5.5 34.888 2
      vertex 5.65665 34.9926 2
    endloop
  endfacet
  facet normal 0 0 1
    outer loop
      vertex 82.3837 4.748 2
      vertex 82.3837 4.252 2
      vertex 82.4 4.5 2
    endloop
  endfacet
  facet normal 0 0 1
    outer loop
      vertex 82.3353 4.99176 2
      vertex 82.3837 4.252 2
      vertex 82.3837 4.748 2
    endloop
  endfacet
  facet normal 0 0 1
    outer loop
      vertex 82.3353 4.99176 2
      vertex 82.3353 4.00824 2
      vertex 82.3837 4.252 2
    endloop
  endfacet
  facet normal 0 0 1
    outer loop
      vertex 82.2554 5.2271 2
      vertex 82.3353 4.00824 2
      vertex 82.3353 4.99176 2
    endloop
  endfacet
  facet normal 0 0 1
    outer loop
      vertex 82.2554 5.2271 2
      vertex 82.2554 3.7729 2
      vertex 82.3353 4.00824 2
    endloop
  endfacet
  facet normal 0 0 1
    outer loop
      vertex 82.1454 5.45 2
      vertex 82.2554 3.7729 2
      vertex 82.2554 5.2271 2
    endloop
  endfacet
  facet normal 0 0 1
    outer loop
      vertex 82.1454 5.45 2
      vertex 82.1454 3.55 2
      vertex 82.2554 3.7729 2
    endloop
  endfacet
  facet normal 0 0 1
    outer loop
      vertex 82.0074 5.65665 2
      vertex 82.1454 3.55 2
      vertex 82.1454 5.45 2
    endloop
  endfacet
  facet normal 0 0 1
    outer loop
      vertex 82.0074 5.65665 2
      vertex 82.0074 3.34335 2
      vertex 82.1454 3.55 2
    endloop
  endfacet
  facet normal 0 0 1
    outer loop
      vertex 81.8435 5.8435 2
      vertex 82.0074 3.34335 2
      vertex 82.0074 5.65665 2
    endloop
  endfacet
  facet normal 0 0 1
    outer loop
      vertex 81.8435 5.8435 2
      vertex 81.8435 3.1565 2
      vertex 82.0074 3.34335 2
    endloop
  endfacet
  facet normal 0 0 1
    outer loop
      vertex 81.6566 6.00737 2
      vertex 81.8435 3.1565 2
      vertex 81.8435 5.8435 2
    endloop
  endfacet
  facet normal 0 0 1
    outer loop
      vertex 81.6566 6.00737 2
      vertex 81.6566 2.99263 2
      vertex 81.8435 3.1565 2
    endloop
  endfacet
  facet normal 0 0 1
    outer loop
      vertex 81.45 6.14545 2
      vertex 81.6566 2.99263 2
      vertex 81.6566 6.00737 2
    endloop
  endfacet
  facet normal 0 0 1
    outer loop
      vertex 81.45 6.14545 2
      vertex 81.45 2.85455 2
      vertex 81.6566 2.99263 2
    endloop
  endfacet
  facet normal 0 0 1
    outer loop
      vertex 81.2271 6.25537 2
      vertex 81.45 2.85455 2
      vertex 81.45 6.14545 2
    endloop
  endfacet
  facet normal 0 0 1
    outer loop
      vertex 81.2271 6.25537 2
      vertex 81.2271 2.74463 2
      vertex 81.45 2.85455 2
    endloop
  endfacet
  facet normal 0 0 1
    outer loop
      vertex 80.9918 6.33526 2
      vertex 81.2271 2.74463 2
      vertex 81.2271 6.25537 2
    endloop
  endfacet
  facet normal 0 0 1
    outer loop
      vertex 80.9918 6.33526 2
      vertex 80.9918 2.66474 2
      vertex 81.2271 2.74463 2
    endloop
  endfacet
  facet normal 0 0 1
    outer loop
      vertex 80.748 6.38375 2
      vertex 80.9918 2.66474 2
      vertex 80.9918 6.33526 2
    endloop
  endfacet
  facet normal 0 0 1
    outer loop
      vertex 80.748 6.38375 2
      vertex 80.748 2.61625 2
      vertex 80.9918 2.66474 2
    endloop
  endfacet
  facet normal 0 0 1
    outer loop
      vertex 80.5 6.4 2
      vertex 80.748 2.61625 2
      vertex 80.748 6.38375 2
    endloop
  endfacet
  facet normal 0 0 1
    outer loop
      vertex 80.5 6.4 2
      vertex 80.5 2.6 2
      vertex 80.748 2.61625 2
    endloop
  endfacet
  facet normal -0 0 1
    outer loop
      vertex 80.252 6.38375 2
      vertex 80.5 2.6 2
      vertex 80.5 6.4 2
    endloop
  endfacet
  facet normal 0 0 1
    outer loop
      vertex 80.252 6.38375 2
      vertex 80.252 2.61625 2
      vertex 80.5 2.6 2
    endloop
  endfacet
  facet normal -0 0 1
    outer loop
      vertex 80.0082 6.33526 2
      vertex 80.252 2.61625 2
      vertex 80.252 6.38375 2
    endloop
  endfacet
  facet normal 0 0 1
    outer loop
      vertex 80.0082 6.33526 2
      vertex 80.0082 2.66474 2
      vertex 80.252 2.61625 2
    endloop
  endfacet
  facet normal -0 0 1
    outer loop
      vertex 79.7729 6.25537 2
      vertex 80.0082 2.66474 2
      vertex 80.0082 6.33526 2
    endloop
  endfacet
  facet normal 0 0 1
    outer loop
      vertex 79.7729 6.25537 2
      vertex 79.7729 2.74463 2
      vertex 80.0082 2.66474 2
    endloop
  endfacet
  facet normal -0 0 1
    outer loop
      vertex 79.55 6.14545 2
      vertex 79.7729 2.74463 2
      vertex 79.7729 6.25537 2
    endloop
  endfacet
  facet normal 0 0 1
    outer loop
      vertex 79.55 6.14545 2
      vertex 79.55 2.85455 2
      vertex 79.7729 2.74463 2
    endloop
  endfacet
  facet normal -0 0 1
    outer loop
      vertex 79.3434 6.00737 2
      vertex 79.55 2.85455 2
      vertex 79.55 6.14545 2
    endloop
  endfacet
  facet normal 0 0 1
    outer loop
      vertex 79.3434 6.00737 2
      vertex 79.3434 2.99263 2
      vertex 79.55 2.85455 2
    endloop
  endfacet
  facet normal -0 0 1
    outer loop
      vertex 79.1565 5.8435 2
      vertex 79.3434 2.99263 2
      vertex 79.3434 6.00737 2
    endloop
  endfacet
  facet normal 0 0 1
    outer loop
      vertex 79.1565 5.8435 2
      vertex 79.1565 3.1565 2
      vertex 79.3434 2.99263 2
    endloop
  endfacet
  facet normal -0 0 1
    outer loop
      vertex 78.9926 5.65665 2
      vertex 79.1565 3.1565 2
      vertex 79.1565 5.8435 2
    endloop
  endfacet
  facet normal 0 0 1
    outer loop
      vertex 78.9926 5.65665 2
      vertex 78.9926 3.34335 2
      vertex 79.1565 3.1565 2
    endloop
  endfacet
  facet normal -0 0 1
    outer loop
      vertex 78.8546 5.45 2
      vertex 78.9926 3.34335 2
      vertex 78.9926 5.65665 2
    endloop
  endfacet
  facet normal 0 0 1
    outer loop
      vertex 78.8546 5.45 2
      vertex 78.8546 3.55 2
      vertex 78.9926 3.34335 2
    endloop
  endfacet
  facet normal -0 0 1
    outer loop
      vertex 78.7446 5.2271 2
      vertex 78.8546 3.55 2
      vertex 78.8546 5.45 2
    endloop
  endfacet
  facet normal 0 0 1
    outer loop
      vertex 78.7446 5.2271 2
      vertex 78.7446 3.7729 2
      vertex 78.8546 3.55 2
    endloop
  endfacet
  facet normal -0 0 1
    outer loop
      vertex 78.6647 4.99176 2
      vertex 78.7446 3.7729 2
      vertex 78.7446 5.2271 2
    endloop
  endfacet
  facet normal 0 0 1
    outer loop
      vertex 78.6647 4.99176 2
      vertex 78.6647 4.00824 2
      vertex 78.7446 3.7729 2
    endloop
  endfacet
  facet normal -0 0 1
    outer loop
      vertex 78.6163 4.748 2
      vertex 78.6647 4.00824 2
      vertex 78.6647 4.99176 2
    endloop
  endfacet
  facet normal 0 0 1
    outer loop
      vertex 78.6163 4.748 2
      vertex 78.6163 4.252 2
      vertex 78.6647 4.00824 2
    endloop
  endfacet
  facet normal 0 -0 1
    outer loop
      vertex 78.6163 4.252 2
      vertex 78.6163 4.748 2
      vertex 78.6 4.5 2
    endloop
  endfacet
  facet normal 0 0 1
    outer loop
      vertex 82.3837 36.748 2
      vertex 82.3837 36.252 2
      vertex 82.4 36.5 2
    endloop
  endfacet
  facet normal 0 0 1
    outer loop
      vertex 82.3353 36.9918 2
      vertex 82.3837 36.252 2
      vertex 82.3837 36.748 2
    endloop
  endfacet
  facet normal 0 0 1
    outer loop
      vertex 82.3353 36.9918 2
      vertex 82.3353 36.0082 2
      vertex 82.3837 36.252 2
    endloop
  endfacet
  facet normal 0 0 1
    outer loop
      vertex 82.2554 37.2271 2
      vertex 82.3353 36.0082 2
      vertex 82.3353 36.9918 2
    endloop
  endfacet
  facet normal 0 0 1
    outer loop
      vertex 82.2554 37.2271 2
      vertex 82.2554 35.7729 2
      vertex 82.3353 36.0082 2
    endloop
  endfacet
  facet normal 0 0 1
    outer loop
      vertex 82.1454 37.45 2
      vertex 82.2554 35.7729 2
      vertex 82.2554 37.2271 2
    endloop
  endfacet
  facet normal 0 0 1
    outer loop
      vertex 82.1454 37.45 2
      vertex 82.1454 35.55 2
      vertex 82.2554 35.7729 2
    endloop
  endfacet
  facet normal 0 0 1
    outer loop
      vertex 82.0074 37.6566 2
      vertex 82.1454 35.55 2
      vertex 82.1454 37.45 2
    endloop
  endfacet
  facet normal 0 0 1
    outer loop
      vertex 82.0074 37.6566 2
      vertex 82.0074 35.3434 2
      vertex 82.1454 35.55 2
    endloop
  endfacet
  facet normal 0 0 1
    outer loop
      vertex 81.8435 37.8435 2
      vertex 82.0074 35.3434 2
      vertex 82.0074 37.6566 2
    endloop
  endfacet
  facet normal 0 0 1
    outer loop
      vertex 81.8435 37.8435 2
      vertex 81.8435 35.1565 2
      vertex 82.0074 35.3434 2
    endloop
  endfacet
  facet normal 0 0 1
    outer loop
      vertex 81.6566 38.0074 2
      vertex 81.8435 35.1565 2
      vertex 81.8435 37.8435 2
    endloop
  endfacet
  facet normal 0 0 1
    outer loop
      vertex 81.6566 38.0074 2
      vertex 81.6566 34.9926 2
      vertex 81.8435 35.1565 2
    endloop
  endfacet
  facet normal 0 0 1
    outer loop
      vertex 81.45 38.1454 2
      vertex 81.6566 34.9926 2
      vertex 81.6566 38.0074 2
    endloop
  endfacet
  facet normal 0 0 1
    outer loop
      vertex 81.45 38.1454 2
      vertex 81.45 34.8546 2
      vertex 81.6566 34.9926 2
    endloop
  endfacet
  facet normal 0 0 1
    outer loop
      vertex 81.2271 38.2554 2
      vertex 81.45 34.8546 2
      vertex 81.45 38.1454 2
    endloop
  endfacet
  facet normal 0 0 1
    outer loop
      vertex 81.2271 38.2554 2
      vertex 81.2271 34.7446 2
      vertex 81.45 34.8546 2
    endloop
  endfacet
  facet normal 0 0 1
    outer loop
      vertex 80.9918 38.3353 2
      vertex 81.2271 34.7446 2
      vertex 81.2271 38.2554 2
    endloop
  endfacet
  facet normal 0 0 1
    outer loop
      vertex 80.9918 38.3353 2
      vertex 80.9918 34.6647 2
      vertex 81.2271 34.7446 2
    endloop
  endfacet
  facet normal 0 0 1
    outer loop
      vertex 80.748 38.3837 2
      vertex 80.9918 34.6647 2
      vertex 80.9918 38.3353 2
    endloop
  endfacet
  facet normal 0 0 1
    outer loop
      vertex 80.748 38.3837 2
      vertex 80.748 34.6163 2
      vertex 80.9918 34.6647 2
    endloop
  endfacet
  facet normal 0 0 1
    outer loop
      vertex 80.5 38.4 2
      vertex 80.748 34.6163 2
      vertex 80.748 38.3837 2
    endloop
  endfacet
  facet normal 0 0 1
    outer loop
      vertex 80.5 38.4 2
      vertex 80.5 34.6 2
      vertex 80.748 34.6163 2
    endloop
  endfacet
  facet normal -0 0 1
    outer loop
      vertex 80.252 38.3837 2
      vertex 80.5 34.6 2
      vertex 80.5 38.4 2
    endloop
  endfacet
  facet normal 0 0 1
    outer loop
      vertex 80.252 38.3837 2
      vertex 80.252 34.6163 2
      vertex 80.5 34.6 2
    endloop
  endfacet
  facet normal -0 0 1
    outer loop
      vertex 80.0082 38.3353 2
      vertex 80.252 34.6163 2
      vertex 80.252 38.3837 2
    endloop
  endfacet
  facet normal 0 0 1
    outer loop
      vertex 80.0082 38.3353 2
      vertex 80.0082 34.6647 2
      vertex 80.252 34.6163 2
    endloop
  endfacet
  facet normal -0 0 1
    outer loop
      vertex 79.7729 38.2554 2
      vertex 80.0082 34.6647 2
      vertex 80.0082 38.3353 2
    endloop
  endfacet
  facet normal 0 0 1
    outer loop
      vertex 79.7729 38.2554 2
      vertex 79.7729 34.7446 2
      vertex 80.0082 34.6647 2
    endloop
  endfacet
  facet normal -0 0 1
    outer loop
      vertex 79.55 38.1454 2
      vertex 79.7729 34.7446 2
      vertex 79.7729 38.2554 2
    endloop
  endfacet
  facet normal 0 0 1
    outer loop
      vertex 79.55 38.1454 2
      vertex 79.55 34.8546 2
      vertex 79.7729 34.7446 2
    endloop
  endfacet
  facet normal -0 0 1
    outer loop
      vertex 79.3434 38.0074 2
      vertex 79.55 34.8546 2
      vertex 79.55 38.1454 2
    endloop
  endfacet
  facet normal 0 0 1
    outer loop
      vertex 79.3434 38.0074 2
      vertex 79.3434 34.9926 2
      vertex 79.55 34.8546 2
    endloop
  endfacet
  facet normal -0 0 1
    outer loop
      vertex 79.1565 37.8435 2
      vertex 79.3434 34.9926 2
      vertex 79.3434 38.0074 2
    endloop
  endfacet
  facet normal 0 0 1
    outer loop
      vertex 79.1565 37.8435 2
      vertex 79.1565 35.1565 2
      vertex 79.3434 34.9926 2
    endloop
  endfacet
  facet normal -0 0 1
    outer loop
      vertex 78.9926 37.6566 2
      vertex 79.1565 35.1565 2
      vertex 79.1565 37.8435 2
    endloop
  endfacet
  facet normal 0 0 1
    outer loop
      vertex 78.9926 37.6566 2
      vertex 78.9926 35.3434 2
      vertex 79.1565 35.1565 2
    endloop
  endfacet
  facet normal -0 0 1
    outer loop
      vertex 78.8546 37.45 2
      vertex 78.9926 35.3434 2
      vertex 78.9926 37.6566 2
    endloop
  endfacet
  facet normal 0 0 1
    outer loop
      vertex 78.8546 37.45 2
      vertex 78.8546 35.55 2
      vertex 78.9926 35.3434 2
    endloop
  endfacet
  facet normal -0 0 1
    outer loop
      vertex 78.7446 37.2271 2
      vertex 78.8546 35.55 2
      vertex 78.8546 37.45 2
    endloop
  endfacet
  facet normal 0 0 1
    outer loop
      vertex 78.7446 37.2271 2
      vertex 78.7446 35.7729 2
      vertex 78.8546 35.55 2
    endloop
  endfacet
  facet normal -0 0 1
    outer loop
      vertex 78.6647 36.9918 2
      vertex 78.7446 35.7729 2
      vertex 78.7446 37.2271 2
    endloop
  endfacet
  facet normal 0 0 1
    outer loop
      vertex 78.6647 36.9918 2
      vertex 78.6647 36.0082 2
      vertex 78.7446 35.7729 2
    endloop
  endfacet
  facet normal -0 0 1
    outer loop
      vertex 78.6163 36.748 2
      vertex 78.6647 36.0082 2
      vertex 78.6647 36.9918 2
    endloop
  endfacet
  facet normal 0 0 1
    outer loop
      vertex 78.6163 36.748 2
      vertex 78.6163 36.252 2
      vertex 78.6647 36.0082 2
    endloop
  endfacet
  facet normal 0 -0 1
    outer loop
      vertex 78.6163 36.252 2
      vertex 78.6163 36.748 2
      vertex 78.6 36.5 2
    endloop
  endfacet
  facet normal -1 0 0
    outer loop
      vertex 48.5 0 9.25
      vertex 48.5 2 14.75
      vertex 48.5 2 9.25
    endloop
  endfacet
  facet normal -1 -0 0
    outer loop
      vertex 48.5 2 14.75
      vertex 48.5 0 9.25
      vertex 48.5 0 14.75
    endloop
  endfacet
  facet normal 0 0 -1
    outer loop
      vertex 36.5 0 14.75
      vertex 48.5 2 14.75
      vertex 48.5 0 14.75
    endloop
  endfacet
  facet normal -0 0 -1
    outer loop
      vertex 48.5 2 14.75
      vertex 36.5 0 14.75
      vertex 36.5 2 14.75
    endloop
  endfacet
  facet normal -0 0 1
    outer loop
      vertex 36.5 2 9.25
      vertex 48.5 0 9.25
      vertex 48.5 2 9.25
    endloop
  endfacet
  facet normal 0 0 1
    outer loop
      vertex 48.5 0 9.25
      vertex 36.5 2 9.25
      vertex 36.5 0 9.25
    endloop
  endfacet
  facet normal 1 -0 0
    outer loop
      vertex 36.5 0 14.75
      vertex 36.5 2 9.25
      vertex 36.5 2 14.75
    endloop
  endfacet
  facet normal 1 0 0
    outer loop
      vertex 36.5 2 9.25
      vertex 36.5 0 14.75
      vertex 36.5 0 9.25
    endloop
  endfacet
  facet normal 0.980784 0.195095 0
    outer loop
      vertex 7.97006 4.95684 22.5
      vertex 7.88074 5.40587 2
      vertex 7.88074 5.40587 22.5
    endloop
  endfacet
  facet normal 0.980784 0.195095 0
    outer loop
      vertex 7.88074 5.40587 2
      vertex 7.97006 4.95684 22.5
      vertex 7.97006 4.95684 2
    endloop
  endfacet
  facet normal 0.997859 0.0653969 0
    outer loop
      vertex 8 4.5 22.5
      vertex 7.97006 4.95684 2
      vertex 7.97006 4.95684 22.5
    endloop
  endfacet
  facet normal 0.997859 0.0653969 0
    outer loop
      vertex 7.97006 4.95684 2
      vertex 8 4.5 22.5
      vertex 8 4.5 2
    endloop
  endfacet
  facet normal 0.831468 0.555572 0
    outer loop
      vertex 7.53109 6.25 22.5
      vertex 7.27674 6.63066 2
      vertex 7.27674 6.63066 22.5
    endloop
  endfacet
  facet normal 0.831468 0.555572 0
    outer loop
      vertex 7.27674 6.63066 2
      vertex 7.53109 6.25 22.5
      vertex 7.53109 6.25 2
    endloop
  endfacet
  facet normal -0.555572 0.831468 0
    outer loop
      vertex 2.75 7.53109 2
      vertex 2.36934 7.27674 22.5
      vertex 2.75 7.53109 22.5
    endloop
  endfacet
  facet normal -0.555572 0.831468 0
    outer loop
      vertex 2.36934 7.27674 22.5
      vertex 2.75 7.53109 2
      vertex 2.36934 7.27674 2
    endloop
  endfacet
  facet normal -0.659353 0.751833 0
    outer loop
      vertex 2.36934 7.27674 2
      vertex 2.02513 6.97487 22.5
      vertex 2.36934 7.27674 22.5
    endloop
  endfacet
  facet normal -0.659353 0.751833 0
    outer loop
      vertex 2.02513 6.97487 22.5
      vertex 2.36934 7.27674 2
      vertex 2.02513 6.97487 2
    endloop
  endfacet
  facet normal -0.75178 0.659414 0
    outer loop
      vertex 2 6.94622 2
      vertex 2.02513 6.97487 22.5
      vertex 2.02513 6.97487 2
    endloop
  endfacet
  facet normal -0.75178 0.659414 0
    outer loop
      vertex 2.02513 6.97487 22.5
      vertex 2 6.94622 2
      vertex 2 6.94622 22.5
    endloop
  endfacet
  facet normal 0.94693 -0.321439 0
    outer loop
      vertex 7.73358 3.16061 22.5
      vertex 7.88074 3.59413 2
      vertex 7.88074 3.59413 22.5
    endloop
  endfacet
  facet normal 0.94693 -0.321439 0
    outer loop
      vertex 7.88074 3.59413 2
      vertex 7.73358 3.16061 22.5
      vertex 7.73358 3.16061 2
    endloop
  endfacet
  facet normal 0.555572 0.831468 -0
    outer loop
      vertex 6.63066 7.27674 2
      vertex 6.25 7.53109 22.5
      vertex 6.63066 7.27674 22.5
    endloop
  endfacet
  facet normal 0.555572 0.831468 0
    outer loop
      vertex 6.25 7.53109 22.5
      vertex 6.63066 7.27674 2
      vertex 6.25 7.53109 2
    endloop
  endfacet
  facet normal -0.321439 0.94693 0
    outer loop
      vertex 3.59413 7.88074 2
      vertex 3.16061 7.73358 22.5
      vertex 3.59413 7.88074 22.5
    endloop
  endfacet
  facet normal -0.321439 0.94693 0
    outer loop
      vertex 3.16061 7.73358 22.5
      vertex 3.59413 7.88074 2
      vertex 3.16061 7.73358 2
    endloop
  endfacet
  facet normal 0.321439 0.94693 1.46444e-07
    outer loop
      vertex 5.83939 7.73358 22.5
      vertex 5.5 7.84879 4.5
      vertex 5.40587 7.88074 22.5
    endloop
  endfacet
  facet normal 0.321446 0.946928 -0
    outer loop
      vertex 5.83939 7.73358 2
      vertex 5.5 7.84879 4.5
      vertex 5.83939 7.73358 22.5
    endloop
  endfacet
  facet normal 0.321446 0.946928 0
    outer loop
      vertex 5.5 7.84879 4.5
      vertex 5.83939 7.73358 2
      vertex 5.5 7.84879 2
    endloop
  endfacet
  facet normal 0.321414 0.946939 0
    outer loop
      vertex 5.40587 7.88074 22.5
      vertex 5.5 7.84879 4.5
      vertex 5.40587 7.88074 4.5
    endloop
  endfacet
  facet normal 0.0653969 0.997859 -0
    outer loop
      vertex 4.95684 7.97006 4.5
      vertex 4.5 8 22.5
      vertex 4.95684 7.97006 22.5
    endloop
  endfacet
  facet normal 0.0653969 0.997859 0
    outer loop
      vertex 4.5 8 22.5
      vertex 4.95684 7.97006 4.5
      vertex 4.5 8 4.5
    endloop
  endfacet
  facet normal -0.442288 0.896873 0
    outer loop
      vertex 3.16061 7.73358 2
      vertex 2.75 7.53109 22.5
      vertex 3.16061 7.73358 22.5
    endloop
  endfacet
  facet normal -0.442288 0.896873 0
    outer loop
      vertex 2.75 7.53109 22.5
      vertex 3.16061 7.73358 2
      vertex 2.75 7.53109 2
    endloop
  endfacet
  facet normal 0.831468 -0.555572 0
    outer loop
      vertex 7.27674 2.36934 22.5
      vertex 7.53109 2.75 2
      vertex 7.53109 2.75 22.5
    endloop
  endfacet
  facet normal 0.831468 -0.555572 0
    outer loop
      vertex 7.53109 2.75 2
      vertex 7.27674 2.36934 22.5
      vertex 7.27674 2.36934 2
    endloop
  endfacet
  facet normal 0.442288 0.896873 -0
    outer loop
      vertex 6.25 7.53109 2
      vertex 5.83939 7.73358 22.5
      vertex 6.25 7.53109 22.5
    endloop
  endfacet
  facet normal 0.442288 0.896873 0
    outer loop
      vertex 5.83939 7.73358 22.5
      vertex 6.25 7.53109 2
      vertex 5.83939 7.73358 2
    endloop
  endfacet
  facet normal -0.195198 0.980764 0
    outer loop
      vertex 4 7.96147 4.5
      vertex 4.04316 7.97006 22.5
      vertex 4.04316 7.97006 4.5
    endloop
  endfacet
  facet normal -0.195095 0.980784 -2.56829e-07
    outer loop
      vertex 4.04316 7.97006 22.5
      vertex 4 7.96147 4.5
      vertex 3.59413 7.88074 22.5
    endloop
  endfacet
  facet normal -0.195084 0.980786 0
    outer loop
      vertex 3.59413 7.88074 2
      vertex 4 7.96147 4.5
      vertex 4 7.96147 2
    endloop
  endfacet
  facet normal -0.195084 0.980786 0
    outer loop
      vertex 4 7.96147 4.5
      vertex 3.59413 7.88074 2
      vertex 3.59413 7.88074 22.5
    endloop
  endfacet
  facet normal 0.751833 0.659353 0
    outer loop
      vertex 7.27674 6.63066 22.5
      vertex 6.97487 6.97487 2
      vertex 6.97487 6.97487 22.5
    endloop
  endfacet
  facet normal 0.751833 0.659353 0
    outer loop
      vertex 6.97487 6.97487 2
      vertex 7.27674 6.63066 22.5
      vertex 7.27674 6.63066 2
    endloop
  endfacet
  facet normal 0.195095 0.980784 -0
    outer loop
      vertex 5.40587 7.88074 4.5
      vertex 4.95684 7.97006 22.5
      vertex 5.40587 7.88074 22.5
    endloop
  endfacet
  facet normal 0.195095 0.980784 0
    outer loop
      vertex 4.95684 7.97006 22.5
      vertex 5.40587 7.88074 4.5
      vertex 4.95684 7.97006 4.5
    endloop
  endfacet
  facet normal 0.751833 -0.659353 0
    outer loop
      vertex 6.97487 2.02513 22.5
      vertex 7.27674 2.36934 2
      vertex 7.27674 2.36934 22.5
    endloop
  endfacet
  facet normal 0.751833 -0.659353 0
    outer loop
      vertex 7.27674 2.36934 2
      vertex 6.97487 2.02513 22.5
      vertex 6.97487 2.02513 2
    endloop
  endfacet
  facet normal -0.0653969 0.997859 0
    outer loop
      vertex 4.5 8 4.5
      vertex 4.04316 7.97006 22.5
      vertex 4.5 8 22.5
    endloop
  endfacet
  facet normal -0.0653969 0.997859 0
    outer loop
      vertex 4.04316 7.97006 22.5
      vertex 4.5 8 4.5
      vertex 4.04316 7.97006 4.5
    endloop
  endfacet
  facet normal 0.659414 -0.75178 0
    outer loop
      vertex 6.94622 2 2
      vertex 6.97487 2.02513 22.5
      vertex 6.94622 2 22.5
    endloop
  endfacet
  facet normal 0.659414 -0.75178 0
    outer loop
      vertex 6.97487 2.02513 22.5
      vertex 6.94622 2 2
      vertex 6.97487 2.02513 2
    endloop
  endfacet
  facet normal 0.896873 -0.442288 0
    outer loop
      vertex 7.53109 2.75 22.5
      vertex 7.73358 3.16061 2
      vertex 7.73358 3.16061 22.5
    endloop
  endfacet
  facet normal 0.896873 -0.442288 0
    outer loop
      vertex 7.73358 3.16061 2
      vertex 7.53109 2.75 22.5
      vertex 7.53109 2.75 2
    endloop
  endfacet
  facet normal 0.659353 0.751833 -0
    outer loop
      vertex 6.97487 6.97487 2
      vertex 6.63066 7.27674 22.5
      vertex 6.97487 6.97487 22.5
    endloop
  endfacet
  facet normal 0.659353 0.751833 0
    outer loop
      vertex 6.63066 7.27674 22.5
      vertex 6.97487 6.97487 2
      vertex 6.63066 7.27674 2
    endloop
  endfacet
  facet normal 0.997859 -0.0653969 0
    outer loop
      vertex 7.97006 4.04316 22.5
      vertex 8 4.5 2
      vertex 8 4.5 22.5
    endloop
  endfacet
  facet normal 0.997859 -0.0653969 0
    outer loop
      vertex 8 4.5 2
      vertex 7.97006 4.04316 22.5
      vertex 7.97006 4.04316 2
    endloop
  endfacet
  facet normal 0.896873 0.442288 0
    outer loop
      vertex 7.73358 5.83939 22.5
      vertex 7.53109 6.25 2
      vertex 7.53109 6.25 22.5
    endloop
  endfacet
  facet normal 0.896873 0.442288 0
    outer loop
      vertex 7.53109 6.25 2
      vertex 7.73358 5.83939 22.5
      vertex 7.73358 5.83939 2
    endloop
  endfacet
  facet normal 0.980784 -0.195095 0
    outer loop
      vertex 7.88074 3.59413 22.5
      vertex 7.97006 4.04316 2
      vertex 7.97006 4.04316 22.5
    endloop
  endfacet
  facet normal 0.980784 -0.195095 0
    outer loop
      vertex 7.97006 4.04316 2
      vertex 7.88074 3.59413 22.5
      vertex 7.88074 3.59413 2
    endloop
  endfacet
  facet normal 0.94693 0.321439 0
    outer loop
      vertex 7.88074 5.40587 22.5
      vertex 7.73358 5.83939 2
      vertex 7.73358 5.83939 22.5
    endloop
  endfacet
  facet normal 0.94693 0.321439 0
    outer loop
      vertex 7.73358 5.83939 2
      vertex 7.88074 5.40587 22.5
      vertex 7.88074 5.40587 2
    endloop
  endfacet
  facet normal 0 0 1
    outer loop
      vertex 7.97006 4.95684 22.5
      vertex 6.38375 4.748 22.5
      vertex 6.4 4.5 22.5
    endloop
  endfacet
  facet normal 0 0 1
    outer loop
      vertex 6.97487 6.97487 22.5
      vertex 6.33526 4.99176 22.5
      vertex 6.38375 4.748 22.5
    endloop
  endfacet
  facet normal 0 0 1
    outer loop
      vertex 6.97487 6.97487 22.5
      vertex 6.25537 5.2271 22.5
      vertex 6.33526 4.99176 22.5
    endloop
  endfacet
  facet normal 0 0 1
    outer loop
      vertex 5.65665 6.00737 22.5
      vertex 6.63066 7.27674 22.5
      vertex 6.25 7.53109 22.5
    endloop
  endfacet
  facet normal 0 0 1
    outer loop
      vertex 6.97487 6.97487 22.5
      vertex 6.14545 5.45 22.5
      vertex 6.25537 5.2271 22.5
    endloop
  endfacet
  facet normal 0 0 1
    outer loop
      vertex 6.97487 6.97487 22.5
      vertex 6.00737 5.65665 22.5
      vertex 6.14545 5.45 22.5
    endloop
  endfacet
  facet normal 0 0 1
    outer loop
      vertex 6.97487 6.97487 22.5
      vertex 5.8435 5.8435 22.5
      vertex 6.00737 5.65665 22.5
    endloop
  endfacet
  facet normal 0 0 1
    outer loop
      vertex 5.45 6.14545 22.5
      vertex 6.25 7.53109 22.5
      vertex 5.83939 7.73358 22.5
    endloop
  endfacet
  facet normal 0 0 1
    outer loop
      vertex 6.63066 7.27674 22.5
      vertex 5.65665 6.00737 22.5
      vertex 5.8435 5.8435 22.5
    endloop
  endfacet
  facet normal 0 0 1
    outer loop
      vertex 6.25 7.53109 22.5
      vertex 5.45 6.14545 22.5
      vertex 5.65665 6.00737 22.5
    endloop
  endfacet
  facet normal 0 0 1
    outer loop
      vertex 5.2271 6.25537 22.5
      vertex 5.83939 7.73358 22.5
      vertex 5.40587 7.88074 22.5
    endloop
  endfacet
  facet normal 0 0 1
    outer loop
      vertex 5.83939 7.73358 22.5
      vertex 5.2271 6.25537 22.5
      vertex 5.45 6.14545 22.5
    endloop
  endfacet
  facet normal 0 0 1
    outer loop
      vertex 5.40587 7.88074 22.5
      vertex 4.99176 6.33526 22.5
      vertex 5.2271 6.25537 22.5
    endloop
  endfacet
  facet normal 0 0 1
    outer loop
      vertex 4.95684 7.97006 22.5
      vertex 4.99176 6.33526 22.5
      vertex 5.40587 7.88074 22.5
    endloop
  endfacet
  facet normal 0 0 1
    outer loop
      vertex 4.95684 7.97006 22.5
      vertex 4.748 6.38375 22.5
      vertex 4.99176 6.33526 22.5
    endloop
  endfacet
  facet normal 0 0 1
    outer loop
      vertex 4.5 8 22.5
      vertex 4.748 6.38375 22.5
      vertex 4.95684 7.97006 22.5
    endloop
  endfacet
  facet normal 0 0 1
    outer loop
      vertex 4.5 8 22.5
      vertex 4.5 6.4 22.5
      vertex 4.748 6.38375 22.5
    endloop
  endfacet
  facet normal 0 0 1
    outer loop
      vertex 4.5 8 22.5
      vertex 4.252 6.38375 22.5
      vertex 4.5 6.4 22.5
    endloop
  endfacet
  facet normal -0 0 1
    outer loop
      vertex 4.04316 7.97006 22.5
      vertex 4.252 6.38375 22.5
      vertex 4.5 8 22.5
    endloop
  endfacet
  facet normal 0 0 1
    outer loop
      vertex 4.04316 7.97006 22.5
      vertex 4.00824 6.33526 22.5
      vertex 4.252 6.38375 22.5
    endloop
  endfacet
  facet normal -0 0 1
    outer loop
      vertex 3.59413 7.88074 22.5
      vertex 4.00824 6.33526 22.5
      vertex 4.04316 7.97006 22.5
    endloop
  endfacet
  facet normal 0 0 1
    outer loop
      vertex 4.00824 6.33526 22.5
      vertex 3.59413 7.88074 22.5
      vertex 3.7729 6.25537 22.5
    endloop
  endfacet
  facet normal -0 0 1
    outer loop
      vertex 3.16061 7.73358 22.5
      vertex 3.7729 6.25537 22.5
      vertex 3.59413 7.88074 22.5
    endloop
  endfacet
  facet normal 0 0 1
    outer loop
      vertex 3.7729 6.25537 22.5
      vertex 3.16061 7.73358 22.5
      vertex 3.55 6.14545 22.5
    endloop
  endfacet
  facet normal -0 0 1
    outer loop
      vertex 2.75 7.53109 22.5
      vertex 3.55 6.14545 22.5
      vertex 3.16061 7.73358 22.5
    endloop
  endfacet
  facet normal 0 0 1
    outer loop
      vertex 3.55 6.14545 22.5
      vertex 2.75 7.53109 22.5
      vertex 3.34335 6.00737 22.5
    endloop
  endfacet
  facet normal -0 0 1
    outer loop
      vertex 2.36934 7.27674 22.5
      vertex 3.34335 6.00737 22.5
      vertex 2.75 7.53109 22.5
    endloop
  endfacet
  facet normal 0 0 1
    outer loop
      vertex 3.34335 6.00737 22.5
      vertex 2.36934 7.27674 22.5
      vertex 3.1565 5.8435 22.5
    endloop
  endfacet
  facet normal -0 0 1
    outer loop
      vertex 2.02513 6.97487 22.5
      vertex 3.1565 5.8435 22.5
      vertex 2.36934 7.27674 22.5
    endloop
  endfacet
  facet normal -0 0 1
    outer loop
      vertex 2 6.94622 22.5
      vertex 3.1565 5.8435 22.5
      vertex 2.02513 6.97487 22.5
    endloop
  endfacet
  facet normal 0 0 1
    outer loop
      vertex 3.1565 5.8435 22.5
      vertex 2 6.94622 22.5
      vertex 2.99263 5.65665 22.5
    endloop
  endfacet
  facet normal 0 0 1
    outer loop
      vertex 2.99263 5.65665 22.5
      vertex 2 6.94622 22.5
      vertex 2.85455 5.45 22.5
    endloop
  endfacet
  facet normal 0 0 1
    outer loop
      vertex 2.85455 5.45 22.5
      vertex 2 6.94622 22.5
      vertex 2.74463 5.2271 22.5
    endloop
  endfacet
  facet normal 0 0 1
    outer loop
      vertex 3.1565 3.1565 22.5
      vertex 2.41329 2.78248 22.5
      vertex 2.58579 2.58579 22.5
    endloop
  endfacet
  facet normal 0 0 1
    outer loop
      vertex 2.74463 5.2271 22.5
      vertex 2 6.94622 22.5
      vertex 2.66474 4.99176 22.5
    endloop
  endfacet
  facet normal 0 0 1
    outer loop
      vertex 2 4 22.5
      vertex 2.66474 4.99176 22.5
      vertex 2 6.94622 22.5
    endloop
  endfacet
  facet normal 0 0 1
    outer loop
      vertex 2.61625 4.252 22.5
      vertex 2 4 22.5
      vertex 2.01711 3.73895 22.5
    endloop
  endfacet
  facet normal 0 0 1
    outer loop
      vertex 2.61625 4.252 22.5
      vertex 2.26795 3 22.5
      vertex 2.41329 2.78248 22.5
    endloop
  endfacet
  facet normal 0 0 1
    outer loop
      vertex 2.61625 4.252 22.5
      vertex 2.15224 3.23463 22.5
      vertex 2.26795 3 22.5
    endloop
  endfacet
  facet normal 0 0 1
    outer loop
      vertex 2.66474 4.99176 22.5
      vertex 2 4 22.5
      vertex 2.61625 4.748 22.5
    endloop
  endfacet
  facet normal 0 0 1
    outer loop
      vertex 2.61625 4.252 22.5
      vertex 2.06815 3.48236 22.5
      vertex 2.15224 3.23463 22.5
    endloop
  endfacet
  facet normal 0 0 1
    outer loop
      vertex 2.61625 4.748 22.5
      vertex 2 4 22.5
      vertex 2.6 4.5 22.5
    endloop
  endfacet
  facet normal 0 0 1
    outer loop
      vertex 2.61625 4.252 22.5
      vertex 2.01711 3.73895 22.5
      vertex 2.06815 3.48236 22.5
    endloop
  endfacet
  facet normal 0 0 1
    outer loop
      vertex 6.4 4.5 22.5
      vertex 8 4.5 22.5
      vertex 7.97006 4.95684 22.5
    endloop
  endfacet
  facet normal 0 0 1
    outer loop
      vertex 6.38375 4.748 22.5
      vertex 7.97006 4.95684 22.5
      vertex 7.88074 5.40587 22.5
    endloop
  endfacet
  facet normal 0 0 1
    outer loop
      vertex 8 4.5 22.5
      vertex 6.4 4.5 22.5
      vertex 7.97006 4.04316 22.5
    endloop
  endfacet
  facet normal 0 0 1
    outer loop
      vertex 6.38375 4.748 22.5
      vertex 7.88074 5.40587 22.5
      vertex 7.73358 5.83939 22.5
    endloop
  endfacet
  facet normal -0 0 1
    outer loop
      vertex 6.38375 4.252 22.5
      vertex 7.97006 4.04316 22.5
      vertex 6.4 4.5 22.5
    endloop
  endfacet
  facet normal 0 0 1
    outer loop
      vertex 6.38375 4.748 22.5
      vertex 7.73358 5.83939 22.5
      vertex 7.53109 6.25 22.5
    endloop
  endfacet
  facet normal 0 0 1
    outer loop
      vertex 7.97006 4.04316 22.5
      vertex 6.38375 4.252 22.5
      vertex 7.88074 3.59413 22.5
    endloop
  endfacet
  facet normal 0 0 1
    outer loop
      vertex 6.38375 4.748 22.5
      vertex 7.53109 6.25 22.5
      vertex 7.27674 6.63066 22.5
    endloop
  endfacet
  facet normal -0 0 1
    outer loop
      vertex 6.33526 4.00824 22.5
      vertex 7.88074 3.59413 22.5
      vertex 6.38375 4.252 22.5
    endloop
  endfacet
  facet normal 0 0 1
    outer loop
      vertex 6.38375 4.748 22.5
      vertex 7.27674 6.63066 22.5
      vertex 6.97487 6.97487 22.5
    endloop
  endfacet
  facet normal 0 0 1
    outer loop
      vertex 7.88074 3.59413 22.5
      vertex 6.33526 4.00824 22.5
      vertex 7.73358 3.16061 22.5
    endloop
  endfacet
  facet normal -0 0 1
    outer loop
      vertex 6.25537 3.7729 22.5
      vertex 7.73358 3.16061 22.5
      vertex 6.33526 4.00824 22.5
    endloop
  endfacet
  facet normal 0 0 1
    outer loop
      vertex 5.8435 5.8435 22.5
      vertex 6.97487 6.97487 22.5
      vertex 6.63066 7.27674 22.5
    endloop
  endfacet
  facet normal 0 0 1
    outer loop
      vertex 7.73358 3.16061 22.5
      vertex 6.25537 3.7729 22.5
      vertex 7.53109 2.75 22.5
    endloop
  endfacet
  facet normal -0 0 1
    outer loop
      vertex 6.14545 3.55 22.5
      vertex 7.53109 2.75 22.5
      vertex 6.25537 3.7729 22.5
    endloop
  endfacet
  facet normal 0 0 1
    outer loop
      vertex 7.53109 2.75 22.5
      vertex 6.14545 3.55 22.5
      vertex 7.27674 2.36934 22.5
    endloop
  endfacet
  facet normal -0 0 1
    outer loop
      vertex 6.00737 3.34335 22.5
      vertex 7.27674 2.36934 22.5
      vertex 6.14545 3.55 22.5
    endloop
  endfacet
  facet normal 0 0 1
    outer loop
      vertex 7.27674 2.36934 22.5
      vertex 6.00737 3.34335 22.5
      vertex 6.97487 2.02513 22.5
    endloop
  endfacet
  facet normal -0 0 1
    outer loop
      vertex 5.8435 3.1565 22.5
      vertex 6.97487 2.02513 22.5
      vertex 6.00737 3.34335 22.5
    endloop
  endfacet
  facet normal 0 0 1
    outer loop
      vertex 6.97487 2.02513 22.5
      vertex 5.8435 3.1565 22.5
      vertex 6.94622 2 22.5
    endloop
  endfacet
  facet normal -0 0 1
    outer loop
      vertex 5.65665 2.99263 22.5
      vertex 6.94622 2 22.5
      vertex 5.8435 3.1565 22.5
    endloop
  endfacet
  facet normal -0 0 1
    outer loop
      vertex 5.45 2.85455 22.5
      vertex 6.94622 2 22.5
      vertex 5.65665 2.99263 22.5
    endloop
  endfacet
  facet normal -0 0 1
    outer loop
      vertex 5.2271 2.74463 22.5
      vertex 6.94622 2 22.5
      vertex 5.45 2.85455 22.5
    endloop
  endfacet
  facet normal -0 0 1
    outer loop
      vertex 4.99176 2.66474 22.5
      vertex 6.94622 2 22.5
      vertex 5.2271 2.74463 22.5
    endloop
  endfacet
  facet normal 0 0 1
    outer loop
      vertex 4 2 22.5
      vertex 4.99176 2.66474 22.5
      vertex 4.748 2.61625 22.5
    endloop
  endfacet
  facet normal 0 0 1
    outer loop
      vertex 4 2 22.5
      vertex 4.748 2.61625 22.5
      vertex 4.5 2.6 22.5
    endloop
  endfacet
  facet normal 0 0 1
    outer loop
      vertex 4 2 22.5
      vertex 4.5 2.6 22.5
      vertex 4.252 2.61625 22.5
    endloop
  endfacet
  facet normal 0 0 1
    outer loop
      vertex 4 2 22.5
      vertex 4.252 2.61625 22.5
      vertex 4.00824 2.66474 22.5
    endloop
  endfacet
  facet normal 0 0 1
    outer loop
      vertex 4.99176 2.66474 22.5
      vertex 4 2 22.5
      vertex 6.94622 2 22.5
    endloop
  endfacet
  facet normal 0 0 1
    outer loop
      vertex 3.73895 2.01711 22.5
      vertex 4.00824 2.66474 22.5
      vertex 3.7729 2.74463 22.5
    endloop
  endfacet
  facet normal 0 0 1
    outer loop
      vertex 4.00824 2.66474 22.5
      vertex 3.73895 2.01711 22.5
      vertex 4 2 22.5
    endloop
  endfacet
  facet normal 0 0 1
    outer loop
      vertex 3.48236 2.06815 22.5
      vertex 3.7729 2.74463 22.5
      vertex 3.55 2.85455 22.5
    endloop
  endfacet
  facet normal 0 0 1
    outer loop
      vertex 3.7729 2.74463 22.5
      vertex 3.48236 2.06815 22.5
      vertex 3.73895 2.01711 22.5
    endloop
  endfacet
  facet normal 0 0 1
    outer loop
      vertex 3 2.26795 22.5
      vertex 3.55 2.85455 22.5
      vertex 3.34335 2.99263 22.5
    endloop
  endfacet
  facet normal 0 0 1
    outer loop
      vertex 3.55 2.85455 22.5
      vertex 3.23463 2.15224 22.5
      vertex 3.48236 2.06815 22.5
    endloop
  endfacet
  facet normal 0 0 1
    outer loop
      vertex 2.78248 2.41329 22.5
      vertex 3.34335 2.99263 22.5
      vertex 3.1565 3.1565 22.5
    endloop
  endfacet
  facet normal 0 0 1
    outer loop
      vertex 3.55 2.85455 22.5
      vertex 3 2.26795 22.5
      vertex 3.23463 2.15224 22.5
    endloop
  endfacet
  facet normal 0 0 1
    outer loop
      vertex 2.41329 2.78248 22.5
      vertex 3.1565 3.1565 22.5
      vertex 2.99263 3.34335 22.5
    endloop
  endfacet
  facet normal 0 0 1
    outer loop
      vertex 2.41329 2.78248 22.5
      vertex 2.99263 3.34335 22.5
      vertex 2.85455 3.55 22.5
    endloop
  endfacet
  facet normal 0 0 1
    outer loop
      vertex 3.34335 2.99263 22.5
      vertex 2.78248 2.41329 22.5
      vertex 3 2.26795 22.5
    endloop
  endfacet
  facet normal 0 0 1
    outer loop
      vertex 2.41329 2.78248 22.5
      vertex 2.85455 3.55 22.5
      vertex 2.74463 3.7729 22.5
    endloop
  endfacet
  facet normal 0 0 1
    outer loop
      vertex 2.41329 2.78248 22.5
      vertex 2.74463 3.7729 22.5
      vertex 2.66474 4.00824 22.5
    endloop
  endfacet
  facet normal 0 0 1
    outer loop
      vertex 2.41329 2.78248 22.5
      vertex 2.66474 4.00824 22.5
      vertex 2.61625 4.252 22.5
    endloop
  endfacet
  facet normal 0 0 1
    outer loop
      vertex 3.1565 3.1565 22.5
      vertex 2.58579 2.58579 22.5
      vertex 2.78248 2.41329 22.5
    endloop
  endfacet
  facet normal 0 0 1
    outer loop
      vertex 2 4 22.5
      vertex 2.61625 4.252 22.5
      vertex 2.6 4.5 22.5
    endloop
  endfacet
  facet normal -0.195102 -0.980783 0
    outer loop
      vertex 4.748 6.38375 4.5
      vertex 4.99176 6.33526 22.5
      vertex 4.748 6.38375 22.5
    endloop
  endfacet
  facet normal -0.195102 -0.980783 -0
    outer loop
      vertex 4.99176 6.33526 22.5
      vertex 4.748 6.38375 4.5
      vertex 4.99176 6.33526 4.5
    endloop
  endfacet
  facet normal -0.980783 -0.195102 0
    outer loop
      vertex 6.38375 4.748 2
      vertex 6.33526 4.99176 22.5
      vertex 6.33526 4.99176 2
    endloop
  endfacet
  facet normal -0.980783 -0.195102 0
    outer loop
      vertex 6.33526 4.99176 22.5
      vertex 6.38375 4.748 2
      vertex 6.38375 4.748 22.5
    endloop
  endfacet
  facet normal -0.99786 -0.065384 0
    outer loop
      vertex 6.4 4.5 2
      vertex 6.38375 4.748 22.5
      vertex 6.38375 4.748 2
    endloop
  endfacet
  facet normal -0.99786 -0.065384 0
    outer loop
      vertex 6.38375 4.748 22.5
      vertex 6.4 4.5 2
      vertex 6.4 4.5 22.5
    endloop
  endfacet
  facet normal -0.946927 -0.32145 0
    outer loop
      vertex 6.33526 4.99176 2
      vertex 6.25537 5.2271 22.5
      vertex 6.25537 5.2271 2
    endloop
  endfacet
  facet normal -0.946927 -0.32145 0
    outer loop
      vertex 6.25537 5.2271 22.5
      vertex 6.33526 4.99176 2
      vertex 6.33526 4.99176 22.5
    endloop
  endfacet
  facet normal -0.831468 -0.555573 0
    outer loop
      vertex 6.14545 5.45 2
      vertex 6.00737 5.65665 22.5
      vertex 6.00737 5.65665 2
    endloop
  endfacet
  facet normal -0.831468 -0.555573 0
    outer loop
      vertex 6.00737 5.65665 22.5
      vertex 6.14545 5.45 2
      vertex 6.14545 5.45 22.5
    endloop
  endfacet
  facet normal -0.32145 -0.946927 0
    outer loop
      vertex 4.99176 6.33526 4.5
      vertex 5.2271 6.25537 22.5
      vertex 4.99176 6.33526 22.5
    endloop
  endfacet
  facet normal -0.32145 -0.946927 -0
    outer loop
      vertex 5.2271 6.25537 22.5
      vertex 4.99176 6.33526 4.5
      vertex 5.2271 6.25537 4.5
    endloop
  endfacet
  facet normal 0.980783 0.195102 0
    outer loop
      vertex 2.66474 4.00824 22.5
      vertex 2.61625 4.252 2
      vertex 2.61625 4.252 22.5
    endloop
  endfacet
  facet normal 0.980783 0.195102 0
    outer loop
      vertex 2.61625 4.252 2
      vertex 2.66474 4.00824 22.5
      vertex 2.66474 4.00824 2
    endloop
  endfacet
  facet normal -0.99786 0.065384 0
    outer loop
      vertex 6.38375 4.252 2
      vertex 6.4 4.5 22.5
      vertex 6.4 4.5 2
    endloop
  endfacet
  facet normal -0.99786 0.065384 0
    outer loop
      vertex 6.4 4.5 22.5
      vertex 6.38375 4.252 2
      vertex 6.38375 4.252 22.5
    endloop
  endfacet
  facet normal 0.99786 0.065384 0
    outer loop
      vertex 2.61625 4.252 22.5
      vertex 2.6 4.5 2
      vertex 2.6 4.5 22.5
    endloop
  endfacet
  facet normal 0.99786 0.065384 0
    outer loop
      vertex 2.6 4.5 2
      vertex 2.61625 4.252 22.5
      vertex 2.61625 4.252 2
    endloop
  endfacet
  facet normal 0.32145 0.946927 -0
    outer loop
      vertex 4.00824 2.66474 2
      vertex 3.7729 2.74463 22.5
      vertex 4.00824 2.66474 22.5
    endloop
  endfacet
  facet normal 0.32145 0.946927 0
    outer loop
      vertex 3.7729 2.74463 22.5
      vertex 4.00824 2.66474 2
      vertex 3.7729 2.74463 2
    endloop
  endfacet
  facet normal -0.896876 -0.442282 0
    outer loop
      vertex 6.25537 5.2271 2
      vertex 6.14545 5.45 22.5
      vertex 6.14545 5.45 2
    endloop
  endfacet
  facet normal -0.896876 -0.442282 0
    outer loop
      vertex 6.14545 5.45 22.5
      vertex 6.25537 5.2271 2
      vertex 6.25537 5.2271 22.5
    endloop
  endfacet
  facet normal -0.751826 -0.659362 0
    outer loop
      vertex 6.00737 5.65665 2
      vertex 5.8435 5.8435 22.5
      vertex 5.8435 5.8435 2
    endloop
  endfacet
  facet normal -0.751826 -0.659362 0
    outer loop
      vertex 5.8435 5.8435 22.5
      vertex 6.00737 5.65665 2
      vertex 6.00737 5.65665 22.5
    endloop
  endfacet
  facet normal -0.946927 0.32145 0
    outer loop
      vertex 6.25537 3.7729 2
      vertex 6.33526 4.00824 22.5
      vertex 6.33526 4.00824 2
    endloop
  endfacet
  facet normal -0.946927 0.32145 0
    outer loop
      vertex 6.33526 4.00824 22.5
      vertex 6.25537 3.7729 2
      vertex 6.25537 3.7729 22.5
    endloop
  endfacet
  facet normal 0.751826 0.659362 0
    outer loop
      vertex 3.1565 3.1565 22.5
      vertex 2.99263 3.34335 2
      vertex 2.99263 3.34335 22.5
    endloop
  endfacet
  facet normal 0.751826 0.659362 0
    outer loop
      vertex 2.99263 3.34335 2
      vertex 3.1565 3.1565 22.5
      vertex 3.1565 3.1565 2
    endloop
  endfacet
  facet normal -0.980783 0.195102 0
    outer loop
      vertex 6.33526 4.00824 2
      vertex 6.38375 4.252 22.5
      vertex 6.38375 4.252 2
    endloop
  endfacet
  facet normal -0.980783 0.195102 0
    outer loop
      vertex 6.38375 4.252 22.5
      vertex 6.33526 4.00824 2
      vertex 6.33526 4.00824 22.5
    endloop
  endfacet
  facet normal -0.065384 0.99786 0
    outer loop
      vertex 4.748 2.61625 2
      vertex 4.5 2.6 22.5
      vertex 4.748 2.61625 22.5
    endloop
  endfacet
  facet normal -0.065384 0.99786 0
    outer loop
      vertex 4.5 2.6 22.5
      vertex 4.748 2.61625 2
      vertex 4.5 2.6 2
    endloop
  endfacet
  facet normal 0.946927 0.32145 0
    outer loop
      vertex 2.74463 3.7729 22.5
      vertex 2.66474 4.00824 2
      vertex 2.66474 4.00824 22.5
    endloop
  endfacet
  facet normal 0.946927 0.32145 0
    outer loop
      vertex 2.66474 4.00824 2
      vertex 2.74463 3.7729 22.5
      vertex 2.74463 3.7729 2
    endloop
  endfacet
  facet normal -0.831468 0.555573 0
    outer loop
      vertex 6.00737 3.34335 2
      vertex 6.14545 3.55 22.5
      vertex 6.14545 3.55 2
    endloop
  endfacet
  facet normal -0.831468 0.555573 0
    outer loop
      vertex 6.14545 3.55 22.5
      vertex 6.00737 3.34335 2
      vertex 6.00737 3.34335 22.5
    endloop
  endfacet
  facet normal -0.442282 -0.896876 0
    outer loop
      vertex 5.2271 6.25537 4.5
      vertex 5.45 6.14545 22.5
      vertex 5.2271 6.25537 22.5
    endloop
  endfacet
  facet normal -0.442282 -0.896876 -0
    outer loop
      vertex 5.45 6.14545 22.5
      vertex 5.2271 6.25537 4.5
      vertex 5.45 6.14545 4.5
    endloop
  endfacet
  facet normal 0.442282 -0.896876 0
    outer loop
      vertex 3.55 6.14545 2
      vertex 3.7729 6.25537 22.5
      vertex 3.55 6.14545 22.5
    endloop
  endfacet
  facet normal 0.442282 -0.896876 0
    outer loop
      vertex 3.7729 6.25537 22.5
      vertex 3.55 6.14545 2
      vertex 3.7729 6.25537 2
    endloop
  endfacet
  facet normal -0.442282 0.896876 0
    outer loop
      vertex 5.45 2.85455 2
      vertex 5.2271 2.74463 22.5
      vertex 5.45 2.85455 22.5
    endloop
  endfacet
  facet normal -0.442282 0.896876 0
    outer loop
      vertex 5.2271 2.74463 22.5
      vertex 5.45 2.85455 2
      vertex 5.2271 2.74463 2
    endloop
  endfacet
  facet normal -0.32145 0.946927 0
    outer loop
      vertex 5.2271 2.74463 2
      vertex 4.99176 2.66474 22.5
      vertex 5.2271 2.74463 22.5
    endloop
  endfacet
  facet normal -0.32145 0.946927 0
    outer loop
      vertex 4.99176 2.66474 22.5
      vertex 5.2271 2.74463 2
      vertex 4.99176 2.66474 2
    endloop
  endfacet
  facet normal 0.195102 0.980783 -0
    outer loop
      vertex 4.252 2.61625 2
      vertex 4.00824 2.66474 22.5
      vertex 4.252 2.61625 22.5
    endloop
  endfacet
  facet normal 0.195102 0.980783 0
    outer loop
      vertex 4.00824 2.66474 22.5
      vertex 4.252 2.61625 2
      vertex 4.00824 2.66474 2
    endloop
  endfacet
  facet normal 0.946927 -0.32145 0
    outer loop
      vertex 2.66474 4.99176 22.5
      vertex 2.74463 5.2271 2
      vertex 2.74463 5.2271 22.5
    endloop
  endfacet
  facet normal 0.946927 -0.32145 0
    outer loop
      vertex 2.74463 5.2271 2
      vertex 2.66474 4.99176 22.5
      vertex 2.66474 4.99176 2
    endloop
  endfacet
  facet normal 0.195102 -0.980783 0
    outer loop
      vertex 4.00824 6.33526 4.5
      vertex 4.252 6.38375 22.5
      vertex 4.00824 6.33526 22.5
    endloop
  endfacet
  facet normal 0.195102 -0.980783 0
    outer loop
      vertex 4.252 6.38375 22.5
      vertex 4.00824 6.33526 4.5
      vertex 4.252 6.38375 4.5
    endloop
  endfacet
  facet normal 0.555573 -0.831468 0
    outer loop
      vertex 3.34335 6.00737 2
      vertex 3.55 6.14545 22.5
      vertex 3.34335 6.00737 22.5
    endloop
  endfacet
  facet normal 0.555573 -0.831468 0
    outer loop
      vertex 3.55 6.14545 22.5
      vertex 3.34335 6.00737 2
      vertex 3.55 6.14545 2
    endloop
  endfacet
  facet normal -0.555573 0.831468 0
    outer loop
      vertex 5.65665 2.99263 2
      vertex 5.45 2.85455 22.5
      vertex 5.65665 2.99263 22.5
    endloop
  endfacet
  facet normal -0.555573 0.831468 0
    outer loop
      vertex 5.45 2.85455 22.5
      vertex 5.65665 2.99263 2
      vertex 5.45 2.85455 2
    endloop
  endfacet
  facet normal -0.195102 0.980783 0
    outer loop
      vertex 4.99176 2.66474 2
      vertex 4.748 2.61625 22.5
      vertex 4.99176 2.66474 22.5
    endloop
  endfacet
  facet normal -0.195102 0.980783 0
    outer loop
      vertex 4.748 2.61625 22.5
      vertex 4.99176 2.66474 2
      vertex 4.748 2.61625 2
    endloop
  endfacet
  facet normal 0.896876 -0.442282 0
    outer loop
      vertex 2.74463 5.2271 22.5
      vertex 2.85455 5.45 2
      vertex 2.85455 5.45 22.5
    endloop
  endfacet
  facet normal 0.896876 -0.442282 0
    outer loop
      vertex 2.85455 5.45 2
      vertex 2.74463 5.2271 22.5
      vertex 2.74463 5.2271 2
    endloop
  endfacet
  facet normal 0.831468 -0.555573 0
    outer loop
      vertex 2.85455 5.45 22.5
      vertex 2.99263 5.65665 2
      vertex 2.99263 5.65665 22.5
    endloop
  endfacet
  facet normal 0.831468 -0.555573 0
    outer loop
      vertex 2.99263 5.65665 2
      vertex 2.85455 5.45 22.5
      vertex 2.85455 5.45 2
    endloop
  endfacet
  facet normal 0.065384 0.99786 -0
    outer loop
      vertex 4.5 2.6 2
      vertex 4.252 2.61625 22.5
      vertex 4.5 2.6 22.5
    endloop
  endfacet
  facet normal 0.065384 0.99786 0
    outer loop
      vertex 4.252 2.61625 22.5
      vertex 4.5 2.6 2
      vertex 4.252 2.61625 2
    endloop
  endfacet
  facet normal 0.659362 -0.751826 0
    outer loop
      vertex 3.1565 5.8435 2
      vertex 3.34335 6.00737 22.5
      vertex 3.1565 5.8435 22.5
    endloop
  endfacet
  facet normal 0.659362 -0.751826 0
    outer loop
      vertex 3.34335 6.00737 22.5
      vertex 3.1565 5.8435 2
      vertex 3.34335 6.00737 2
    endloop
  endfacet
  facet normal 0.659362 0.751826 -0
    outer loop
      vertex 3.34335 2.99263 2
      vertex 3.1565 3.1565 22.5
      vertex 3.34335 2.99263 22.5
    endloop
  endfacet
  facet normal 0.659362 0.751826 0
    outer loop
      vertex 3.1565 3.1565 22.5
      vertex 3.34335 2.99263 2
      vertex 3.1565 3.1565 2
    endloop
  endfacet
  facet normal 0.751826 -0.659362 0
    outer loop
      vertex 2.99263 5.65665 22.5
      vertex 3.1565 5.8435 2
      vertex 3.1565 5.8435 22.5
    endloop
  endfacet
  facet normal 0.751826 -0.659362 0
    outer loop
      vertex 3.1565 5.8435 2
      vertex 2.99263 5.65665 22.5
      vertex 2.99263 5.65665 2
    endloop
  endfacet
  facet normal -0.751826 0.659362 0
    outer loop
      vertex 5.8435 3.1565 2
      vertex 6.00737 3.34335 22.5
      vertex 6.00737 3.34335 2
    endloop
  endfacet
  facet normal -0.751826 0.659362 0
    outer loop
      vertex 6.00737 3.34335 22.5
      vertex 5.8435 3.1565 2
      vertex 5.8435 3.1565 22.5
    endloop
  endfacet
  facet normal -0.896876 0.442282 0
    outer loop
      vertex 6.14545 3.55 2
      vertex 6.25537 3.7729 22.5
      vertex 6.25537 3.7729 2
    endloop
  endfacet
  facet normal -0.896876 0.442282 0
    outer loop
      vertex 6.25537 3.7729 22.5
      vertex 6.14545 3.55 2
      vertex 6.14545 3.55 22.5
    endloop
  endfacet
  facet normal 0.555573 0.831468 -0
    outer loop
      vertex 3.55 2.85455 2
      vertex 3.34335 2.99263 22.5
      vertex 3.55 2.85455 22.5
    endloop
  endfacet
  facet normal 0.555573 0.831468 0
    outer loop
      vertex 3.34335 2.99263 22.5
      vertex 3.55 2.85455 2
      vertex 3.34335 2.99263 2
    endloop
  endfacet
  facet normal 0.980783 -0.195102 0
    outer loop
      vertex 2.61625 4.748 22.5
      vertex 2.66474 4.99176 2
      vertex 2.66474 4.99176 22.5
    endloop
  endfacet
  facet normal 0.980783 -0.195102 0
    outer loop
      vertex 2.66474 4.99176 2
      vertex 2.61625 4.748 22.5
      vertex 2.61625 4.748 2
    endloop
  endfacet
  facet normal -0.065384 -0.99786 0
    outer loop
      vertex 4.5 6.4 4.5
      vertex 4.748 6.38375 22.5
      vertex 4.5 6.4 22.5
    endloop
  endfacet
  facet normal -0.065384 -0.99786 -0
    outer loop
      vertex 4.748 6.38375 22.5
      vertex 4.5 6.4 4.5
      vertex 4.748 6.38375 4.5
    endloop
  endfacet
  facet normal -0.555573 -0.831468 0
    outer loop
      vertex 5.45 6.14545 4.5
      vertex 5.65665 6.00737 22.5
      vertex 5.45 6.14545 22.5
    endloop
  endfacet
  facet normal -0.555583 -0.831461 1.63059e-07
    outer loop
      vertex 5.5 6.11204 4.5
      vertex 5.65665 6.00737 22.5
      vertex 5.45 6.14545 4.5
    endloop
  endfacet
  facet normal -0.55557 -0.83147 0
    outer loop
      vertex 5.65665 6.00737 2
      vertex 5.5 6.11204 4.5
      vertex 5.5 6.11204 2
    endloop
  endfacet
  facet normal -0.55557 -0.83147 0
    outer loop
      vertex 5.5 6.11204 4.5
      vertex 5.65665 6.00737 2
      vertex 5.65665 6.00737 22.5
    endloop
  endfacet
  facet normal 0.32145 -0.946927 1.47176e-07
    outer loop
      vertex 3.7729 6.25537 22.5
      vertex 4 6.33246 4.5
      vertex 4.00824 6.33526 22.5
    endloop
  endfacet
  facet normal 0.321439 -0.94693 0
    outer loop
      vertex 3.7729 6.25537 2
      vertex 4 6.33246 4.5
      vertex 3.7729 6.25537 22.5
    endloop
  endfacet
  facet normal 0.321439 -0.94693 0
    outer loop
      vertex 4 6.33246 4.5
      vertex 3.7729 6.25537 2
      vertex 4 6.33246 2
    endloop
  endfacet
  facet normal 0.321738 -0.946829 0
    outer loop
      vertex 4.00824 6.33526 22.5
      vertex 4 6.33246 4.5
      vertex 4.00824 6.33526 4.5
    endloop
  endfacet
  facet normal 0.065384 -0.99786 0
    outer loop
      vertex 4.252 6.38375 4.5
      vertex 4.5 6.4 22.5
      vertex 4.252 6.38375 22.5
    endloop
  endfacet
  facet normal 0.065384 -0.99786 0
    outer loop
      vertex 4.5 6.4 22.5
      vertex 4.252 6.38375 4.5
      vertex 4.5 6.4 4.5
    endloop
  endfacet
  facet normal 0.99786 -0.065384 0
    outer loop
      vertex 2.6 4.5 22.5
      vertex 2.61625 4.748 2
      vertex 2.61625 4.748 22.5
    endloop
  endfacet
  facet normal 0.99786 -0.065384 0
    outer loop
      vertex 2.61625 4.748 2
      vertex 2.6 4.5 22.5
      vertex 2.6 4.5 2
    endloop
  endfacet
  facet normal -0.659362 -0.751826 0
    outer loop
      vertex 5.65665 6.00737 2
      vertex 5.8435 5.8435 22.5
      vertex 5.65665 6.00737 22.5
    endloop
  endfacet
  facet normal -0.659362 -0.751826 -0
    outer loop
      vertex 5.8435 5.8435 22.5
      vertex 5.65665 6.00737 2
      vertex 5.8435 5.8435 2
    endloop
  endfacet
  facet normal 0.442282 0.896876 -0
    outer loop
      vertex 3.7729 2.74463 2
      vertex 3.55 2.85455 22.5
      vertex 3.7729 2.74463 22.5
    endloop
  endfacet
  facet normal 0.442282 0.896876 0
    outer loop
      vertex 3.55 2.85455 22.5
      vertex 3.7729 2.74463 2
      vertex 3.55 2.85455 2
    endloop
  endfacet
  facet normal -0.659362 0.751826 0
    outer loop
      vertex 5.8435 3.1565 2
      vertex 5.65665 2.99263 22.5
      vertex 5.8435 3.1565 22.5
    endloop
  endfacet
  facet normal -0.659362 0.751826 0
    outer loop
      vertex 5.65665 2.99263 22.5
      vertex 5.8435 3.1565 2
      vertex 5.65665 2.99263 2
    endloop
  endfacet
  facet normal 0.831468 0.555573 0
    outer loop
      vertex 2.99263 3.34335 22.5
      vertex 2.85455 3.55 2
      vertex 2.85455 3.55 22.5
    endloop
  endfacet
  facet normal 0.831468 0.555573 0
    outer loop
      vertex 2.85455 3.55 2
      vertex 2.99263 3.34335 22.5
      vertex 2.99263 3.34335 2
    endloop
  endfacet
  facet normal 0.896876 0.442282 0
    outer loop
      vertex 2.85455 3.55 22.5
      vertex 2.74463 3.7729 2
      vertex 2.74463 3.7729 22.5
    endloop
  endfacet
  facet normal 0.896876 0.442282 0
    outer loop
      vertex 2.74463 3.7729 2
      vertex 2.85455 3.55 22.5
      vertex 2.85455 3.55 2
    endloop
  endfacet
  facet normal 0.98079 0.195066 0
    outer loop
      vertex 7.97006 36.9568 22.5
      vertex 7.88074 37.4059 2
      vertex 7.88074 37.4059 22.5
    endloop
  endfacet
  facet normal 0.98079 0.195066 0
    outer loop
      vertex 7.88074 37.4059 2
      vertex 7.97006 36.9568 22.5
      vertex 7.97006 36.9568 2
    endloop
  endfacet
  facet normal 0.997859 0.0654026 0
    outer loop
      vertex 8 36.5 22.5
      vertex 7.97006 36.9568 2
      vertex 7.97006 36.9568 22.5
    endloop
  endfacet
  facet normal 0.997859 0.0654026 0
    outer loop
      vertex 7.97006 36.9568 2
      vertex 8 36.5 22.5
      vertex 8 36.5 2
    endloop
  endfacet
  facet normal 0.320963 -0.947092 0
    outer loop
      vertex 5.5 33.1512 4.5
      vertex 5.40587 33.1193 22.5
      vertex 5.40587 33.1193 4.5
    endloop
  endfacet
  facet normal 0.321322 -0.94697 2.09154e-06
    outer loop
      vertex 5.40587 33.1193 22.5
      vertex 5.5 33.1512 4.5
      vertex 5.83939 33.2664 22.5
    endloop
  endfacet
  facet normal 0.321421 -0.946936 0
    outer loop
      vertex 5.83939 33.2664 2
      vertex 5.5 33.1512 4.5
      vertex 5.5 33.1512 2
    endloop
  endfacet
  facet normal 0.321421 -0.946936 0
    outer loop
      vertex 5.5 33.1512 4.5
      vertex 5.83939 33.2664 2
      vertex 5.83939 33.2664 22.5
    endloop
  endfacet
  facet normal 0.831495 0.555532 0
    outer loop
      vertex 7.53109 38.25 22.5
      vertex 7.27674 38.6307 2
      vertex 7.27674 38.6307 22.5
    endloop
  endfacet
  facet normal 0.831495 0.555532 0
    outer loop
      vertex 7.27674 38.6307 2
      vertex 7.53109 38.25 22.5
      vertex 7.53109 38.25 2
    endloop
  endfacet
  facet normal 0.946926 -0.321452 0
    outer loop
      vertex 7.73358 35.1606 22.5
      vertex 7.88074 35.5941 2
      vertex 7.88074 35.5941 22.5
    endloop
  endfacet
  facet normal 0.946926 -0.321452 0
    outer loop
      vertex 7.88074 35.5941 2
      vertex 7.73358 35.1606 22.5
      vertex 7.73358 35.1606 2
    endloop
  endfacet
  facet normal -0.321322 -0.94697 0
    outer loop
      vertex 3.16061 33.2664 2
      vertex 3.59413 33.1193 22.5
      vertex 3.16061 33.2664 22.5
    endloop
  endfacet
  facet normal -0.321322 -0.94697 -0
    outer loop
      vertex 3.59413 33.1193 22.5
      vertex 3.16061 33.2664 2
      vertex 3.59413 33.1193 2
    endloop
  endfacet
  facet normal 0.195263 -0.980751 0
    outer loop
      vertex 4.95684 33.0299 4.5
      vertex 5.40587 33.1193 22.5
      vertex 4.95684 33.0299 22.5
    endloop
  endfacet
  facet normal 0.195263 -0.980751 0
    outer loop
      vertex 5.40587 33.1193 22.5
      vertex 4.95684 33.0299 4.5
      vertex 5.40587 33.1193 4.5
    endloop
  endfacet
  facet normal 0.555647 -0.831418 0
    outer loop
      vertex 6.25 33.4689 2
      vertex 6.63066 33.7233 22.5
      vertex 6.25 33.4689 22.5
    endloop
  endfacet
  facet normal 0.555647 -0.831418 0
    outer loop
      vertex 6.63066 33.7233 22.5
      vertex 6.25 33.4689 2
      vertex 6.63066 33.7233 2
    endloop
  endfacet
  facet normal 0.831495 -0.555532 0
    outer loop
      vertex 7.27674 34.3693 22.5
      vertex 7.53109 34.75 2
      vertex 7.53109 34.75 22.5
    endloop
  endfacet
  facet normal 0.831495 -0.555532 0
    outer loop
      vertex 7.53109 34.75 2
      vertex 7.27674 34.3693 22.5
      vertex 7.27674 34.3693 2
    endloop
  endfacet
  facet normal -0.659267 -0.751909 0
    outer loop
      vertex 2.02513 34.0251 2
      vertex 2.36934 33.7233 22.5
      vertex 2.02513 34.0251 22.5
    endloop
  endfacet
  facet normal -0.659267 -0.751909 -0
    outer loop
      vertex 2.36934 33.7233 22.5
      vertex 2.02513 34.0251 2
      vertex 2.36934 33.7233 2
    endloop
  endfacet
  facet normal 0.751824 0.659364 0
    outer loop
      vertex 7.27674 38.6307 22.5
      vertex 6.97487 38.9749 2
      vertex 6.97487 38.9749 22.5
    endloop
  endfacet
  facet normal 0.751824 0.659364 0
    outer loop
      vertex 6.97487 38.9749 2
      vertex 7.27674 38.6307 22.5
      vertex 7.27674 38.6307 2
    endloop
  endfacet
  facet normal 0.751824 -0.659364 0
    outer loop
      vertex 6.97487 34.0251 22.5
      vertex 7.27674 34.3693 2
      vertex 7.27674 34.3693 22.5
    endloop
  endfacet
  facet normal 0.751824 -0.659364 0
    outer loop
      vertex 7.27674 34.3693 2
      vertex 6.97487 34.0251 22.5
      vertex 6.97487 34.0251 2
    endloop
  endfacet
  facet normal -0.442305 -0.896864 0
    outer loop
      vertex 2.75 33.4689 2
      vertex 3.16061 33.2664 22.5
      vertex 2.75 33.4689 22.5
    endloop
  endfacet
  facet normal -0.442305 -0.896864 -0
    outer loop
      vertex 3.16061 33.2664 22.5
      vertex 2.75 33.4689 2
      vertex 3.16061 33.2664 2
    endloop
  endfacet
  facet normal 0.0653099 -0.997865 0
    outer loop
      vertex 4.5 33 4.5
      vertex 4.95684 33.0299 22.5
      vertex 4.5 33 22.5
    endloop
  endfacet
  facet normal 0.0653099 -0.997865 0
    outer loop
      vertex 4.95684 33.0299 22.5
      vertex 4.5 33 4.5
      vertex 4.95684 33.0299 4.5
    endloop
  endfacet
  facet normal 0.442305 -0.896864 0
    outer loop
      vertex 5.83939 33.2664 2
      vertex 6.25 33.4689 22.5
      vertex 5.83939 33.2664 22.5
    endloop
  endfacet
  facet normal 0.442305 -0.896864 0
    outer loop
      vertex 6.25 33.4689 22.5
      vertex 5.83939 33.2664 2
      vertex 6.25 33.4689 2
    endloop
  endfacet
  facet normal 0.659267 -0.751909 0
    outer loop
      vertex 6.63066 33.7233 2
      vertex 6.97487 34.0251 22.5
      vertex 6.63066 33.7233 22.5
    endloop
  endfacet
  facet normal 0.659267 -0.751909 0
    outer loop
      vertex 6.97487 34.0251 22.5
      vertex 6.63066 33.7233 2
      vertex 6.97487 34.0251 2
    endloop
  endfacet
  facet normal 0.896869 -0.442297 0
    outer loop
      vertex 7.53109 34.75 22.5
      vertex 7.73358 35.1606 2
      vertex 7.73358 35.1606 22.5
    endloop
  endfacet
  facet normal 0.896869 -0.442297 0
    outer loop
      vertex 7.73358 35.1606 2
      vertex 7.53109 34.75 22.5
      vertex 7.53109 34.75 2
    endloop
  endfacet
  facet normal 0.658969 0.75217 -0
    outer loop
      vertex 6.97487 38.9749 2
      vertex 6.94622 39 22.5
      vertex 6.97487 38.9749 22.5
    endloop
  endfacet
  facet normal 0.658969 0.75217 0
    outer loop
      vertex 6.94622 39 22.5
      vertex 6.97487 38.9749 2
      vertex 6.94622 39 2
    endloop
  endfacet
  facet normal 0.997859 -0.0654026 0
    outer loop
      vertex 7.97006 36.0432 22.5
      vertex 8 36.5 2
      vertex 8 36.5 22.5
    endloop
  endfacet
  facet normal 0.997859 -0.0654026 0
    outer loop
      vertex 8 36.5 2
      vertex 7.97006 36.0432 22.5
      vertex 7.97006 36.0432 2
    endloop
  endfacet
  facet normal -0.555647 -0.831418 0
    outer loop
      vertex 2.36934 33.7233 2
      vertex 2.75 33.4689 22.5
      vertex 2.36934 33.7233 22.5
    endloop
  endfacet
  facet normal -0.555647 -0.831418 -0
    outer loop
      vertex 2.75 33.4689 22.5
      vertex 2.36934 33.7233 2
      vertex 2.75 33.4689 2
    endloop
  endfacet
  facet normal 0.896869 0.442297 0
    outer loop
      vertex 7.73358 37.8394 22.5
      vertex 7.53109 38.25 2
      vertex 7.53109 38.25 22.5
    endloop
  endfacet
  facet normal 0.896869 0.442297 0
    outer loop
      vertex 7.53109 38.25 2
      vertex 7.73358 37.8394 22.5
      vertex 7.73358 37.8394 2
    endloop
  endfacet
  facet normal 0.98079 -0.195066 0
    outer loop
      vertex 7.88074 35.5941 22.5
      vertex 7.97006 36.0432 2
      vertex 7.97006 36.0432 22.5
    endloop
  endfacet
  facet normal 0.98079 -0.195066 0
    outer loop
      vertex 7.97006 36.0432 2
      vertex 7.88074 35.5941 22.5
      vertex 7.88074 35.5941 2
    endloop
  endfacet
  facet normal 0.946926 0.321452 0
    outer loop
      vertex 7.88074 37.4059 22.5
      vertex 7.73358 37.8394 2
      vertex 7.73358 37.8394 22.5
    endloop
  endfacet
  facet normal 0.946926 0.321452 0
    outer loop
      vertex 7.73358 37.8394 2
      vertex 7.88074 37.4059 22.5
      vertex 7.88074 37.4059 2
    endloop
  endfacet
  facet normal -0.752349 -0.658764 0
    outer loop
      vertex 2.02513 34.0251 2
      vertex 2 34.0538 22.5
      vertex 2 34.0538 2
    endloop
  endfacet
  facet normal -0.752349 -0.658764 0
    outer loop
      vertex 2 34.0538 22.5
      vertex 2.02513 34.0251 2
      vertex 2.02513 34.0251 22.5
    endloop
  endfacet
  facet normal 0 0 1
    outer loop
      vertex 6.4 36.5 22.5
      vertex 8 36.5 22.5
      vertex 7.97006 36.9568 22.5
    endloop
  endfacet
  facet normal 0 0 1
    outer loop
      vertex 6.38375 36.748 22.5
      vertex 7.97006 36.9568 22.5
      vertex 7.88074 37.4059 22.5
    endloop
  endfacet
  facet normal 0 0 1
    outer loop
      vertex 8 36.5 22.5
      vertex 6.4 36.5 22.5
      vertex 7.97006 36.0432 22.5
    endloop
  endfacet
  facet normal 0 0 1
    outer loop
      vertex 6.33526 36.9918 22.5
      vertex 7.88074 37.4059 22.5
      vertex 7.73358 37.8394 22.5
    endloop
  endfacet
  facet normal -0 0 1
    outer loop
      vertex 6.38375 36.252 22.5
      vertex 7.97006 36.0432 22.5
      vertex 6.4 36.5 22.5
    endloop
  endfacet
  facet normal 0 0 1
    outer loop
      vertex 6.25537 37.2271 22.5
      vertex 7.73358 37.8394 22.5
      vertex 7.53109 38.25 22.5
    endloop
  endfacet
  facet normal 0 0 1
    outer loop
      vertex 7.97006 36.0432 22.5
      vertex 6.38375 36.252 22.5
      vertex 7.88074 35.5941 22.5
    endloop
  endfacet
  facet normal 0 0 1
    outer loop
      vertex 6.14545 37.45 22.5
      vertex 7.53109 38.25 22.5
      vertex 7.27674 38.6307 22.5
    endloop
  endfacet
  facet normal -0 0 1
    outer loop
      vertex 6.33526 36.0082 22.5
      vertex 7.88074 35.5941 22.5
      vertex 6.38375 36.252 22.5
    endloop
  endfacet
  facet normal 0 0 1
    outer loop
      vertex 6.00737 37.6566 22.5
      vertex 7.27674 38.6307 22.5
      vertex 6.97487 38.9749 22.5
    endloop
  endfacet
  facet normal 0 0 1
    outer loop
      vertex 7.88074 35.5941 22.5
      vertex 6.33526 36.0082 22.5
      vertex 7.73358 35.1606 22.5
    endloop
  endfacet
  facet normal 0 0 1
    outer loop
      vertex 5.8435 37.8435 22.5
      vertex 6.97487 38.9749 22.5
      vertex 6.94622 39 22.5
    endloop
  endfacet
  facet normal -0 0 1
    outer loop
      vertex 6.25537 35.7729 22.5
      vertex 7.73358 35.1606 22.5
      vertex 6.33526 36.0082 22.5
    endloop
  endfacet
  facet normal 0 0 1
    outer loop
      vertex 7.73358 35.1606 22.5
      vertex 6.25537 35.7729 22.5
      vertex 7.53109 34.75 22.5
    endloop
  endfacet
  facet normal 0 0 1
    outer loop
      vertex 7.97006 36.9568 22.5
      vertex 6.38375 36.748 22.5
      vertex 6.4 36.5 22.5
    endloop
  endfacet
  facet normal 0 0 1
    outer loop
      vertex 7.88074 37.4059 22.5
      vertex 6.33526 36.9918 22.5
      vertex 6.38375 36.748 22.5
    endloop
  endfacet
  facet normal 0 0 1
    outer loop
      vertex 7.73358 37.8394 22.5
      vertex 6.25537 37.2271 22.5
      vertex 6.33526 36.9918 22.5
    endloop
  endfacet
  facet normal 0 0 1
    outer loop
      vertex 7.53109 38.25 22.5
      vertex 6.14545 37.45 22.5
      vertex 6.25537 37.2271 22.5
    endloop
  endfacet
  facet normal 0 0 1
    outer loop
      vertex 7.27674 38.6307 22.5
      vertex 6.00737 37.6566 22.5
      vertex 6.14545 37.45 22.5
    endloop
  endfacet
  facet normal 0 0 1
    outer loop
      vertex 6.97487 38.9749 22.5
      vertex 5.8435 37.8435 22.5
      vertex 6.00737 37.6566 22.5
    endloop
  endfacet
  facet normal 0 0 1
    outer loop
      vertex 6.94622 39 22.5
      vertex 5.65665 38.0074 22.5
      vertex 5.8435 37.8435 22.5
    endloop
  endfacet
  facet normal 0 0 1
    outer loop
      vertex 6.94622 39 22.5
      vertex 5.45 38.1454 22.5
      vertex 5.65665 38.0074 22.5
    endloop
  endfacet
  facet normal 0 0 1
    outer loop
      vertex 6.94622 39 22.5
      vertex 5.2271 38.2554 22.5
      vertex 5.45 38.1454 22.5
    endloop
  endfacet
  facet normal 0 0 1
    outer loop
      vertex 6.94622 39 22.5
      vertex 4.99176 38.3353 22.5
      vertex 5.2271 38.2554 22.5
    endloop
  endfacet
  facet normal -0 0 1
    outer loop
      vertex 4 39 22.5
      vertex 4.99176 38.3353 22.5
      vertex 6.94622 39 22.5
    endloop
  endfacet
  facet normal 0 0 1
    outer loop
      vertex 4.99176 38.3353 22.5
      vertex 4 39 22.5
      vertex 4.748 38.3837 22.5
    endloop
  endfacet
  facet normal 0 0 1
    outer loop
      vertex 4.748 38.3837 22.5
      vertex 4 39 22.5
      vertex 4.5 38.4 22.5
    endloop
  endfacet
  facet normal 0 0 1
    outer loop
      vertex 4.5 38.4 22.5
      vertex 4 39 22.5
      vertex 4.252 38.3837 22.5
    endloop
  endfacet
  facet normal 0 0 1
    outer loop
      vertex 4.252 38.3837 22.5
      vertex 4 39 22.5
      vertex 4.00824 38.3353 22.5
    endloop
  endfacet
  facet normal -0 0 1
    outer loop
      vertex 3.73895 38.9829 22.5
      vertex 4.00824 38.3353 22.5
      vertex 4 39 22.5
    endloop
  endfacet
  facet normal 0 0 1
    outer loop
      vertex 4.00824 38.3353 22.5
      vertex 3.73895 38.9829 22.5
      vertex 3.7729 38.2554 22.5
    endloop
  endfacet
  facet normal -0 0 1
    outer loop
      vertex 3.48236 38.9319 22.5
      vertex 3.7729 38.2554 22.5
      vertex 3.73895 38.9829 22.5
    endloop
  endfacet
  facet normal 0 0 1
    outer loop
      vertex 3.7729 38.2554 22.5
      vertex 3.48236 38.9319 22.5
      vertex 3.55 38.1454 22.5
    endloop
  endfacet
  facet normal -0 0 1
    outer loop
      vertex 3.23463 38.8478 22.5
      vertex 3.55 38.1454 22.5
      vertex 3.48236 38.9319 22.5
    endloop
  endfacet
  facet normal -0 0 1
    outer loop
      vertex 3 38.732 22.5
      vertex 3.55 38.1454 22.5
      vertex 3.23463 38.8478 22.5
    endloop
  endfacet
  facet normal 0 0 1
    outer loop
      vertex 3.55 38.1454 22.5
      vertex 3 38.732 22.5
      vertex 3.34335 38.0074 22.5
    endloop
  endfacet
  facet normal -0 0 1
    outer loop
      vertex 2.78248 38.5867 22.5
      vertex 3.34335 38.0074 22.5
      vertex 3 38.732 22.5
    endloop
  endfacet
  facet normal 0 0 1
    outer loop
      vertex 3.34335 38.0074 22.5
      vertex 2.78248 38.5867 22.5
      vertex 3.1565 37.8435 22.5
    endloop
  endfacet
  facet normal -0 0 1
    outer loop
      vertex 2.58579 38.4142 22.5
      vertex 3.1565 37.8435 22.5
      vertex 2.78248 38.5867 22.5
    endloop
  endfacet
  facet normal -0 0 1
    outer loop
      vertex 2.41329 38.2175 22.5
      vertex 3.1565 37.8435 22.5
      vertex 2.58579 38.4142 22.5
    endloop
  endfacet
  facet normal 0 0 1
    outer loop
      vertex 3.1565 37.8435 22.5
      vertex 2.41329 38.2175 22.5
      vertex 2.99263 37.6566 22.5
    endloop
  endfacet
  facet normal -0 0 1
    outer loop
      vertex 2.26795 38 22.5
      vertex 2.99263 37.6566 22.5
      vertex 2.41329 38.2175 22.5
    endloop
  endfacet
  facet normal 0 0 1
    outer loop
      vertex 2.99263 37.6566 22.5
      vertex 2.26795 38 22.5
      vertex 2.85455 37.45 22.5
    endloop
  endfacet
  facet normal -0 0 1
    outer loop
      vertex 2.06815 37.5176 22.5
      vertex 2.85455 37.45 22.5
      vertex 2.15224 37.7654 22.5
    endloop
  endfacet
  facet normal -0 0 1
    outer loop
      vertex 2.15224 37.7654 22.5
      vertex 2.85455 37.45 22.5
      vertex 2.26795 38 22.5
    endloop
  endfacet
  facet normal -0 0 1
    outer loop
      vertex 6.14545 35.55 22.5
      vertex 7.53109 34.75 22.5
      vertex 6.25537 35.7729 22.5
    endloop
  endfacet
  facet normal 0 0 1
    outer loop
      vertex 7.53109 34.75 22.5
      vertex 6.14545 35.55 22.5
      vertex 7.27674 34.3693 22.5
    endloop
  endfacet
  facet normal -0 0 1
    outer loop
      vertex 6.00737 35.3434 22.5
      vertex 7.27674 34.3693 22.5
      vertex 6.14545 35.55 22.5
    endloop
  endfacet
  facet normal 0 0 1
    outer loop
      vertex 7.27674 34.3693 22.5
      vertex 6.00737 35.3434 22.5
      vertex 6.97487 34.0251 22.5
    endloop
  endfacet
  facet normal -0 0 1
    outer loop
      vertex 5.8435 35.1565 22.5
      vertex 6.97487 34.0251 22.5
      vertex 6.00737 35.3434 22.5
    endloop
  endfacet
  facet normal 0 0 1
    outer loop
      vertex 6.97487 34.0251 22.5
      vertex 5.8435 35.1565 22.5
      vertex 6.63066 33.7233 22.5
    endloop
  endfacet
  facet normal -0 0 1
    outer loop
      vertex 5.65665 34.9926 22.5
      vertex 6.63066 33.7233 22.5
      vertex 5.8435 35.1565 22.5
    endloop
  endfacet
  facet normal 0 0 1
    outer loop
      vertex 6.63066 33.7233 22.5
      vertex 5.65665 34.9926 22.5
      vertex 6.25 33.4689 22.5
    endloop
  endfacet
  facet normal -0 0 1
    outer loop
      vertex 5.45 34.8546 22.5
      vertex 6.25 33.4689 22.5
      vertex 5.65665 34.9926 22.5
    endloop
  endfacet
  facet normal 0 0 1
    outer loop
      vertex 6.25 33.4689 22.5
      vertex 5.45 34.8546 22.5
      vertex 5.83939 33.2664 22.5
    endloop
  endfacet
  facet normal -0 0 1
    outer loop
      vertex 5.2271 34.7446 22.5
      vertex 5.83939 33.2664 22.5
      vertex 5.45 34.8546 22.5
    endloop
  endfacet
  facet normal 0 0 1
    outer loop
      vertex 5.83939 33.2664 22.5
      vertex 5.2271 34.7446 22.5
      vertex 5.40587 33.1193 22.5
    endloop
  endfacet
  facet normal -0 0 1
    outer loop
      vertex 4.99176 34.6647 22.5
      vertex 5.40587 33.1193 22.5
      vertex 5.2271 34.7446 22.5
    endloop
  endfacet
  facet normal 0 0 1
    outer loop
      vertex 4.99176 34.6647 22.5
      vertex 4.95684 33.0299 22.5
      vertex 5.40587 33.1193 22.5
    endloop
  endfacet
  facet normal -0 0 1
    outer loop
      vertex 4.748 34.6163 22.5
      vertex 4.95684 33.0299 22.5
      vertex 4.99176 34.6647 22.5
    endloop
  endfacet
  facet normal -0 0 1
    outer loop
      vertex 4.5 34.6 22.5
      vertex 4.95684 33.0299 22.5
      vertex 4.748 34.6163 22.5
    endloop
  endfacet
  facet normal 0 0 1
    outer loop
      vertex 4.5 34.6 22.5
      vertex 4.5 33 22.5
      vertex 4.95684 33.0299 22.5
    endloop
  endfacet
  facet normal 0 0 1
    outer loop
      vertex 4.252 34.6163 22.5
      vertex 4.5 33 22.5
      vertex 4.5 34.6 22.5
    endloop
  endfacet
  facet normal 0 0 1
    outer loop
      vertex 4.252 34.6163 22.5
      vertex 4.04316 33.0299 22.5
      vertex 4.5 33 22.5
    endloop
  endfacet
  facet normal 0 0 1
    outer loop
      vertex 4.00824 34.6647 22.5
      vertex 4.04316 33.0299 22.5
      vertex 4.252 34.6163 22.5
    endloop
  endfacet
  facet normal 0 0 1
    outer loop
      vertex 3.59413 33.1193 22.5
      vertex 4.00824 34.6647 22.5
      vertex 3.7729 34.7446 22.5
    endloop
  endfacet
  facet normal 0 0 1
    outer loop
      vertex 4.00824 34.6647 22.5
      vertex 3.59413 33.1193 22.5
      vertex 4.04316 33.0299 22.5
    endloop
  endfacet
  facet normal 0 0 1
    outer loop
      vertex 3.16061 33.2664 22.5
      vertex 3.7729 34.7446 22.5
      vertex 3.55 34.8546 22.5
    endloop
  endfacet
  facet normal 0 0 1
    outer loop
      vertex 2.75 33.4689 22.5
      vertex 3.55 34.8546 22.5
      vertex 3.34335 34.9926 22.5
    endloop
  endfacet
  facet normal 0 0 1
    outer loop
      vertex 3.7729 34.7446 22.5
      vertex 3.16061 33.2664 22.5
      vertex 3.59413 33.1193 22.5
    endloop
  endfacet
  facet normal 0 0 1
    outer loop
      vertex 2.36934 33.7233 22.5
      vertex 3.34335 34.9926 22.5
      vertex 3.1565 35.1565 22.5
    endloop
  endfacet
  facet normal 0 0 1
    outer loop
      vertex 2 34.0538 22.5
      vertex 3.1565 35.1565 22.5
      vertex 2.99263 35.3434 22.5
    endloop
  endfacet
  facet normal 0 0 1
    outer loop
      vertex 2 34.0538 22.5
      vertex 2.99263 35.3434 22.5
      vertex 2.85455 35.55 22.5
    endloop
  endfacet
  facet normal 0 0 1
    outer loop
      vertex 3.55 34.8546 22.5
      vertex 2.75 33.4689 22.5
      vertex 3.16061 33.2664 22.5
    endloop
  endfacet
  facet normal 0 0 1
    outer loop
      vertex 2 34.0538 22.5
      vertex 2.85455 35.55 22.5
      vertex 2.74463 35.7729 22.5
    endloop
  endfacet
  facet normal 0 0 1
    outer loop
      vertex 2 34.0538 22.5
      vertex 2.74463 35.7729 22.5
      vertex 2.66474 36.0082 22.5
    endloop
  endfacet
  facet normal 0 0 1
    outer loop
      vertex 2 37 22.5
      vertex 2.66474 36.0082 22.5
      vertex 2.61625 36.252 22.5
    endloop
  endfacet
  facet normal 0 0 1
    outer loop
      vertex 2 37 22.5
      vertex 2.61625 36.252 22.5
      vertex 2.6 36.5 22.5
    endloop
  endfacet
  facet normal 0 0 1
    outer loop
      vertex 2.85455 37.45 22.5
      vertex 2.06815 37.5176 22.5
      vertex 2.74463 37.2271 22.5
    endloop
  endfacet
  facet normal -0 0 1
    outer loop
      vertex 2.01711 37.2611 22.5
      vertex 2.74463 37.2271 22.5
      vertex 2.06815 37.5176 22.5
    endloop
  endfacet
  facet normal 0 0 1
    outer loop
      vertex 2.66474 36.0082 22.5
      vertex 2 37 22.5
      vertex 2 34.0538 22.5
    endloop
  endfacet
  facet normal 0 0 1
    outer loop
      vertex 2.74463 37.2271 22.5
      vertex 2.01711 37.2611 22.5
      vertex 2.66474 36.9918 22.5
    endloop
  endfacet
  facet normal -0 0 1
    outer loop
      vertex 2 37 22.5
      vertex 2.66474 36.9918 22.5
      vertex 2.01711 37.2611 22.5
    endloop
  endfacet
  facet normal 0 0 1
    outer loop
      vertex 2.66474 36.9918 22.5
      vertex 2 37 22.5
      vertex 2.61625 36.748 22.5
    endloop
  endfacet
  facet normal 0 0 1
    outer loop
      vertex 3.34335 34.9926 22.5
      vertex 2.36934 33.7233 22.5
      vertex 2.75 33.4689 22.5
    endloop
  endfacet
  facet normal 0 0 1
    outer loop
      vertex 2.61625 36.748 22.5
      vertex 2 37 22.5
      vertex 2.6 36.5 22.5
    endloop
  endfacet
  facet normal 0 0 1
    outer loop
      vertex 3.1565 35.1565 22.5
      vertex 2 34.0538 22.5
      vertex 2.02513 34.0251 22.5
    endloop
  endfacet
  facet normal 0 0 1
    outer loop
      vertex 3.1565 35.1565 22.5
      vertex 2.02513 34.0251 22.5
      vertex 2.36934 33.7233 22.5
    endloop
  endfacet
  facet normal -0.195263 -0.980751 -3.82712e-07
    outer loop
      vertex 3.59413 33.1193 22.5
      vertex 4 33.0385 4.5
      vertex 4.04316 33.0299 22.5
    endloop
  endfacet
  facet normal -0.195247 -0.980754 0
    outer loop
      vertex 3.59413 33.1193 2
      vertex 4 33.0385 4.5
      vertex 3.59413 33.1193 22.5
    endloop
  endfacet
  facet normal -0.195247 -0.980754 -0
    outer loop
      vertex 4 33.0385 4.5
      vertex 3.59413 33.1193 2
      vertex 4 33.0385 2
    endloop
  endfacet
  facet normal -0.195417 -0.98072 -0
    outer loop
      vertex 4.04316 33.0299 22.5
      vertex 4 33.0385 4.5
      vertex 4.04316 33.0299 4.5
    endloop
  endfacet
  facet normal -0.0653099 -0.997865 0
    outer loop
      vertex 4.04316 33.0299 4.5
      vertex 4.5 33 22.5
      vertex 4.04316 33.0299 22.5
    endloop
  endfacet
  facet normal -0.0653099 -0.997865 -0
    outer loop
      vertex 4.5 33 22.5
      vertex 4.04316 33.0299 4.5
      vertex 4.5 33 4.5
    endloop
  endfacet
  facet normal -0.194754 -0.980852 0
    outer loop
      vertex 4.748 38.3837 4.5
      vertex 4.99176 38.3353 22.5
      vertex 4.748 38.3837 22.5
    endloop
  endfacet
  facet normal -0.194754 -0.980852 -0
    outer loop
      vertex 4.99176 38.3353 22.5
      vertex 4.748 38.3837 4.5
      vertex 4.99176 38.3353 4.5
    endloop
  endfacet
  facet normal -0.980789 -0.195072 0
    outer loop
      vertex 6.38375 36.748 2
      vertex 6.33526 36.9918 22.5
      vertex 6.33526 36.9918 2
    endloop
  endfacet
  facet normal -0.980789 -0.195072 0
    outer loop
      vertex 6.33526 36.9918 22.5
      vertex 6.38375 36.748 2
      vertex 6.38375 36.748 22.5
    endloop
  endfacet
  facet normal -0.99786 -0.065384 0
    outer loop
      vertex 6.4 36.5 2
      vertex 6.38375 36.748 22.5
      vertex 6.38375 36.748 2
    endloop
  endfacet
  facet normal -0.99786 -0.065384 0
    outer loop
      vertex 6.38375 36.748 22.5
      vertex 6.4 36.5 2
      vertex 6.4 36.5 22.5
    endloop
  endfacet
  facet normal -0.94691 -0.321499 0
    outer loop
      vertex 6.33526 36.9918 2
      vertex 6.25537 37.2271 22.5
      vertex 6.25537 37.2271 2
    endloop
  endfacet
  facet normal -0.94691 -0.321499 0
    outer loop
      vertex 6.25537 37.2271 22.5
      vertex 6.33526 36.9918 2
      vertex 6.33526 36.9918 22.5
    endloop
  endfacet
  facet normal -0.831406 -0.555666 0
    outer loop
      vertex 6.14545 37.45 2
      vertex 6.00737 37.6566 22.5
      vertex 6.00737 37.6566 2
    endloop
  endfacet
  facet normal -0.831406 -0.555666 0
    outer loop
      vertex 6.00737 37.6566 22.5
      vertex 6.14545 37.45 2
      vertex 6.14545 37.45 22.5
    endloop
  endfacet
  facet normal -0.321486 -0.946914 0
    outer loop
      vertex 4.99176 38.3353 4.5
      vertex 5.2271 38.2554 22.5
      vertex 4.99176 38.3353 22.5
    endloop
  endfacet
  facet normal -0.321486 -0.946914 -0
    outer loop
      vertex 5.2271 38.2554 22.5
      vertex 4.99176 38.3353 4.5
      vertex 5.2271 38.2554 4.5
    endloop
  endfacet
  facet normal 0.980789 0.195072 0
    outer loop
      vertex 2.66474 36.0082 22.5
      vertex 2.61625 36.252 2
      vertex 2.61625 36.252 22.5
    endloop
  endfacet
  facet normal 0.980789 0.195072 0
    outer loop
      vertex 2.61625 36.252 2
      vertex 2.66474 36.0082 22.5
      vertex 2.66474 36.0082 2
    endloop
  endfacet
  facet normal -0.99786 0.065384 0
    outer loop
      vertex 6.38375 36.252 2
      vertex 6.4 36.5 22.5
      vertex 6.4 36.5 2
    endloop
  endfacet
  facet normal -0.99786 0.065384 0
    outer loop
      vertex 6.4 36.5 22.5
      vertex 6.38375 36.252 2
      vertex 6.38375 36.252 22.5
    endloop
  endfacet
  facet normal 0.99786 0.065384 0
    outer loop
      vertex 2.61625 36.252 22.5
      vertex 2.6 36.5 2
      vertex 2.6 36.5 22.5
    endloop
  endfacet
  facet normal 0.99786 0.065384 0
    outer loop
      vertex 2.6 36.5 2
      vertex 2.61625 36.252 22.5
      vertex 2.61625 36.252 2
    endloop
  endfacet
  facet normal 0.321738 0.946829 0
    outer loop
      vertex 4 34.6675 4.5
      vertex 4.00824 34.6647 22.5
      vertex 4.00824 34.6647 4.5
    endloop
  endfacet
  facet normal 0.321486 0.946914 1.28755e-07
    outer loop
      vertex 4.00824 34.6647 22.5
      vertex 4 34.6675 4.5
      vertex 3.7729 34.7446 22.5
    endloop
  endfacet
  facet normal 0.321477 0.946918 0
    outer loop
      vertex 3.7729 34.7446 2
      vertex 4 34.6675 4.5
      vertex 4 34.6675 2
    endloop
  endfacet
  facet normal 0.321477 0.946918 0
    outer loop
      vertex 4 34.6675 4.5
      vertex 3.7729 34.7446 2
      vertex 3.7729 34.7446 22.5
    endloop
  endfacet
  facet normal -0.896876 -0.442282 0
    outer loop
      vertex 6.25537 37.2271 2
      vertex 6.14545 37.45 22.5
      vertex 6.14545 37.45 2
    endloop
  endfacet
  facet normal -0.896876 -0.442282 0
    outer loop
      vertex 6.14545 37.45 22.5
      vertex 6.25537 37.2271 2
      vertex 6.25537 37.2271 22.5
    endloop
  endfacet
  facet normal -0.751913 -0.659262 0
    outer loop
      vertex 6.00737 37.6566 2
      vertex 5.8435 37.8435 22.5
      vertex 5.8435 37.8435 2
    endloop
  endfacet
  facet normal -0.751913 -0.659262 0
    outer loop
      vertex 5.8435 37.8435 22.5
      vertex 6.00737 37.6566 2
      vertex 6.00737 37.6566 22.5
    endloop
  endfacet
  facet normal -0.94691 0.321499 0
    outer loop
      vertex 6.25537 35.7729 2
      vertex 6.33526 36.0082 22.5
      vertex 6.33526 36.0082 2
    endloop
  endfacet
  facet normal -0.94691 0.321499 0
    outer loop
      vertex 6.33526 36.0082 22.5
      vertex 6.25537 35.7729 2
      vertex 6.25537 35.7729 22.5
    endloop
  endfacet
  facet normal 0.751913 0.659262 0
    outer loop
      vertex 3.1565 35.1565 22.5
      vertex 2.99263 35.3434 2
      vertex 2.99263 35.3434 22.5
    endloop
  endfacet
  facet normal 0.751913 0.659262 0
    outer loop
      vertex 2.99263 35.3434 2
      vertex 3.1565 35.1565 22.5
      vertex 3.1565 35.1565 2
    endloop
  endfacet
  facet normal -0.980789 0.195072 0
    outer loop
      vertex 6.33526 36.0082 2
      vertex 6.38375 36.252 22.5
      vertex 6.38375 36.252 2
    endloop
  endfacet
  facet normal -0.980789 0.195072 0
    outer loop
      vertex 6.38375 36.252 22.5
      vertex 6.33526 36.0082 2
      vertex 6.33526 36.0082 22.5
    endloop
  endfacet
  facet normal -0.0655843 0.997847 0
    outer loop
      vertex 4.748 34.6163 4.5
      vertex 4.5 34.6 22.5
      vertex 4.748 34.6163 22.5
    endloop
  endfacet
  facet normal -0.0655843 0.997847 0
    outer loop
      vertex 4.5 34.6 22.5
      vertex 4.748 34.6163 4.5
      vertex 4.5 34.6 4.5
    endloop
  endfacet
  facet normal 0.94691 0.321499 0
    outer loop
      vertex 2.74463 35.7729 22.5
      vertex 2.66474 36.0082 2
      vertex 2.66474 36.0082 22.5
    endloop
  endfacet
  facet normal 0.94691 0.321499 0
    outer loop
      vertex 2.66474 36.0082 2
      vertex 2.74463 35.7729 22.5
      vertex 2.74463 35.7729 2
    endloop
  endfacet
  facet normal -0.831406 0.555666 0
    outer loop
      vertex 6.00737 35.3434 2
      vertex 6.14545 35.55 22.5
      vertex 6.14545 35.55 2
    endloop
  endfacet
  facet normal -0.831406 0.555666 0
    outer loop
      vertex 6.14545 35.55 22.5
      vertex 6.00737 35.3434 2
      vertex 6.00737 35.3434 22.5
    endloop
  endfacet
  facet normal -0.442541 -0.896748 0
    outer loop
      vertex 5.2271 38.2554 4.5
      vertex 5.45 38.1454 22.5
      vertex 5.2271 38.2554 22.5
    endloop
  endfacet
  facet normal -0.442541 -0.896748 -0
    outer loop
      vertex 5.45 38.1454 22.5
      vertex 5.2271 38.2554 4.5
      vertex 5.45 38.1454 4.5
    endloop
  endfacet
  facet normal 0.442541 -0.896748 0
    outer loop
      vertex 3.55 38.1454 2
      vertex 3.7729 38.2554 22.5
      vertex 3.55 38.1454 22.5
    endloop
  endfacet
  facet normal 0.442541 -0.896748 0
    outer loop
      vertex 3.7729 38.2554 22.5
      vertex 3.55 38.1454 2
      vertex 3.7729 38.2554 2
    endloop
  endfacet
  facet normal -0.442541 0.896748 0
    outer loop
      vertex 5.45 34.8546 4.5
      vertex 5.2271 34.7446 22.5
      vertex 5.45 34.8546 22.5
    endloop
  endfacet
  facet normal -0.442541 0.896748 0
    outer loop
      vertex 5.2271 34.7446 22.5
      vertex 5.45 34.8546 4.5
      vertex 5.2271 34.7446 4.5
    endloop
  endfacet
  facet normal -0.321486 0.946914 0
    outer loop
      vertex 5.2271 34.7446 4.5
      vertex 4.99176 34.6647 22.5
      vertex 5.2271 34.7446 22.5
    endloop
  endfacet
  facet normal -0.321486 0.946914 0
    outer loop
      vertex 4.99176 34.6647 22.5
      vertex 5.2271 34.7446 4.5
      vertex 4.99176 34.6647 4.5
    endloop
  endfacet
  facet normal 0.194754 0.980852 -0
    outer loop
      vertex 4.252 34.6163 4.5
      vertex 4.00824 34.6647 22.5
      vertex 4.252 34.6163 22.5
    endloop
  endfacet
  facet normal 0.194754 0.980852 0
    outer loop
      vertex 4.00824 34.6647 22.5
      vertex 4.252 34.6163 4.5
      vertex 4.00824 34.6647 4.5
    endloop
  endfacet
  facet normal 0.94691 -0.321499 0
    outer loop
      vertex 2.66474 36.9918 22.5
      vertex 2.74463 37.2271 2
      vertex 2.74463 37.2271 22.5
    endloop
  endfacet
  facet normal 0.94691 -0.321499 0
    outer loop
      vertex 2.74463 37.2271 2
      vertex 2.66474 36.9918 22.5
      vertex 2.66474 36.9918 2
    endloop
  endfacet
  facet normal 0.194754 -0.980852 0
    outer loop
      vertex 4.00824 38.3353 4.5
      vertex 4.252 38.3837 22.5
      vertex 4.00824 38.3353 22.5
    endloop
  endfacet
  facet normal 0.194754 -0.980852 0
    outer loop
      vertex 4.252 38.3837 22.5
      vertex 4.00824 38.3353 4.5
      vertex 4.252 38.3837 4.5
    endloop
  endfacet
  facet normal 0.55535 -0.831617 0
    outer loop
      vertex 3.34335 38.0074 2
      vertex 3.55 38.1454 22.5
      vertex 3.34335 38.0074 22.5
    endloop
  endfacet
  facet normal 0.55535 -0.831617 0
    outer loop
      vertex 3.55 38.1454 22.5
      vertex 3.34335 38.0074 2
      vertex 3.55 38.1454 2
    endloop
  endfacet
  facet normal -0.55535 0.831617 4.71735e-07
    outer loop
      vertex 5.65665 34.9926 22.5
      vertex 5.5 34.888 4.5
      vertex 5.45 34.8546 22.5
    endloop
  endfacet
  facet normal -0.555313 0.831642 0
    outer loop
      vertex 5.65665 34.9926 2
      vertex 5.5 34.888 4.5
      vertex 5.65665 34.9926 22.5
    endloop
  endfacet
  facet normal -0.555313 0.831642 0
    outer loop
      vertex 5.5 34.888 4.5
      vertex 5.65665 34.9926 2
      vertex 5.5 34.888 2
    endloop
  endfacet
  facet normal -0.555468 0.831538 0
    outer loop
      vertex 5.45 34.8546 22.5
      vertex 5.5 34.888 4.5
      vertex 5.45 34.8546 4.5
    endloop
  endfacet
  facet normal -0.194754 0.980852 0
    outer loop
      vertex 4.99176 34.6647 4.5
      vertex 4.748 34.6163 22.5
      vertex 4.99176 34.6647 22.5
    endloop
  endfacet
  facet normal -0.194754 0.980852 0
    outer loop
      vertex 4.748 34.6163 22.5
      vertex 4.99176 34.6647 4.5
      vertex 4.748 34.6163 4.5
    endloop
  endfacet
  facet normal 0.896876 -0.442282 0
    outer loop
      vertex 2.74463 37.2271 22.5
      vertex 2.85455 37.45 2
      vertex 2.85455 37.45 22.5
    endloop
  endfacet
  facet normal 0.896876 -0.442282 0
    outer loop
      vertex 2.85455 37.45 2
      vertex 2.74463 37.2271 22.5
      vertex 2.74463 37.2271 2
    endloop
  endfacet
  facet normal 0.831406 -0.555666 0
    outer loop
      vertex 2.85455 37.45 22.5
      vertex 2.99263 37.6566 2
      vertex 2.99263 37.6566 22.5
    endloop
  endfacet
  facet normal 0.831406 -0.555666 0
    outer loop
      vertex 2.99263 37.6566 2
      vertex 2.85455 37.45 22.5
      vertex 2.85455 37.45 2
    endloop
  endfacet
  facet normal 0.0655843 0.997847 -0
    outer loop
      vertex 4.5 34.6 4.5
      vertex 4.252 34.6163 22.5
      vertex 4.5 34.6 22.5
    endloop
  endfacet
  facet normal 0.0655843 0.997847 0
    outer loop
      vertex 4.252 34.6163 22.5
      vertex 4.5 34.6 4.5
      vertex 4.252 34.6163 4.5
    endloop
  endfacet
  facet normal 0.65943 -0.751766 0
    outer loop
      vertex 3.1565 37.8435 2
      vertex 3.34335 38.0074 22.5
      vertex 3.1565 37.8435 22.5
    endloop
  endfacet
  facet normal 0.65943 -0.751766 0
    outer loop
      vertex 3.34335 38.0074 22.5
      vertex 3.1565 37.8435 2
      vertex 3.34335 38.0074 2
    endloop
  endfacet
  facet normal 0.65943 0.751766 -0
    outer loop
      vertex 3.34335 34.9926 2
      vertex 3.1565 35.1565 22.5
      vertex 3.34335 34.9926 22.5
    endloop
  endfacet
  facet normal 0.65943 0.751766 0
    outer loop
      vertex 3.1565 35.1565 22.5
      vertex 3.34335 34.9926 2
      vertex 3.1565 35.1565 2
    endloop
  endfacet
  facet normal 0.751913 -0.659262 0
    outer loop
      vertex 2.99263 37.6566 22.5
      vertex 3.1565 37.8435 2
      vertex 3.1565 37.8435 22.5
    endloop
  endfacet
  facet normal 0.751913 -0.659262 0
    outer loop
      vertex 3.1565 37.8435 2
      vertex 2.99263 37.6566 22.5
      vertex 2.99263 37.6566 2
    endloop
  endfacet
  facet normal -0.751913 0.659262 0
    outer loop
      vertex 5.8435 35.1565 2
      vertex 6.00737 35.3434 22.5
      vertex 6.00737 35.3434 2
    endloop
  endfacet
  facet normal -0.751913 0.659262 0
    outer loop
      vertex 6.00737 35.3434 22.5
      vertex 5.8435 35.1565 2
      vertex 5.8435 35.1565 22.5
    endloop
  endfacet
  facet normal -0.896876 0.442282 0
    outer loop
      vertex 6.14545 35.55 2
      vertex 6.25537 35.7729 22.5
      vertex 6.25537 35.7729 2
    endloop
  endfacet
  facet normal -0.896876 0.442282 0
    outer loop
      vertex 6.25537 35.7729 22.5
      vertex 6.14545 35.55 2
      vertex 6.14545 35.55 22.5
    endloop
  endfacet
  facet normal 0.55535 0.831617 -0
    outer loop
      vertex 3.55 34.8546 2
      vertex 3.34335 34.9926 22.5
      vertex 3.55 34.8546 22.5
    endloop
  endfacet
  facet normal 0.55535 0.831617 0
    outer loop
      vertex 3.34335 34.9926 22.5
      vertex 3.55 34.8546 2
      vertex 3.34335 34.9926 2
    endloop
  endfacet
  facet normal 0.980789 -0.195072 0
    outer loop
      vertex 2.61625 36.748 22.5
      vertex 2.66474 36.9918 2
      vertex 2.66474 36.9918 22.5
    endloop
  endfacet
  facet normal 0.980789 -0.195072 0
    outer loop
      vertex 2.66474 36.9918 2
      vertex 2.61625 36.748 22.5
      vertex 2.61625 36.748 2
    endloop
  endfacet
  facet normal -0.0655843 -0.997847 0
    outer loop
      vertex 4.5 38.4 4.5
      vertex 4.748 38.3837 22.5
      vertex 4.5 38.4 22.5
    endloop
  endfacet
  facet normal -0.0655843 -0.997847 -0
    outer loop
      vertex 4.748 38.3837 22.5
      vertex 4.5 38.4 4.5
      vertex 4.748 38.3837 4.5
    endloop
  endfacet
  facet normal -0.55535 -0.831617 0
    outer loop
      vertex 5.45 38.1454 4.5
      vertex 5.65665 38.0074 22.5
      vertex 5.45 38.1454 22.5
    endloop
  endfacet
  facet normal -0.555468 -0.831538 1.9495e-06
    outer loop
      vertex 5.5 38.112 4.5
      vertex 5.65665 38.0074 22.5
      vertex 5.45 38.1454 4.5
    endloop
  endfacet
  facet normal -0.555313 -0.831642 0
    outer loop
      vertex 5.65665 38.0074 2
      vertex 5.5 38.112 4.5
      vertex 5.5 38.112 2
    endloop
  endfacet
  facet normal -0.555313 -0.831642 0
    outer loop
      vertex 5.5 38.112 4.5
      vertex 5.65665 38.0074 2
      vertex 5.65665 38.0074 22.5
    endloop
  endfacet
  facet normal 0.321486 -0.946914 1.28755e-07
    outer loop
      vertex 3.7729 38.2554 22.5
      vertex 4 38.3325 4.5
      vertex 4.00824 38.3353 22.5
    endloop
  endfacet
  facet normal 0.321477 -0.946918 0
    outer loop
      vertex 3.7729 38.2554 2
      vertex 4 38.3325 4.5
      vertex 3.7729 38.2554 22.5
    endloop
  endfacet
  facet normal 0.321477 -0.946918 0
    outer loop
      vertex 4 38.3325 4.5
      vertex 3.7729 38.2554 2
      vertex 4 38.3325 2
    endloop
  endfacet
  facet normal 0.321738 -0.946829 0
    outer loop
      vertex 4.00824 38.3353 22.5
      vertex 4 38.3325 4.5
      vertex 4.00824 38.3353 4.5
    endloop
  endfacet
  facet normal 0.0655843 -0.997847 0
    outer loop
      vertex 4.252 38.3837 4.5
      vertex 4.5 38.4 22.5
      vertex 4.252 38.3837 22.5
    endloop
  endfacet
  facet normal 0.0655843 -0.997847 0
    outer loop
      vertex 4.5 38.4 22.5
      vertex 4.252 38.3837 4.5
      vertex 4.5 38.4 4.5
    endloop
  endfacet
  facet normal 0.99786 -0.065384 0
    outer loop
      vertex 2.6 36.5 22.5
      vertex 2.61625 36.748 2
      vertex 2.61625 36.748 22.5
    endloop
  endfacet
  facet normal 0.99786 -0.065384 0
    outer loop
      vertex 2.61625 36.748 2
      vertex 2.6 36.5 22.5
      vertex 2.6 36.5 2
    endloop
  endfacet
  facet normal -0.65943 -0.751766 0
    outer loop
      vertex 5.65665 38.0074 2
      vertex 5.8435 37.8435 22.5
      vertex 5.65665 38.0074 22.5
    endloop
  endfacet
  facet normal -0.65943 -0.751766 -0
    outer loop
      vertex 5.8435 37.8435 22.5
      vertex 5.65665 38.0074 2
      vertex 5.8435 37.8435 2
    endloop
  endfacet
  facet normal 0.442541 0.896748 -0
    outer loop
      vertex 3.7729 34.7446 2
      vertex 3.55 34.8546 22.5
      vertex 3.7729 34.7446 22.5
    endloop
  endfacet
  facet normal 0.442541 0.896748 0
    outer loop
      vertex 3.55 34.8546 22.5
      vertex 3.7729 34.7446 2
      vertex 3.55 34.8546 2
    endloop
  endfacet
  facet normal -0.65943 0.751766 0
    outer loop
      vertex 5.8435 35.1565 2
      vertex 5.65665 34.9926 22.5
      vertex 5.8435 35.1565 22.5
    endloop
  endfacet
  facet normal -0.65943 0.751766 0
    outer loop
      vertex 5.65665 34.9926 22.5
      vertex 5.8435 35.1565 2
      vertex 5.65665 34.9926 2
    endloop
  endfacet
  facet normal 0.831406 0.555666 0
    outer loop
      vertex 2.99263 35.3434 22.5
      vertex 2.85455 35.55 2
      vertex 2.85455 35.55 22.5
    endloop
  endfacet
  facet normal 0.831406 0.555666 0
    outer loop
      vertex 2.85455 35.55 2
      vertex 2.99263 35.3434 22.5
      vertex 2.99263 35.3434 2
    endloop
  endfacet
  facet normal 0.896876 0.442282 0
    outer loop
      vertex 2.85455 35.55 22.5
      vertex 2.74463 35.7729 2
      vertex 2.74463 35.7729 22.5
    endloop
  endfacet
  facet normal 0.896876 0.442282 0
    outer loop
      vertex 2.74463 35.7729 2
      vertex 2.85455 35.55 22.5
      vertex 2.85455 35.55 2
    endloop
  endfacet
  facet normal -0.896853 0.442328 0
    outer loop
      vertex 77.4689 6.25 2
      vertex 77.3456 6 18
      vertex 77.4689 6.25 22.5
    endloop
  endfacet
  facet normal -0.896864 0.442305 -4.3862e-07
    outer loop
      vertex 77.2664 5.83939 2
      vertex 77.3456 6 18
      vertex 77.4689 6.25 2
    endloop
  endfacet
  facet normal -0.896882 0.44227 0
    outer loop
      vertex 77.3456 6 18
      vertex 77.2664 5.83939 2
      vertex 77.2664 5.83939 18
    endloop
  endfacet
  facet normal -0.896853 0.442328 0
    outer loop
      vertex 77.3456 6 19.2
      vertex 77.4689 6.25 22.5
      vertex 77.3456 6 18
    endloop
  endfacet
  facet normal -0.896882 0.44227 0
    outer loop
      vertex 77.2664 5.83939 22.5
      vertex 77.3456 6 19.2
      vertex 77.2664 5.83939 19.2
    endloop
  endfacet
  facet normal -0.896864 0.442305 2.12664e-06
    outer loop
      vertex 77.3456 6 19.2
      vertex 77.2664 5.83939 22.5
      vertex 77.4689 6.25 22.5
    endloop
  endfacet
  facet normal -0.555532 0.831495 0
    outer loop
      vertex 78.75 7.53109 2
      vertex 78.3693 7.27674 22.5
      vertex 78.75 7.53109 22.5
    endloop
  endfacet
  facet normal -0.555532 0.831495 0
    outer loop
      vertex 78.3693 7.27674 22.5
      vertex 78.75 7.53109 2
      vertex 78.3693 7.27674 2
    endloop
  endfacet
  facet normal -0.659364 0.751824 0
    outer loop
      vertex 78.3693 7.27674 2
      vertex 78.0251 6.97487 22.5
      vertex 78.3693 7.27674 22.5
    endloop
  endfacet
  facet normal -0.659364 0.751824 0
    outer loop
      vertex 78.0251 6.97487 22.5
      vertex 78.3693 7.27674 2
      vertex 78.0251 6.97487 2
    endloop
  endfacet
  facet normal -0.751909 0.659267 0
    outer loop
      vertex 77.7233 6.63066 2
      vertex 78.0251 6.97487 22.5
      vertex 78.0251 6.97487 2
    endloop
  endfacet
  facet normal -0.751909 0.659267 0
    outer loop
      vertex 78.0251 6.97487 22.5
      vertex 77.7233 6.63066 2
      vertex 77.7233 6.63066 22.5
    endloop
  endfacet
  facet normal -0.997865 0.0653099 0
    outer loop
      vertex 77 4.5 2
      vertex 77.0299 4.95684 22.5
      vertex 77.0299 4.95684 2
    endloop
  endfacet
  facet normal -0.997865 0.0653099 0
    outer loop
      vertex 77.0299 4.95684 22.5
      vertex 77 4.5 2
      vertex 77 4.5 22.5
    endloop
  endfacet
  facet normal 0.555532 0.831495 -0
    outer loop
      vertex 82.6307 7.27674 2
      vertex 82.25 7.53109 22.5
      vertex 82.6307 7.27674 22.5
    endloop
  endfacet
  facet normal 0.555532 0.831495 0
    outer loop
      vertex 82.25 7.53109 22.5
      vertex 82.6307 7.27674 2
      vertex 82.25 7.53109 2
    endloop
  endfacet
  facet normal -0.321452 0.946926 0
    outer loop
      vertex 79.5941 7.88074 2
      vertex 79.1606 7.73358 22.5
      vertex 79.5941 7.88074 22.5
    endloop
  endfacet
  facet normal -0.321452 0.946926 0
    outer loop
      vertex 79.1606 7.73358 22.5
      vertex 79.5941 7.88074 2
      vertex 79.1606 7.73358 2
    endloop
  endfacet
  facet normal -0.831418 -0.555647 0
    outer loop
      vertex 77.7233 2.36934 2
      vertex 77.4689 2.75 22.5
      vertex 77.4689 2.75 2
    endloop
  endfacet
  facet normal -0.831418 -0.555647 0
    outer loop
      vertex 77.4689 2.75 22.5
      vertex 77.7233 2.36934 2
      vertex 77.7233 2.36934 22.5
    endloop
  endfacet
  facet normal -0.94697 0.321322 0
    outer loop
      vertex 77.1193 5.40587 19.2
      vertex 77.2664 5.83939 22.5
      vertex 77.2664 5.83939 19.2
    endloop
  endfacet
  facet normal -0.94697 0.321322 0
    outer loop
      vertex 77.2664 5.83939 22.5
      vertex 77.1193 5.40587 19.2
      vertex 77.1193 5.40587 22.5
    endloop
  endfacet
  facet normal -0.94697 0.321322 0
    outer loop
      vertex 77.1193 5.40587 2
      vertex 77.2664 5.83939 18
      vertex 77.2664 5.83939 2
    endloop
  endfacet
  facet normal -0.94697 0.321322 0
    outer loop
      vertex 77.2664 5.83939 18
      vertex 77.1193 5.40587 2
      vertex 77.1193 5.40587 18
    endloop
  endfacet
  facet normal 0.321452 0.946926 -0
    outer loop
      vertex 81.8394 7.73358 2
      vertex 81.4059 7.88074 18
      vertex 81.8394 7.73358 18
    endloop
  endfacet
  facet normal 0.321452 0.946926 0
    outer loop
      vertex 81.4059 7.88074 18
      vertex 81.8394 7.73358 2
      vertex 81.4059 7.88074 2
    endloop
  endfacet
  facet normal 0.321452 0.946926 -0
    outer loop
      vertex 81.8394 7.73358 19.2
      vertex 81.4059 7.88074 22.5
      vertex 81.8394 7.73358 22.5
    endloop
  endfacet
  facet normal 0.321452 0.946926 0
    outer loop
      vertex 81.4059 7.88074 22.5
      vertex 81.8394 7.73358 19.2
      vertex 81.4059 7.88074 19.2
    endloop
  endfacet
  facet normal 0.0654026 0.997859 -0
    outer loop
      vertex 80.9568 7.97006 2
      vertex 80.5 8 22.5
      vertex 80.9568 7.97006 22.5
    endloop
  endfacet
  facet normal 0.0654026 0.997859 0
    outer loop
      vertex 80.5 8 22.5
      vertex 80.9568 7.97006 2
      vertex 80.5 8 2
    endloop
  endfacet
  facet normal -0.442297 0.896869 0
    outer loop
      vertex 79.1606 7.73358 2
      vertex 78.75 7.53109 22.5
      vertex 79.1606 7.73358 22.5
    endloop
  endfacet
  facet normal -0.442297 0.896869 0
    outer loop
      vertex 78.75 7.53109 22.5
      vertex 79.1606 7.73358 2
      vertex 78.75 7.53109 2
    endloop
  endfacet
  facet normal -0.997865 -0.0653099 0
    outer loop
      vertex 77.0299 4.04316 2
      vertex 77 4.5 22.5
      vertex 77 4.5 2
    endloop
  endfacet
  facet normal -0.997865 -0.0653099 0
    outer loop
      vertex 77 4.5 22.5
      vertex 77.0299 4.04316 2
      vertex 77.0299 4.04316 22.5
    endloop
  endfacet
  facet normal -0.94697 -0.321322 0
    outer loop
      vertex 77.2664 3.16061 2
      vertex 77.1193 3.59413 22.5
      vertex 77.1193 3.59413 2
    endloop
  endfacet
  facet normal -0.94697 -0.321322 0
    outer loop
      vertex 77.1193 3.59413 22.5
      vertex 77.2664 3.16061 2
      vertex 77.2664 3.16061 22.5
    endloop
  endfacet
  facet normal -0.658764 -0.752349 0
    outer loop
      vertex 78.0251 2.02513 2
      vertex 78.0538 2 22.5
      vertex 78.0251 2.02513 22.5
    endloop
  endfacet
  facet normal -0.658764 -0.752349 -0
    outer loop
      vertex 78.0538 2 22.5
      vertex 78.0251 2.02513 2
      vertex 78.0538 2 2
    endloop
  endfacet
  facet normal 0.442297 0.896869 -2.47023e-06
    outer loop
      vertex 82.25 7.53109 22.5
      vertex 82 7.65437 19.2
      vertex 81.8394 7.73358 22.5
    endloop
  endfacet
  facet normal 0.44227 0.896882 0
    outer loop
      vertex 82.25 7.53109 22.5
      vertex 82 7.65437 18
      vertex 82 7.65437 19.2
    endloop
  endfacet
  facet normal 0.44227 0.896882 -0
    outer loop
      vertex 82.25 7.53109 2
      vertex 82 7.65437 18
      vertex 82.25 7.53109 22.5
    endloop
  endfacet
  facet normal 0.442297 0.896869 5.09485e-07
    outer loop
      vertex 81.8394 7.73358 2
      vertex 82 7.65437 18
      vertex 82.25 7.53109 2
    endloop
  endfacet
  facet normal 0.442337 0.896849 0
    outer loop
      vertex 82 7.65437 18
      vertex 81.8394 7.73358 2
      vertex 81.8394 7.73358 18
    endloop
  endfacet
  facet normal 0.442337 0.896849 0
    outer loop
      vertex 81.8394 7.73358 22.5
      vertex 82 7.65437 19.2
      vertex 81.8394 7.73358 19.2
    endloop
  endfacet
  facet normal -0.195066 0.98079 0
    outer loop
      vertex 80.0432 7.97006 2
      vertex 79.5941 7.88074 22.5
      vertex 80.0432 7.97006 22.5
    endloop
  endfacet
  facet normal -0.195066 0.98079 0
    outer loop
      vertex 79.5941 7.88074 22.5
      vertex 80.0432 7.97006 2
      vertex 79.5941 7.88074 2
    endloop
  endfacet
  facet normal 0.75217 0.658969 0
    outer loop
      vertex 83 6.94622 22.5
      vertex 82.9749 6.97487 2
      vertex 82.9749 6.97487 22.5
    endloop
  endfacet
  facet normal 0.75217 0.658969 0
    outer loop
      vertex 82.9749 6.97487 2
      vertex 83 6.94622 22.5
      vertex 83 6.94622 2
    endloop
  endfacet
  facet normal 0.19507 0.980789 0
    outer loop
      vertex 81.4059 7.88074 18
      vertex 81.4059 7.88074 2
      vertex 81 7.96147 18
    endloop
  endfacet
  facet normal 0.19507 0.980789 0
    outer loop
      vertex 81 7.96147 19.2
      vertex 81.4059 7.88074 22.5
      vertex 81.4059 7.88074 19.2
    endloop
  endfacet
  facet normal 0.195066 0.98079 5.65829e-07
    outer loop
      vertex 81.4059 7.88074 22.5
      vertex 81 7.96147 19.2
      vertex 80.9568 7.97006 22.5
    endloop
  endfacet
  facet normal 0.195024 0.980798 -0
    outer loop
      vertex 81 7.96147 18
      vertex 80.9568 7.97006 22.5
      vertex 81 7.96147 19.2
    endloop
  endfacet
  facet normal 0.195024 0.980798 0
    outer loop
      vertex 81 7.96147 18
      vertex 80.9568 7.97006 2
      vertex 80.9568 7.97006 22.5
    endloop
  endfacet
  facet normal 0.195066 0.98079 -1.16702e-07
    outer loop
      vertex 80.9568 7.97006 2
      vertex 81 7.96147 18
      vertex 81.4059 7.88074 2
    endloop
  endfacet
  facet normal -0.0654026 0.997859 0
    outer loop
      vertex 80.5 8 2
      vertex 80.0432 7.97006 22.5
      vertex 80.5 8 22.5
    endloop
  endfacet
  facet normal -0.0654026 0.997859 0
    outer loop
      vertex 80.0432 7.97006 22.5
      vertex 80.5 8 2
      vertex 80.0432 7.97006 2
    endloop
  endfacet
  facet normal -0.980754 0.195247 0
    outer loop
      vertex 77.1193 5.40587 2
      vertex 77.0385 5 18
      vertex 77.1193 5.40587 18
    endloop
  endfacet
  facet normal -0.98072 0.195417 0
    outer loop
      vertex 77.0299 4.95684 22.5
      vertex 77.0385 5 18
      vertex 77.0299 4.95684 2
    endloop
  endfacet
  facet normal -0.980751 0.195263 4.30551e-07
    outer loop
      vertex 77.0299 4.95684 2
      vertex 77.0385 5 18
      vertex 77.1193 5.40587 2
    endloop
  endfacet
  facet normal -0.980754 0.195247 0
    outer loop
      vertex 77.0385 5 19.2
      vertex 77.1193 5.40587 22.5
      vertex 77.1193 5.40587 19.2
    endloop
  endfacet
  facet normal -0.980751 0.195263 -2.08752e-06
    outer loop
      vertex 77.0385 5 19.2
      vertex 77.0299 4.95684 22.5
      vertex 77.1193 5.40587 22.5
    endloop
  endfacet
  facet normal -0.98072 0.195417 0
    outer loop
      vertex 77.0385 5 18
      vertex 77.0299 4.95684 22.5
      vertex 77.0385 5 19.2
    endloop
  endfacet
  facet normal -0.896864 -0.442305 0
    outer loop
      vertex 77.4689 2.75 2
      vertex 77.2664 3.16061 22.5
      vertex 77.2664 3.16061 2
    endloop
  endfacet
  facet normal -0.896864 -0.442305 0
    outer loop
      vertex 77.2664 3.16061 22.5
      vertex 77.4689 2.75 2
      vertex 77.4689 2.75 22.5
    endloop
  endfacet
  facet normal 0.659364 0.751824 -0
    outer loop
      vertex 82.9749 6.97487 2
      vertex 82.6307 7.27674 22.5
      vertex 82.9749 6.97487 22.5
    endloop
  endfacet
  facet normal 0.659364 0.751824 0
    outer loop
      vertex 82.6307 7.27674 22.5
      vertex 82.9749 6.97487 2
      vertex 82.6307 7.27674 2
    endloop
  endfacet
  facet normal -0.980751 -0.195263 0
    outer loop
      vertex 77.1193 3.59413 2
      vertex 77.0299 4.04316 22.5
      vertex 77.0299 4.04316 2
    endloop
  endfacet
  facet normal -0.980751 -0.195263 0
    outer loop
      vertex 77.0299 4.04316 22.5
      vertex 77.1193 3.59413 2
      vertex 77.1193 3.59413 22.5
    endloop
  endfacet
  facet normal -0.751909 -0.659267 0
    outer loop
      vertex 78.0251 2.02513 2
      vertex 77.7233 2.36934 22.5
      vertex 77.7233 2.36934 2
    endloop
  endfacet
  facet normal -0.751909 -0.659267 0
    outer loop
      vertex 77.7233 2.36934 22.5
      vertex 78.0251 2.02513 2
      vertex 78.0251 2.02513 22.5
    endloop
  endfacet
  facet normal -0 0 1
    outer loop
      vertex 82.3353 4.99176 22.5
      vertex 83 4 22.5
      vertex 83 6.94622 22.5
    endloop
  endfacet
  facet normal 0 0 1
    outer loop
      vertex 81.8435 5.8435 22.5
      vertex 83 6.94622 22.5
      vertex 82.9749 6.97487 22.5
    endloop
  endfacet
  facet normal -0 -0 1
    outer loop
      vertex 82.3837 4.748 22.5
      vertex 83 4 22.5
      vertex 82.3353 4.99176 22.5
    endloop
  endfacet
  facet normal -0 0 1
    outer loop
      vertex 82.3837 4.252 22.5
      vertex 83 4 22.5
      vertex 82.4 4.5 22.5
    endloop
  endfacet
  facet normal -0 0 1
    outer loop
      vertex 82.3353 4.00824 22.5
      vertex 83 4 22.5
      vertex 82.3837 4.252 22.5
    endloop
  endfacet
  facet normal 0 0 1
    outer loop
      vertex 81.8435 5.8435 22.5
      vertex 82.9749 6.97487 22.5
      vertex 82.6307 7.27674 22.5
    endloop
  endfacet
  facet normal 0 0 1
    outer loop
      vertex 83 4 22.5
      vertex 82.3353 4.00824 22.5
      vertex 82.9829 3.73895 22.5
    endloop
  endfacet
  facet normal 0 0 1
    outer loop
      vertex 82.9829 3.73895 22.5
      vertex 82.2554 3.7729 22.5
      vertex 82.9319 3.48236 22.5
    endloop
  endfacet
  facet normal -0 0 1
    outer loop
      vertex 82.1454 3.55 22.5
      vertex 82.9319 3.48236 22.5
      vertex 82.2554 3.7729 22.5
    endloop
  endfacet
  facet normal -0 0 1
    outer loop
      vertex 82.2554 3.7729 22.5
      vertex 82.9829 3.73895 22.5
      vertex 82.3353 4.00824 22.5
    endloop
  endfacet
  facet normal -0 -0 1
    outer loop
      vertex 82.4 4.5 22.5
      vertex 83 4 22.5
      vertex 82.3837 4.748 22.5
    endloop
  endfacet
  facet normal 0 0 1
    outer loop
      vertex 83 6.94622 22.5
      vertex 82.2554 5.2271 22.5
      vertex 82.3353 4.99176 22.5
    endloop
  endfacet
  facet normal 0 0 1
    outer loop
      vertex 81.6566 6.00737 22.5
      vertex 82.6307 7.27674 22.5
      vertex 82.25 7.53109 22.5
    endloop
  endfacet
  facet normal 0 0 1
    outer loop
      vertex 83 6.94622 22.5
      vertex 82.1454 5.45 22.5
      vertex 82.2554 5.2271 22.5
    endloop
  endfacet
  facet normal 0 0 1
    outer loop
      vertex 83 6.94622 22.5
      vertex 82.0074 5.65665 22.5
      vertex 82.1454 5.45 22.5
    endloop
  endfacet
  facet normal 0 0 1
    outer loop
      vertex 83 6.94622 22.5
      vertex 81.8435 5.8435 22.5
      vertex 82.0074 5.65665 22.5
    endloop
  endfacet
  facet normal 0 0 1
    outer loop
      vertex 81.45 6.14545 22.5
      vertex 82.25 7.53109 22.5
      vertex 81.8394 7.73358 22.5
    endloop
  endfacet
  facet normal 0 0 1
    outer loop
      vertex 82.6307 7.27674 22.5
      vertex 81.6566 6.00737 22.5
      vertex 81.8435 5.8435 22.5
    endloop
  endfacet
  facet normal 0 0 1
    outer loop
      vertex 82.25 7.53109 22.5
      vertex 81.45 6.14545 22.5
      vertex 81.6566 6.00737 22.5
    endloop
  endfacet
  facet normal 0 0 1
    outer loop
      vertex 81.2271 6.25537 22.5
      vertex 81.8394 7.73358 22.5
      vertex 81.4059 7.88074 22.5
    endloop
  endfacet
  facet normal 0 0 1
    outer loop
      vertex 81.8394 7.73358 22.5
      vertex 81.2271 6.25537 22.5
      vertex 81.45 6.14545 22.5
    endloop
  endfacet
  facet normal 0 0 1
    outer loop
      vertex 81.4059 7.88074 22.5
      vertex 80.9918 6.33526 22.5
      vertex 81.2271 6.25537 22.5
    endloop
  endfacet
  facet normal 0 0 1
    outer loop
      vertex 80.9568 7.97006 22.5
      vertex 80.9918 6.33526 22.5
      vertex 81.4059 7.88074 22.5
    endloop
  endfacet
  facet normal 0 0 1
    outer loop
      vertex 80.9568 7.97006 22.5
      vertex 80.748 6.38375 22.5
      vertex 80.9918 6.33526 22.5
    endloop
  endfacet
  facet normal 0 0 1
    outer loop
      vertex 80.5 8 22.5
      vertex 80.748 6.38375 22.5
      vertex 80.9568 7.97006 22.5
    endloop
  endfacet
  facet normal 0 0 1
    outer loop
      vertex 80.5 8 22.5
      vertex 80.5 6.4 22.5
      vertex 80.748 6.38375 22.5
    endloop
  endfacet
  facet normal 0 0 1
    outer loop
      vertex 80.5 8 22.5
      vertex 80.252 6.38375 22.5
      vertex 80.5 6.4 22.5
    endloop
  endfacet
  facet normal -0 0 1
    outer loop
      vertex 80.0432 7.97006 22.5
      vertex 80.252 6.38375 22.5
      vertex 80.5 8 22.5
    endloop
  endfacet
  facet normal 0 0 1
    outer loop
      vertex 80.0432 7.97006 22.5
      vertex 80.0082 6.33526 22.5
      vertex 80.252 6.38375 22.5
    endloop
  endfacet
  facet normal -0 0 1
    outer loop
      vertex 79.5941 7.88074 22.5
      vertex 80.0082 6.33526 22.5
      vertex 80.0432 7.97006 22.5
    endloop
  endfacet
  facet normal 0 0 1
    outer loop
      vertex 80.0082 6.33526 22.5
      vertex 79.5941 7.88074 22.5
      vertex 79.7729 6.25537 22.5
    endloop
  endfacet
  facet normal -0 0 1
    outer loop
      vertex 79.1606 7.73358 22.5
      vertex 79.7729 6.25537 22.5
      vertex 79.5941 7.88074 22.5
    endloop
  endfacet
  facet normal 0 0 1
    outer loop
      vertex 79.7729 6.25537 22.5
      vertex 79.1606 7.73358 22.5
      vertex 79.55 6.14545 22.5
    endloop
  endfacet
  facet normal -0 0 1
    outer loop
      vertex 78.75 7.53109 22.5
      vertex 79.55 6.14545 22.5
      vertex 79.1606 7.73358 22.5
    endloop
  endfacet
  facet normal 0 0 1
    outer loop
      vertex 79.55 6.14545 22.5
      vertex 78.75 7.53109 22.5
      vertex 79.3434 6.00737 22.5
    endloop
  endfacet
  facet normal -0 0 1
    outer loop
      vertex 78.3693 7.27674 22.5
      vertex 79.3434 6.00737 22.5
      vertex 78.75 7.53109 22.5
    endloop
  endfacet
  facet normal 0 0 1
    outer loop
      vertex 79.3434 6.00737 22.5
      vertex 78.3693 7.27674 22.5
      vertex 79.1565 5.8435 22.5
    endloop
  endfacet
  facet normal -0 0 1
    outer loop
      vertex 78.0251 6.97487 22.5
      vertex 79.1565 5.8435 22.5
      vertex 78.3693 7.27674 22.5
    endloop
  endfacet
  facet normal 0 0 1
    outer loop
      vertex 79.1565 5.8435 22.5
      vertex 78.0251 6.97487 22.5
      vertex 78.9926 5.65665 22.5
    endloop
  endfacet
  facet normal -0 0 1
    outer loop
      vertex 77.7233 6.63066 22.5
      vertex 78.9926 5.65665 22.5
      vertex 78.0251 6.97487 22.5
    endloop
  endfacet
  facet normal 0 0 1
    outer loop
      vertex 78.9926 5.65665 22.5
      vertex 77.7233 6.63066 22.5
      vertex 78.8546 5.45 22.5
    endloop
  endfacet
  facet normal -0 0 1
    outer loop
      vertex 77.4689 6.25 22.5
      vertex 78.8546 5.45 22.5
      vertex 77.7233 6.63066 22.5
    endloop
  endfacet
  facet normal 0 0 1
    outer loop
      vertex 78.8546 5.45 22.5
      vertex 77.4689 6.25 22.5
      vertex 78.7446 5.2271 22.5
    endloop
  endfacet
  facet normal 0 0 1
    outer loop
      vertex 82.9319 3.48236 22.5
      vertex 82.1454 3.55 22.5
      vertex 82.8478 3.23463 22.5
    endloop
  endfacet
  facet normal 0 0 1
    outer loop
      vertex 82.8478 3.23463 22.5
      vertex 82.1454 3.55 22.5
      vertex 82.732 3 22.5
    endloop
  endfacet
  facet normal -0 0 1
    outer loop
      vertex 82.0074 3.34335 22.5
      vertex 82.732 3 22.5
      vertex 82.1454 3.55 22.5
    endloop
  endfacet
  facet normal 0 0 1
    outer loop
      vertex 82.732 3 22.5
      vertex 82.0074 3.34335 22.5
      vertex 82.5867 2.78248 22.5
    endloop
  endfacet
  facet normal -0 0 1
    outer loop
      vertex 81.8435 3.1565 22.5
      vertex 82.5867 2.78248 22.5
      vertex 82.0074 3.34335 22.5
    endloop
  endfacet
  facet normal 0 0 1
    outer loop
      vertex 82.5867 2.78248 22.5
      vertex 81.8435 3.1565 22.5
      vertex 82.4142 2.58579 22.5
    endloop
  endfacet
  facet normal 0 0 1
    outer loop
      vertex 82.4142 2.58579 22.5
      vertex 81.8435 3.1565 22.5
      vertex 82.2175 2.41329 22.5
    endloop
  endfacet
  facet normal -0 0 1
    outer loop
      vertex 81.6566 2.99263 22.5
      vertex 82.2175 2.41329 22.5
      vertex 81.8435 3.1565 22.5
    endloop
  endfacet
  facet normal 0 0 1
    outer loop
      vertex 82.2175 2.41329 22.5
      vertex 81.6566 2.99263 22.5
      vertex 82 2.26795 22.5
    endloop
  endfacet
  facet normal -0 0 1
    outer loop
      vertex 81.45 2.85455 22.5
      vertex 82 2.26795 22.5
      vertex 81.6566 2.99263 22.5
    endloop
  endfacet
  facet normal 0 0 1
    outer loop
      vertex 82 2.26795 22.5
      vertex 81.45 2.85455 22.5
      vertex 81.7654 2.15224 22.5
    endloop
  endfacet
  facet normal 0 0 1
    outer loop
      vertex 81.7654 2.15224 22.5
      vertex 81.45 2.85455 22.5
      vertex 81.5176 2.06815 22.5
    endloop
  endfacet
  facet normal -0 0 1
    outer loop
      vertex 81.2271 2.74463 22.5
      vertex 81.5176 2.06815 22.5
      vertex 81.45 2.85455 22.5
    endloop
  endfacet
  facet normal 0 0 1
    outer loop
      vertex 81.5176 2.06815 22.5
      vertex 81.2271 2.74463 22.5
      vertex 81.2611 2.01711 22.5
    endloop
  endfacet
  facet normal -0 0 1
    outer loop
      vertex 80.9918 2.66474 22.5
      vertex 81.2611 2.01711 22.5
      vertex 81.2271 2.74463 22.5
    endloop
  endfacet
  facet normal 0 0 1
    outer loop
      vertex 81.2611 2.01711 22.5
      vertex 80.9918 2.66474 22.5
      vertex 81 2 22.5
    endloop
  endfacet
  facet normal -0 0 1
    outer loop
      vertex 80.748 2.61625 22.5
      vertex 81 2 22.5
      vertex 80.9918 2.66474 22.5
    endloop
  endfacet
  facet normal -0 0 1
    outer loop
      vertex 80.5 2.6 22.5
      vertex 81 2 22.5
      vertex 80.748 2.61625 22.5
    endloop
  endfacet
  facet normal 0 0 1
    outer loop
      vertex 80.252 2.61625 22.5
      vertex 81 2 22.5
      vertex 80.5 2.6 22.5
    endloop
  endfacet
  facet normal 0 0 1
    outer loop
      vertex 80.0082 2.66474 22.5
      vertex 81 2 22.5
      vertex 80.252 2.61625 22.5
    endloop
  endfacet
  facet normal 0 0 1
    outer loop
      vertex 78.0538 2 22.5
      vertex 80.0082 2.66474 22.5
      vertex 79.7729 2.74463 22.5
    endloop
  endfacet
  facet normal 0 0 1
    outer loop
      vertex 78.0538 2 22.5
      vertex 79.7729 2.74463 22.5
      vertex 79.55 2.85455 22.5
    endloop
  endfacet
  facet normal -0 0 1
    outer loop
      vertex 77.2664 5.83939 22.5
      vertex 78.7446 5.2271 22.5
      vertex 77.4689 6.25 22.5
    endloop
  endfacet
  facet normal 0 0 1
    outer loop
      vertex 80.0082 2.66474 22.5
      vertex 78.0538 2 22.5
      vertex 81 2 22.5
    endloop
  endfacet
  facet normal 0 0 1
    outer loop
      vertex 79.3434 2.99263 22.5
      vertex 78.0538 2 22.5
      vertex 79.55 2.85455 22.5
    endloop
  endfacet
  facet normal 0 0 1
    outer loop
      vertex 79.1565 3.1565 22.5
      vertex 78.0538 2 22.5
      vertex 79.3434 2.99263 22.5
    endloop
  endfacet
  facet normal 0 0 1
    outer loop
      vertex 78.0251 2.02513 22.5
      vertex 79.1565 3.1565 22.5
      vertex 78.9926 3.34335 22.5
    endloop
  endfacet
  facet normal 0 0 1
    outer loop
      vertex 77.7233 2.36934 22.5
      vertex 78.9926 3.34335 22.5
      vertex 78.8546 3.55 22.5
    endloop
  endfacet
  facet normal 0 0 1
    outer loop
      vertex 77.4689 2.75 22.5
      vertex 78.8546 3.55 22.5
      vertex 78.7446 3.7729 22.5
    endloop
  endfacet
  facet normal 0 0 1
    outer loop
      vertex 77.2664 3.16061 22.5
      vertex 78.7446 3.7729 22.5
      vertex 78.6647 4.00824 22.5
    endloop
  endfacet
  facet normal 0 0 1
    outer loop
      vertex 77.1193 3.59413 22.5
      vertex 78.6647 4.00824 22.5
      vertex 78.6163 4.252 22.5
    endloop
  endfacet
  facet normal 0 0 1
    outer loop
      vertex 78.7446 5.2271 22.5
      vertex 77.2664 5.83939 22.5
      vertex 78.6647 4.99176 22.5
    endloop
  endfacet
  facet normal -0 0 1
    outer loop
      vertex 77.1193 5.40587 22.5
      vertex 78.6647 4.99176 22.5
      vertex 77.2664 5.83939 22.5
    endloop
  endfacet
  facet normal 0 0 1
    outer loop
      vertex 78.6647 4.99176 22.5
      vertex 77.1193 5.40587 22.5
      vertex 78.6163 4.748 22.5
    endloop
  endfacet
  facet normal 0 0 1
    outer loop
      vertex 78.9926 3.34335 22.5
      vertex 77.7233 2.36934 22.5
      vertex 78.0251 2.02513 22.5
    endloop
  endfacet
  facet normal 0 0 1
    outer loop
      vertex 79.1565 3.1565 22.5
      vertex 78.0251 2.02513 22.5
      vertex 78.0538 2 22.5
    endloop
  endfacet
  facet normal -0 0 1
    outer loop
      vertex 77.0299 4.95684 22.5
      vertex 78.6163 4.748 22.5
      vertex 77.1193 5.40587 22.5
    endloop
  endfacet
  facet normal 0 0 1
    outer loop
      vertex 78.8546 3.55 22.5
      vertex 77.4689 2.75 22.5
      vertex 77.7233 2.36934 22.5
    endloop
  endfacet
  facet normal 0 0 1
    outer loop
      vertex 78.6163 4.748 22.5
      vertex 77.0299 4.95684 22.5
      vertex 78.6 4.5 22.5
    endloop
  endfacet
  facet normal 0 0 1
    outer loop
      vertex 78.7446 3.7729 22.5
      vertex 77.2664 3.16061 22.5
      vertex 77.4689 2.75 22.5
    endloop
  endfacet
  facet normal 0 0 1
    outer loop
      vertex 77 4.5 22.5
      vertex 78.6 4.5 22.5
      vertex 77.0299 4.95684 22.5
    endloop
  endfacet
  facet normal 0 0 1
    outer loop
      vertex 78.6647 4.00824 22.5
      vertex 77.1193 3.59413 22.5
      vertex 77.2664 3.16061 22.5
    endloop
  endfacet
  facet normal 0 0 1
    outer loop
      vertex 78.6 4.5 22.5
      vertex 77 4.5 22.5
      vertex 78.6163 4.252 22.5
    endloop
  endfacet
  facet normal 0 0 1
    outer loop
      vertex 78.6163 4.252 22.5
      vertex 77.0299 4.04316 22.5
      vertex 77.1193 3.59413 22.5
    endloop
  endfacet
  facet normal 0 0 1
    outer loop
      vertex 78.6163 4.252 22.5
      vertex 77 4.5 22.5
      vertex 77.0299 4.04316 22.5
    endloop
  endfacet
  facet normal -0.831418 0.555647 0
    outer loop
      vertex 77.4689 6.25 2
      vertex 77.7233 6.63066 22.5
      vertex 77.7233 6.63066 2
    endloop
  endfacet
  facet normal -0.831418 0.555647 0
    outer loop
      vertex 77.7233 6.63066 22.5
      vertex 77.4689 6.25 2
      vertex 77.4689 6.25 22.5
    endloop
  endfacet
  facet normal -0.195072 -0.980789 0
    outer loop
      vertex 80.748 6.38375 2
      vertex 80.9918 6.33526 22.5
      vertex 80.748 6.38375 22.5
    endloop
  endfacet
  facet normal -0.195072 -0.980789 -0
    outer loop
      vertex 80.9918 6.33526 22.5
      vertex 80.748 6.38375 2
      vertex 80.9918 6.33526 2
    endloop
  endfacet
  facet normal -0.980852 -0.194754 0
    outer loop
      vertex 82.3837 4.748 2
      vertex 82.3353 4.99176 22.5
      vertex 82.3353 4.99176 2
    endloop
  endfacet
  facet normal -0.980852 -0.194754 0
    outer loop
      vertex 82.3353 4.99176 22.5
      vertex 82.3837 4.748 2
      vertex 82.3837 4.748 22.5
    endloop
  endfacet
  facet normal -0.997847 -0.0655843 0
    outer loop
      vertex 82.4 4.5 2
      vertex 82.3837 4.748 22.5
      vertex 82.3837 4.748 2
    endloop
  endfacet
  facet normal -0.997847 -0.0655843 0
    outer loop
      vertex 82.3837 4.748 22.5
      vertex 82.4 4.5 2
      vertex 82.4 4.5 22.5
    endloop
  endfacet
  facet normal -0.946914 -0.321486 0
    outer loop
      vertex 82.3353 4.99176 2
      vertex 82.2554 5.2271 22.5
      vertex 82.2554 5.2271 2
    endloop
  endfacet
  facet normal -0.946914 -0.321486 0
    outer loop
      vertex 82.2554 5.2271 22.5
      vertex 82.3353 4.99176 2
      vertex 82.3353 4.99176 22.5
    endloop
  endfacet
  facet normal -0.831617 -0.55535 0
    outer loop
      vertex 82.1454 5.45 2
      vertex 82.0074 5.65665 22.5
      vertex 82.0074 5.65665 2
    endloop
  endfacet
  facet normal -0.831617 -0.55535 0
    outer loop
      vertex 82.0074 5.65665 22.5
      vertex 82.1454 5.45 2
      vertex 82.1454 5.45 22.5
    endloop
  endfacet
  facet normal -0.321499 -0.94691 4.56327e-06
    outer loop
      vertex 80.9918 6.33526 22.5
      vertex 81 6.33246 19.2
      vertex 81.2271 6.25537 22.5
    endloop
  endfacet
  facet normal -0.323144 -0.94635 0
    outer loop
      vertex 80.9918 6.33526 22.5
      vertex 81 6.33246 18
      vertex 81 6.33246 19.2
    endloop
  endfacet
  facet normal -0.323144 -0.94635 0
    outer loop
      vertex 80.9918 6.33526 2
      vertex 81 6.33246 18
      vertex 80.9918 6.33526 22.5
    endloop
  endfacet
  facet normal -0.321439 -0.94693 -9.7518e-07
    outer loop
      vertex 80.9918 6.33526 2
      vertex 81.2271 6.25537 18
      vertex 81 6.33246 18
    endloop
  endfacet
  facet normal -0.321499 -0.94691 -0
    outer loop
      vertex 81.2271 6.25537 18
      vertex 80.9918 6.33526 2
      vertex 81.2271 6.25537 2
    endloop
  endfacet
  facet normal -0.321439 -0.94693 -0
    outer loop
      vertex 81.2271 6.25537 22.5
      vertex 81 6.33246 19.2
      vertex 81.2271 6.25537 19.2
    endloop
  endfacet
  facet normal 0.980852 0.194754 0
    outer loop
      vertex 78.6647 4.00824 22.5
      vertex 78.6163 4.252 2
      vertex 78.6163 4.252 22.5
    endloop
  endfacet
  facet normal 0.980852 0.194754 0
    outer loop
      vertex 78.6163 4.252 2
      vertex 78.6647 4.00824 22.5
      vertex 78.6647 4.00824 2
    endloop
  endfacet
  facet normal -0.997847 0.0655843 0
    outer loop
      vertex 82.3837 4.252 2
      vertex 82.4 4.5 22.5
      vertex 82.4 4.5 2
    endloop
  endfacet
  facet normal -0.997847 0.0655843 0
    outer loop
      vertex 82.4 4.5 22.5
      vertex 82.3837 4.252 2
      vertex 82.3837 4.252 22.5
    endloop
  endfacet
  facet normal 0.997847 0.0655843 0
    outer loop
      vertex 78.6163 4.252 22.5
      vertex 78.6 4.5 2
      vertex 78.6 4.5 22.5
    endloop
  endfacet
  facet normal 0.997847 0.0655843 0
    outer loop
      vertex 78.6 4.5 2
      vertex 78.6163 4.252 22.5
      vertex 78.6163 4.252 2
    endloop
  endfacet
  facet normal 0.321499 0.94691 -0
    outer loop
      vertex 80.0082 2.66474 2
      vertex 79.7729 2.74463 22.5
      vertex 80.0082 2.66474 22.5
    endloop
  endfacet
  facet normal 0.321499 0.94691 0
    outer loop
      vertex 79.7729 2.74463 22.5
      vertex 80.0082 2.66474 2
      vertex 79.7729 2.74463 2
    endloop
  endfacet
  facet normal -0.896748 -0.442541 0
    outer loop
      vertex 82.2554 5.2271 2
      vertex 82.1454 5.45 22.5
      vertex 82.1454 5.45 2
    endloop
  endfacet
  facet normal -0.896748 -0.442541 0
    outer loop
      vertex 82.1454 5.45 22.5
      vertex 82.2554 5.2271 2
      vertex 82.2554 5.2271 22.5
    endloop
  endfacet
  facet normal -0.751832 -0.659354 0
    outer loop
      vertex 81.8435 5.8435 2
      vertex 82 5.66505 18
      vertex 81.8435 5.8435 18
    endloop
  endfacet
  facet normal -0.750359 -0.661031 0
    outer loop
      vertex 82 5.66505 18
      vertex 82.0074 5.65665 2
      vertex 82 5.66505 19.2
    endloop
  endfacet
  facet normal -0.751766 -0.65943 -1.49116e-06
    outer loop
      vertex 82.0074 5.65665 2
      vertex 82 5.66505 18
      vertex 81.8435 5.8435 2
    endloop
  endfacet
  facet normal -0.751832 -0.659354 0
    outer loop
      vertex 82 5.66505 19.2
      vertex 81.8435 5.8435 22.5
      vertex 81.8435 5.8435 19.2
    endloop
  endfacet
  facet normal -0.751766 -0.65943 7.22987e-06
    outer loop
      vertex 82 5.66505 19.2
      vertex 82.0074 5.65665 22.5
      vertex 81.8435 5.8435 22.5
    endloop
  endfacet
  facet normal -0.750359 -0.661031 -0
    outer loop
      vertex 82.0074 5.65665 22.5
      vertex 82 5.66505 19.2
      vertex 82.0074 5.65665 2
    endloop
  endfacet
  facet normal -0.946914 0.321486 0
    outer loop
      vertex 82.2554 3.7729 2
      vertex 82.3353 4.00824 22.5
      vertex 82.3353 4.00824 2
    endloop
  endfacet
  facet normal -0.946914 0.321486 0
    outer loop
      vertex 82.3353 4.00824 22.5
      vertex 82.2554 3.7729 2
      vertex 82.2554 3.7729 22.5
    endloop
  endfacet
  facet normal 0.751766 0.65943 0
    outer loop
      vertex 79.1565 3.1565 22.5
      vertex 78.9926 3.34335 2
      vertex 78.9926 3.34335 22.5
    endloop
  endfacet
  facet normal 0.751766 0.65943 0
    outer loop
      vertex 78.9926 3.34335 2
      vertex 79.1565 3.1565 22.5
      vertex 79.1565 3.1565 2
    endloop
  endfacet
  facet normal -0.980852 0.194754 0
    outer loop
      vertex 82.3353 4.00824 2
      vertex 82.3837 4.252 22.5
      vertex 82.3837 4.252 2
    endloop
  endfacet
  facet normal -0.980852 0.194754 0
    outer loop
      vertex 82.3837 4.252 22.5
      vertex 82.3353 4.00824 2
      vertex 82.3353 4.00824 22.5
    endloop
  endfacet
  facet normal -0.065384 0.99786 0
    outer loop
      vertex 80.748 2.61625 2
      vertex 80.5 2.6 22.5
      vertex 80.748 2.61625 22.5
    endloop
  endfacet
  facet normal -0.065384 0.99786 0
    outer loop
      vertex 80.5 2.6 22.5
      vertex 80.748 2.61625 2
      vertex 80.5 2.6 2
    endloop
  endfacet
  facet normal 0.946914 0.321486 0
    outer loop
      vertex 78.7446 3.7729 22.5
      vertex 78.6647 4.00824 2
      vertex 78.6647 4.00824 22.5
    endloop
  endfacet
  facet normal 0.946914 0.321486 0
    outer loop
      vertex 78.6647 4.00824 2
      vertex 78.7446 3.7729 22.5
      vertex 78.7446 3.7729 2
    endloop
  endfacet
  facet normal -0.831617 0.55535 0
    outer loop
      vertex 82.0074 3.34335 2
      vertex 82.1454 3.55 22.5
      vertex 82.1454 3.55 2
    endloop
  endfacet
  facet normal -0.831617 0.55535 0
    outer loop
      vertex 82.1454 3.55 22.5
      vertex 82.0074 3.34335 2
      vertex 82.0074 3.34335 22.5
    endloop
  endfacet
  facet normal -0.442282 -0.896876 0
    outer loop
      vertex 81.2271 6.25537 19.2
      vertex 81.45 6.14545 22.5
      vertex 81.2271 6.25537 22.5
    endloop
  endfacet
  facet normal -0.442282 -0.896876 -0
    outer loop
      vertex 81.45 6.14545 22.5
      vertex 81.2271 6.25537 19.2
      vertex 81.45 6.14545 19.2
    endloop
  endfacet
  facet normal -0.442282 -0.896876 0
    outer loop
      vertex 81.2271 6.25537 2
      vertex 81.45 6.14545 18
      vertex 81.2271 6.25537 18
    endloop
  endfacet
  facet normal -0.442282 -0.896876 -0
    outer loop
      vertex 81.45 6.14545 18
      vertex 81.2271 6.25537 2
      vertex 81.45 6.14545 2
    endloop
  endfacet
  facet normal 0.442282 -0.896876 0
    outer loop
      vertex 79.55 6.14545 2
      vertex 79.7729 6.25537 22.5
      vertex 79.55 6.14545 22.5
    endloop
  endfacet
  facet normal 0.442282 -0.896876 0
    outer loop
      vertex 79.7729 6.25537 22.5
      vertex 79.55 6.14545 2
      vertex 79.7729 6.25537 2
    endloop
  endfacet
  facet normal -0.442282 0.896876 0
    outer loop
      vertex 81.45 2.85455 2
      vertex 81.2271 2.74463 22.5
      vertex 81.45 2.85455 22.5
    endloop
  endfacet
  facet normal -0.442282 0.896876 0
    outer loop
      vertex 81.2271 2.74463 22.5
      vertex 81.45 2.85455 2
      vertex 81.2271 2.74463 2
    endloop
  endfacet
  facet normal -0.321499 0.94691 0
    outer loop
      vertex 81.2271 2.74463 2
      vertex 80.9918 2.66474 22.5
      vertex 81.2271 2.74463 22.5
    endloop
  endfacet
  facet normal -0.321499 0.94691 0
    outer loop
      vertex 80.9918 2.66474 22.5
      vertex 81.2271 2.74463 2
      vertex 80.9918 2.66474 2
    endloop
  endfacet
  facet normal 0.195072 0.980789 -0
    outer loop
      vertex 80.252 2.61625 2
      vertex 80.0082 2.66474 22.5
      vertex 80.252 2.61625 22.5
    endloop
  endfacet
  facet normal 0.195072 0.980789 0
    outer loop
      vertex 80.0082 2.66474 22.5
      vertex 80.252 2.61625 2
      vertex 80.0082 2.66474 2
    endloop
  endfacet
  facet normal 0.946918 -0.321477 0
    outer loop
      vertex 78.7446 5.2271 22.5
      vertex 78.6675 5 19.2
      vertex 78.7446 5.2271 19.2
    endloop
  endfacet
  facet normal 0.946829 -0.321738 0
    outer loop
      vertex 78.6675 5 19.2
      vertex 78.6647 4.99176 22.5
      vertex 78.6675 5 18
    endloop
  endfacet
  facet normal 0.946914 -0.321486 7.02301e-07
    outer loop
      vertex 78.6647 4.99176 22.5
      vertex 78.6675 5 19.2
      vertex 78.7446 5.2271 22.5
    endloop
  endfacet
  facet normal 0.946918 -0.321477 0
    outer loop
      vertex 78.6675 5 18
      vertex 78.7446 5.2271 2
      vertex 78.7446 5.2271 18
    endloop
  endfacet
  facet normal 0.946914 -0.321486 -1.4485e-07
    outer loop
      vertex 78.6675 5 18
      vertex 78.6647 4.99176 2
      vertex 78.7446 5.2271 2
    endloop
  endfacet
  facet normal 0.946829 -0.321738 0
    outer loop
      vertex 78.6647 4.99176 2
      vertex 78.6675 5 18
      vertex 78.6647 4.99176 22.5
    endloop
  endfacet
  facet normal 0.195072 -0.980789 0
    outer loop
      vertex 80.0082 6.33526 2
      vertex 80.252 6.38375 22.5
      vertex 80.0082 6.33526 22.5
    endloop
  endfacet
  facet normal 0.195072 -0.980789 0
    outer loop
      vertex 80.252 6.38375 22.5
      vertex 80.0082 6.33526 2
      vertex 80.252 6.38375 2
    endloop
  endfacet
  facet normal 0.555666 -0.831406 0
    outer loop
      vertex 79.3434 6.00737 2
      vertex 79.55 6.14545 22.5
      vertex 79.3434 6.00737 22.5
    endloop
  endfacet
  facet normal 0.555666 -0.831406 0
    outer loop
      vertex 79.55 6.14545 22.5
      vertex 79.3434 6.00737 2
      vertex 79.55 6.14545 2
    endloop
  endfacet
  facet normal -0.555666 0.831406 0
    outer loop
      vertex 81.6566 2.99263 2
      vertex 81.45 2.85455 22.5
      vertex 81.6566 2.99263 22.5
    endloop
  endfacet
  facet normal -0.555666 0.831406 0
    outer loop
      vertex 81.45 2.85455 22.5
      vertex 81.6566 2.99263 2
      vertex 81.45 2.85455 2
    endloop
  endfacet
  facet normal -0.195072 0.980789 0
    outer loop
      vertex 80.9918 2.66474 2
      vertex 80.748 2.61625 22.5
      vertex 80.9918 2.66474 22.5
    endloop
  endfacet
  facet normal -0.195072 0.980789 0
    outer loop
      vertex 80.748 2.61625 22.5
      vertex 80.9918 2.66474 2
      vertex 80.748 2.61625 2
    endloop
  endfacet
  facet normal 0.896748 -0.442541 0
    outer loop
      vertex 78.7446 5.2271 22.5
      vertex 78.8546 5.45 19.2
      vertex 78.8546 5.45 22.5
    endloop
  endfacet
  facet normal 0.896748 -0.442541 0
    outer loop
      vertex 78.8546 5.45 19.2
      vertex 78.7446 5.2271 22.5
      vertex 78.7446 5.2271 19.2
    endloop
  endfacet
  facet normal 0.896748 -0.442541 0
    outer loop
      vertex 78.7446 5.2271 18
      vertex 78.8546 5.45 2
      vertex 78.8546 5.45 18
    endloop
  endfacet
  facet normal 0.896748 -0.442541 0
    outer loop
      vertex 78.8546 5.45 2
      vertex 78.7446 5.2271 18
      vertex 78.7446 5.2271 2
    endloop
  endfacet
  facet normal 0.831617 -0.55535 0
    outer loop
      vertex 78.8546 5.45 22.5
      vertex 78.9926 5.65665 19.2
      vertex 78.9926 5.65665 22.5
    endloop
  endfacet
  facet normal 0.831617 -0.55535 0
    outer loop
      vertex 78.9926 5.65665 19.2
      vertex 78.8546 5.45 22.5
      vertex 78.8546 5.45 19.2
    endloop
  endfacet
  facet normal 0.831617 -0.55535 0
    outer loop
      vertex 78.8546 5.45 18
      vertex 78.9926 5.65665 2
      vertex 78.9926 5.65665 18
    endloop
  endfacet
  facet normal 0.831617 -0.55535 0
    outer loop
      vertex 78.9926 5.65665 2
      vertex 78.8546 5.45 18
      vertex 78.8546 5.45 2
    endloop
  endfacet
  facet normal 0.065384 0.99786 -0
    outer loop
      vertex 80.5 2.6 2
      vertex 80.252 2.61625 22.5
      vertex 80.5 2.6 22.5
    endloop
  endfacet
  facet normal 0.065384 0.99786 0
    outer loop
      vertex 80.252 2.61625 22.5
      vertex 80.5 2.6 2
      vertex 80.252 2.61625 2
    endloop
  endfacet
  facet normal 0.659459 -0.751741 0
    outer loop
      vertex 79.1565 5.8435 18
      vertex 79.1565 5.8435 2
      vertex 79.3349 6 18
    endloop
  endfacet
  facet normal 0.659262 -0.751913 0
    outer loop
      vertex 79.1565 5.8435 19.2
      vertex 79.3434 6.00737 22.5
      vertex 79.1565 5.8435 22.5
    endloop
  endfacet
  facet normal 0.659459 -0.751741 -1.9718e-05
    outer loop
      vertex 79.3349 6 19.2
      vertex 79.3434 6.00737 22.5
      vertex 79.1565 5.8435 19.2
    endloop
  endfacet
  facet normal 0.6551 -0.755542 0
    outer loop
      vertex 79.3349 6 18
      vertex 79.3434 6.00737 22.5
      vertex 79.3349 6 19.2
    endloop
  endfacet
  facet normal 0.6551 -0.755542 0
    outer loop
      vertex 79.3349 6 18
      vertex 79.3434 6.00737 2
      vertex 79.3434 6.00737 22.5
    endloop
  endfacet
  facet normal 0.659262 -0.751913 3.88277e-06
    outer loop
      vertex 79.3434 6.00737 2
      vertex 79.3349 6 18
      vertex 79.1565 5.8435 2
    endloop
  endfacet
  facet normal 0.659262 0.751913 -0
    outer loop
      vertex 79.3434 2.99263 2
      vertex 79.1565 3.1565 22.5
      vertex 79.3434 2.99263 22.5
    endloop
  endfacet
  facet normal 0.659262 0.751913 0
    outer loop
      vertex 79.1565 3.1565 22.5
      vertex 79.3434 2.99263 2
      vertex 79.1565 3.1565 2
    endloop
  endfacet
  facet normal 0.751766 -0.65943 0
    outer loop
      vertex 78.9926 5.65665 22.5
      vertex 79.1565 5.8435 19.2
      vertex 79.1565 5.8435 22.5
    endloop
  endfacet
  facet normal 0.751766 -0.65943 0
    outer loop
      vertex 79.1565 5.8435 19.2
      vertex 78.9926 5.65665 22.5
      vertex 78.9926 5.65665 19.2
    endloop
  endfacet
  facet normal 0.751766 -0.65943 0
    outer loop
      vertex 78.9926 5.65665 18
      vertex 79.1565 5.8435 2
      vertex 79.1565 5.8435 18
    endloop
  endfacet
  facet normal 0.751766 -0.65943 0
    outer loop
      vertex 79.1565 5.8435 2
      vertex 78.9926 5.65665 18
      vertex 78.9926 5.65665 2
    endloop
  endfacet
  facet normal -0.751766 0.65943 0
    outer loop
      vertex 81.8435 3.1565 2
      vertex 82.0074 3.34335 22.5
      vertex 82.0074 3.34335 2
    endloop
  endfacet
  facet normal -0.751766 0.65943 0
    outer loop
      vertex 82.0074 3.34335 22.5
      vertex 81.8435 3.1565 2
      vertex 81.8435 3.1565 22.5
    endloop
  endfacet
  facet normal -0.896748 0.442541 0
    outer loop
      vertex 82.1454 3.55 2
      vertex 82.2554 3.7729 22.5
      vertex 82.2554 3.7729 2
    endloop
  endfacet
  facet normal -0.896748 0.442541 0
    outer loop
      vertex 82.2554 3.7729 22.5
      vertex 82.1454 3.55 2
      vertex 82.1454 3.55 22.5
    endloop
  endfacet
  facet normal 0.555666 0.831406 -0
    outer loop
      vertex 79.55 2.85455 2
      vertex 79.3434 2.99263 22.5
      vertex 79.55 2.85455 22.5
    endloop
  endfacet
  facet normal 0.555666 0.831406 0
    outer loop
      vertex 79.3434 2.99263 22.5
      vertex 79.55 2.85455 2
      vertex 79.3434 2.99263 2
    endloop
  endfacet
  facet normal 0.980852 -0.194754 0
    outer loop
      vertex 78.6163 4.748 22.5
      vertex 78.6647 4.99176 2
      vertex 78.6647 4.99176 22.5
    endloop
  endfacet
  facet normal 0.980852 -0.194754 0
    outer loop
      vertex 78.6647 4.99176 2
      vertex 78.6163 4.748 22.5
      vertex 78.6163 4.748 2
    endloop
  endfacet
  facet normal -0.065384 -0.99786 0
    outer loop
      vertex 80.5 6.4 2
      vertex 80.748 6.38375 22.5
      vertex 80.5 6.4 22.5
    endloop
  endfacet
  facet normal -0.065384 -0.99786 -0
    outer loop
      vertex 80.748 6.38375 22.5
      vertex 80.5 6.4 2
      vertex 80.748 6.38375 2
    endloop
  endfacet
  facet normal -0.555666 -0.831406 0
    outer loop
      vertex 81.45 6.14545 19.2
      vertex 81.6566 6.00737 22.5
      vertex 81.45 6.14545 22.5
    endloop
  endfacet
  facet normal -0.555666 -0.831406 -0
    outer loop
      vertex 81.6566 6.00737 22.5
      vertex 81.45 6.14545 19.2
      vertex 81.6566 6.00737 19.2
    endloop
  endfacet
  facet normal -0.555666 -0.831406 0
    outer loop
      vertex 81.45 6.14545 2
      vertex 81.6566 6.00737 18
      vertex 81.45 6.14545 18
    endloop
  endfacet
  facet normal -0.555666 -0.831406 -0
    outer loop
      vertex 81.6566 6.00737 18
      vertex 81.45 6.14545 2
      vertex 81.6566 6.00737 2
    endloop
  endfacet
  facet normal 0.321499 -0.94691 0
    outer loop
      vertex 79.7729 6.25537 2
      vertex 80.0082 6.33526 22.5
      vertex 79.7729 6.25537 22.5
    endloop
  endfacet
  facet normal 0.321499 -0.94691 0
    outer loop
      vertex 80.0082 6.33526 22.5
      vertex 79.7729 6.25537 2
      vertex 80.0082 6.33526 2
    endloop
  endfacet
  facet normal 0.065384 -0.99786 0
    outer loop
      vertex 80.252 6.38375 2
      vertex 80.5 6.4 22.5
      vertex 80.252 6.38375 22.5
    endloop
  endfacet
  facet normal 0.065384 -0.99786 0
    outer loop
      vertex 80.5 6.4 22.5
      vertex 80.252 6.38375 2
      vertex 80.5 6.4 2
    endloop
  endfacet
  facet normal 0.997847 -0.0655843 0
    outer loop
      vertex 78.6 4.5 22.5
      vertex 78.6163 4.748 2
      vertex 78.6163 4.748 22.5
    endloop
  endfacet
  facet normal 0.997847 -0.0655843 0
    outer loop
      vertex 78.6163 4.748 2
      vertex 78.6 4.5 22.5
      vertex 78.6 4.5 2
    endloop
  endfacet
  facet normal -0.659262 -0.751913 0
    outer loop
      vertex 81.6566 6.00737 19.2
      vertex 81.8435 5.8435 22.5
      vertex 81.6566 6.00737 22.5
    endloop
  endfacet
  facet normal -0.659262 -0.751913 -0
    outer loop
      vertex 81.8435 5.8435 22.5
      vertex 81.6566 6.00737 19.2
      vertex 81.8435 5.8435 19.2
    endloop
  endfacet
  facet normal -0.659262 -0.751913 0
    outer loop
      vertex 81.6566 6.00737 2
      vertex 81.8435 5.8435 18
      vertex 81.6566 6.00737 18
    endloop
  endfacet
  facet normal -0.659262 -0.751913 -0
    outer loop
      vertex 81.8435 5.8435 18
      vertex 81.6566 6.00737 2
      vertex 81.8435 5.8435 2
    endloop
  endfacet
  facet normal 0.442282 0.896876 -0
    outer loop
      vertex 79.7729 2.74463 2
      vertex 79.55 2.85455 22.5
      vertex 79.7729 2.74463 22.5
    endloop
  endfacet
  facet normal 0.442282 0.896876 0
    outer loop
      vertex 79.55 2.85455 22.5
      vertex 79.7729 2.74463 2
      vertex 79.55 2.85455 2
    endloop
  endfacet
  facet normal -0.659262 0.751913 0
    outer loop
      vertex 81.8435 3.1565 2
      vertex 81.6566 2.99263 22.5
      vertex 81.8435 3.1565 22.5
    endloop
  endfacet
  facet normal -0.659262 0.751913 0
    outer loop
      vertex 81.6566 2.99263 22.5
      vertex 81.8435 3.1565 2
      vertex 81.6566 2.99263 2
    endloop
  endfacet
  facet normal 0.831617 0.55535 0
    outer loop
      vertex 78.9926 3.34335 22.5
      vertex 78.8546 3.55 2
      vertex 78.8546 3.55 22.5
    endloop
  endfacet
  facet normal 0.831617 0.55535 0
    outer loop
      vertex 78.8546 3.55 2
      vertex 78.9926 3.34335 22.5
      vertex 78.9926 3.34335 2
    endloop
  endfacet
  facet normal 0.896748 0.442541 0
    outer loop
      vertex 78.8546 3.55 22.5
      vertex 78.7446 3.7729 2
      vertex 78.7446 3.7729 22.5
    endloop
  endfacet
  facet normal 0.896748 0.442541 0
    outer loop
      vertex 78.7446 3.7729 2
      vertex 78.8546 3.55 22.5
      vertex 78.8546 3.55 2
    endloop
  endfacet
  facet normal 0.321335 -0.946966 0
    outer loop
      vertex 81.4059 33.1193 2
      vertex 81.8394 33.2664 22.5
      vertex 81.4059 33.1193 22.5
    endloop
  endfacet
  facet normal 0.321335 -0.946966 0
    outer loop
      vertex 81.8394 33.2664 22.5
      vertex 81.4059 33.1193 2
      vertex 81.8394 33.2664 2
    endloop
  endfacet
  facet normal -0.89686 0.442314 0
    outer loop
      vertex 77.2664 37.8394 2
      vertex 77.4689 38.25 22.5
      vertex 77.4689 38.25 2
    endloop
  endfacet
  facet normal -0.89686 0.442314 0
    outer loop
      vertex 77.4689 38.25 22.5
      vertex 77.2664 37.8394 2
      vertex 77.2664 37.8394 22.5
    endloop
  endfacet
  facet normal -0.658319 0.752739 0
    outer loop
      vertex 78.0538 39 2
      vertex 78.0251 38.9749 22.5
      vertex 78.0538 39 22.5
    endloop
  endfacet
  facet normal -0.658319 0.752739 0
    outer loop
      vertex 78.0251 38.9749 22.5
      vertex 78.0538 39 2
      vertex 78.0251 38.9749 2
    endloop
  endfacet
  facet normal -0.7519 0.659278 0
    outer loop
      vertex 77.7233 38.6307 2
      vertex 78.0251 38.9749 22.5
      vertex 78.0251 38.9749 2
    endloop
  endfacet
  facet normal -0.7519 0.659278 0
    outer loop
      vertex 78.0251 38.9749 22.5
      vertex 77.7233 38.6307 2
      vertex 77.7233 38.6307 22.5
    endloop
  endfacet
  facet normal -0.997865 0.0653156 0
    outer loop
      vertex 77 36.5 2
      vertex 77.0299 36.9568 22.5
      vertex 77.0299 36.9568 2
    endloop
  endfacet
  facet normal -0.997865 0.0653156 0
    outer loop
      vertex 77.0299 36.9568 22.5
      vertex 77 36.5 2
      vertex 77 36.5 22.5
    endloop
  endfacet
  facet normal -0.321335 -0.946966 0
    outer loop
      vertex 79.1606 33.2664 2
      vertex 79.5941 33.1193 22.5
      vertex 79.1606 33.2664 22.5
    endloop
  endfacet
  facet normal -0.321335 -0.946966 -0
    outer loop
      vertex 79.5941 33.1193 22.5
      vertex 79.1606 33.2664 2
      vertex 79.5941 33.1193 2
    endloop
  endfacet
  facet normal 0.195234 -0.980757 0
    outer loop
      vertex 80.9568 33.0299 2
      vertex 81.4059 33.1193 22.5
      vertex 80.9568 33.0299 22.5
    endloop
  endfacet
  facet normal 0.195234 -0.980757 0
    outer loop
      vertex 81.4059 33.1193 22.5
      vertex 80.9568 33.0299 2
      vertex 81.4059 33.1193 2
    endloop
  endfacet
  facet normal -0.831445 -0.555607 0
    outer loop
      vertex 77.7233 34.3693 2
      vertex 77.4689 34.75 22.5
      vertex 77.4689 34.75 2
    endloop
  endfacet
  facet normal -0.831445 -0.555607 0
    outer loop
      vertex 77.4689 34.75 22.5
      vertex 77.7233 34.3693 2
      vertex 77.7233 34.3693 22.5
    endloop
  endfacet
  facet normal 0.555607 -0.831445 0
    outer loop
      vertex 82.25 33.4689 2
      vertex 82.6307 33.7233 22.5
      vertex 82.25 33.4689 22.5
    endloop
  endfacet
  facet normal 0.555607 -0.831445 0
    outer loop
      vertex 82.6307 33.7233 22.5
      vertex 82.25 33.4689 2
      vertex 82.6307 33.7233 2
    endloop
  endfacet
  facet normal -0.946966 0.321335 0
    outer loop
      vertex 77.1193 37.4059 2
      vertex 77.2664 37.8394 22.5
      vertex 77.2664 37.8394 2
    endloop
  endfacet
  facet normal -0.946966 0.321335 0
    outer loop
      vertex 77.2664 37.8394 22.5
      vertex 77.1193 37.4059 2
      vertex 77.1193 37.4059 22.5
    endloop
  endfacet
  facet normal -0.997865 -0.0653156 0
    outer loop
      vertex 77.0299 36.0432 2
      vertex 77 36.5 22.5
      vertex 77 36.5 2
    endloop
  endfacet
  facet normal -0.997865 -0.0653156 0
    outer loop
      vertex 77 36.5 22.5
      vertex 77.0299 36.0432 2
      vertex 77.0299 36.0432 22.5
    endloop
  endfacet
  facet normal -0.946966 -0.321335 0
    outer loop
      vertex 77.2664 35.1606 2
      vertex 77.1193 35.5941 22.5
      vertex 77.1193 35.5941 2
    endloop
  endfacet
  facet normal -0.946966 -0.321335 0
    outer loop
      vertex 77.1193 35.5941 22.5
      vertex 77.2664 35.1606 2
      vertex 77.2664 35.1606 22.5
    endloop
  endfacet
  facet normal -0.659278 -0.7519 0
    outer loop
      vertex 78.0251 34.0251 2
      vertex 78.3693 33.7233 22.5
      vertex 78.0251 34.0251 22.5
    endloop
  endfacet
  facet normal -0.659278 -0.7519 -0
    outer loop
      vertex 78.3693 33.7233 22.5
      vertex 78.0251 34.0251 2
      vertex 78.3693 33.7233 2
    endloop
  endfacet
  facet normal 0.752739 -0.658319 0
    outer loop
      vertex 82.9749 34.0251 22.5
      vertex 83 34.0538 2
      vertex 83 34.0538 22.5
    endloop
  endfacet
  facet normal 0.752739 -0.658319 0
    outer loop
      vertex 83 34.0538 2
      vertex 82.9749 34.0251 22.5
      vertex 82.9749 34.0251 2
    endloop
  endfacet
  facet normal -0.442314 -0.89686 0
    outer loop
      vertex 78.75 33.4689 2
      vertex 79.1606 33.2664 22.5
      vertex 78.75 33.4689 22.5
    endloop
  endfacet
  facet normal -0.442314 -0.89686 -0
    outer loop
      vertex 79.1606 33.2664 22.5
      vertex 78.75 33.4689 2
      vertex 79.1606 33.2664 2
    endloop
  endfacet
  facet normal -0.980757 0.195234 0
    outer loop
      vertex 77.0299 36.9568 2
      vertex 77.1193 37.4059 22.5
      vertex 77.1193 37.4059 2
    endloop
  endfacet
  facet normal -0.980757 0.195234 0
    outer loop
      vertex 77.1193 37.4059 22.5
      vertex 77.0299 36.9568 2
      vertex 77.0299 36.9568 22.5
    endloop
  endfacet
  facet normal 0.0653156 -0.997865 0
    outer loop
      vertex 80.5 33 2
      vertex 80.9568 33.0299 22.5
      vertex 80.5 33 22.5
    endloop
  endfacet
  facet normal 0.0653156 -0.997865 0
    outer loop
      vertex 80.9568 33.0299 22.5
      vertex 80.5 33 2
      vertex 80.9568 33.0299 2
    endloop
  endfacet
  facet normal 0.442314 -0.89686 0
    outer loop
      vertex 81.8394 33.2664 2
      vertex 82.25 33.4689 22.5
      vertex 81.8394 33.2664 22.5
    endloop
  endfacet
  facet normal 0.442314 -0.89686 0
    outer loop
      vertex 82.25 33.4689 22.5
      vertex 81.8394 33.2664 2
      vertex 82.25 33.4689 2
    endloop
  endfacet
  facet normal 0.659278 -0.7519 0
    outer loop
      vertex 82.6307 33.7233 2
      vertex 82.9749 34.0251 22.5
      vertex 82.6307 33.7233 22.5
    endloop
  endfacet
  facet normal 0.659278 -0.7519 0
    outer loop
      vertex 82.9749 34.0251 22.5
      vertex 82.6307 33.7233 2
      vertex 82.9749 34.0251 2
    endloop
  endfacet
  facet normal -0.89686 -0.442314 0
    outer loop
      vertex 77.4689 34.75 2
      vertex 77.2664 35.1606 22.5
      vertex 77.2664 35.1606 2
    endloop
  endfacet
  facet normal -0.89686 -0.442314 0
    outer loop
      vertex 77.2664 35.1606 22.5
      vertex 77.4689 34.75 2
      vertex 77.4689 34.75 22.5
    endloop
  endfacet
  facet normal -0.555607 -0.831445 0
    outer loop
      vertex 78.3693 33.7233 2
      vertex 78.75 33.4689 22.5
      vertex 78.3693 33.7233 22.5
    endloop
  endfacet
  facet normal -0.555607 -0.831445 -0
    outer loop
      vertex 78.75 33.4689 22.5
      vertex 78.3693 33.7233 2
      vertex 78.75 33.4689 2
    endloop
  endfacet
  facet normal -0.980757 -0.195234 0
    outer loop
      vertex 77.1193 35.5941 2
      vertex 77.0299 36.0432 22.5
      vertex 77.0299 36.0432 2
    endloop
  endfacet
  facet normal -0.980757 -0.195234 0
    outer loop
      vertex 77.0299 36.0432 22.5
      vertex 77.1193 35.5941 2
      vertex 77.1193 35.5941 22.5
    endloop
  endfacet
  facet normal -0.7519 -0.659278 0
    outer loop
      vertex 78.0251 34.0251 2
      vertex 77.7233 34.3693 22.5
      vertex 77.7233 34.3693 2
    endloop
  endfacet
  facet normal -0.7519 -0.659278 0
    outer loop
      vertex 77.7233 34.3693 22.5
      vertex 78.0251 34.0251 2
      vertex 78.0251 34.0251 22.5
    endloop
  endfacet
  facet normal 0 0 1
    outer loop
      vertex 83 37 22.5
      vertex 82.3837 36.748 22.5
      vertex 82.4 36.5 22.5
    endloop
  endfacet
  facet normal 0 0 1
    outer loop
      vertex 82.5867 38.2175 22.5
      vertex 82.3353 36.9918 22.5
      vertex 82.3837 36.748 22.5
    endloop
  endfacet
  facet normal 0 0 1
    outer loop
      vertex 82.5867 38.2175 22.5
      vertex 82.2554 37.2271 22.5
      vertex 82.3353 36.9918 22.5
    endloop
  endfacet
  facet normal 0 0 1
    outer loop
      vertex 81.8435 37.8435 22.5
      vertex 82.4142 38.4142 22.5
      vertex 82.2175 38.5867 22.5
    endloop
  endfacet
  facet normal 0 0 1
    outer loop
      vertex 82.5867 38.2175 22.5
      vertex 82.1454 37.45 22.5
      vertex 82.2554 37.2271 22.5
    endloop
  endfacet
  facet normal 0 0 1
    outer loop
      vertex 82.5867 38.2175 22.5
      vertex 82.0074 37.6566 22.5
      vertex 82.1454 37.45 22.5
    endloop
  endfacet
  facet normal 0 0 1
    outer loop
      vertex 81.6566 38.0074 22.5
      vertex 82.2175 38.5867 22.5
      vertex 82 38.732 22.5
    endloop
  endfacet
  facet normal 0 0 1
    outer loop
      vertex 82.5867 38.2175 22.5
      vertex 81.8435 37.8435 22.5
      vertex 82.0074 37.6566 22.5
    endloop
  endfacet
  facet normal 0 0 1
    outer loop
      vertex 81.45 38.1454 22.5
      vertex 82 38.732 22.5
      vertex 81.7654 38.8478 22.5
    endloop
  endfacet
  facet normal 0 0 1
    outer loop
      vertex 82.2175 38.5867 22.5
      vertex 81.6566 38.0074 22.5
      vertex 81.8435 37.8435 22.5
    endloop
  endfacet
  facet normal 0 0 1
    outer loop
      vertex 81.45 38.1454 22.5
      vertex 81.7654 38.8478 22.5
      vertex 81.5176 38.9319 22.5
    endloop
  endfacet
  facet normal 0 0 1
    outer loop
      vertex 82 38.732 22.5
      vertex 81.45 38.1454 22.5
      vertex 81.6566 38.0074 22.5
    endloop
  endfacet
  facet normal 0 0 1
    outer loop
      vertex 81.2271 38.2554 22.5
      vertex 81.5176 38.9319 22.5
      vertex 81.2611 38.9829 22.5
    endloop
  endfacet
  facet normal 0 0 1
    outer loop
      vertex 81.5176 38.9319 22.5
      vertex 81.2271 38.2554 22.5
      vertex 81.45 38.1454 22.5
    endloop
  endfacet
  facet normal 0 0 1
    outer loop
      vertex 80.9918 38.3353 22.5
      vertex 81.2611 38.9829 22.5
      vertex 81 39 22.5
    endloop
  endfacet
  facet normal 0 0 1
    outer loop
      vertex 81.2611 38.9829 22.5
      vertex 80.9918 38.3353 22.5
      vertex 81.2271 38.2554 22.5
    endloop
  endfacet
  facet normal 0 0 1
    outer loop
      vertex 81 39 22.5
      vertex 80.748 38.3837 22.5
      vertex 80.9918 38.3353 22.5
    endloop
  endfacet
  facet normal 0 0 1
    outer loop
      vertex 81 39 22.5
      vertex 80.5 38.4 22.5
      vertex 80.748 38.3837 22.5
    endloop
  endfacet
  facet normal 0 0 1
    outer loop
      vertex 81 39 22.5
      vertex 80.252 38.3837 22.5
      vertex 80.5 38.4 22.5
    endloop
  endfacet
  facet normal 0 0 1
    outer loop
      vertex 81 39 22.5
      vertex 80.0082 38.3353 22.5
      vertex 80.252 38.3837 22.5
    endloop
  endfacet
  facet normal -0 0 1
    outer loop
      vertex 78.0538 39 22.5
      vertex 80.0082 38.3353 22.5
      vertex 81 39 22.5
    endloop
  endfacet
  facet normal 0 0 1
    outer loop
      vertex 80.0082 38.3353 22.5
      vertex 78.0538 39 22.5
      vertex 79.7729 38.2554 22.5
    endloop
  endfacet
  facet normal 0 0 1
    outer loop
      vertex 77 36.5 22.5
      vertex 78.6 36.5 22.5
      vertex 78.6163 36.748 22.5
    endloop
  endfacet
  facet normal 0 0 1
    outer loop
      vertex 79.7729 38.2554 22.5
      vertex 78.0538 39 22.5
      vertex 79.55 38.1454 22.5
    endloop
  endfacet
  facet normal 0 0 1
    outer loop
      vertex 78.0538 39 22.5
      vertex 79.3434 38.0074 22.5
      vertex 79.55 38.1454 22.5
    endloop
  endfacet
  facet normal 0 0 1
    outer loop
      vertex 78.0538 39 22.5
      vertex 79.1565 37.8435 22.5
      vertex 79.3434 38.0074 22.5
    endloop
  endfacet
  facet normal -0 0 1
    outer loop
      vertex 78.0251 38.9749 22.5
      vertex 79.1565 37.8435 22.5
      vertex 78.0538 39 22.5
    endloop
  endfacet
  facet normal 0 0 1
    outer loop
      vertex 79.1565 37.8435 22.5
      vertex 78.0251 38.9749 22.5
      vertex 78.9926 37.6566 22.5
    endloop
  endfacet
  facet normal -0 0 1
    outer loop
      vertex 77.7233 38.6307 22.5
      vertex 78.9926 37.6566 22.5
      vertex 78.0251 38.9749 22.5
    endloop
  endfacet
  facet normal 0 0 1
    outer loop
      vertex 78.9926 37.6566 22.5
      vertex 77.7233 38.6307 22.5
      vertex 78.8546 37.45 22.5
    endloop
  endfacet
  facet normal -0 0 1
    outer loop
      vertex 77.4689 38.25 22.5
      vertex 78.8546 37.45 22.5
      vertex 77.7233 38.6307 22.5
    endloop
  endfacet
  facet normal 0 0 1
    outer loop
      vertex 78.8546 37.45 22.5
      vertex 77.4689 38.25 22.5
      vertex 78.7446 37.2271 22.5
    endloop
  endfacet
  facet normal -0 0 1
    outer loop
      vertex 77.2664 37.8394 22.5
      vertex 78.7446 37.2271 22.5
      vertex 77.4689 38.25 22.5
    endloop
  endfacet
  facet normal 0 0 1
    outer loop
      vertex 78.6 36.5 22.5
      vertex 78.0251 34.0251 22.5
      vertex 78.3693 33.7233 22.5
    endloop
  endfacet
  facet normal 0 0 1
    outer loop
      vertex 78.7446 37.2271 22.5
      vertex 77.2664 37.8394 22.5
      vertex 78.6647 36.9918 22.5
    endloop
  endfacet
  facet normal 0 0 1
    outer loop
      vertex 78.6 36.5 22.5
      vertex 77.7233 34.3693 22.5
      vertex 78.0251 34.0251 22.5
    endloop
  endfacet
  facet normal -0 0 1
    outer loop
      vertex 77.1193 37.4059 22.5
      vertex 78.6647 36.9918 22.5
      vertex 77.2664 37.8394 22.5
    endloop
  endfacet
  facet normal 0 0 1
    outer loop
      vertex 78.6 36.5 22.5
      vertex 77.4689 34.75 22.5
      vertex 77.7233 34.3693 22.5
    endloop
  endfacet
  facet normal 0 0 1
    outer loop
      vertex 78.6647 36.9918 22.5
      vertex 77.1193 37.4059 22.5
      vertex 78.6163 36.748 22.5
    endloop
  endfacet
  facet normal 0 0 1
    outer loop
      vertex 78.6 36.5 22.5
      vertex 77.2664 35.1606 22.5
      vertex 77.4689 34.75 22.5
    endloop
  endfacet
  facet normal -0 0 1
    outer loop
      vertex 77.0299 36.9568 22.5
      vertex 78.6163 36.748 22.5
      vertex 77.1193 37.4059 22.5
    endloop
  endfacet
  facet normal 0 0 1
    outer loop
      vertex 78.6 36.5 22.5
      vertex 77.1193 35.5941 22.5
      vertex 77.2664 35.1606 22.5
    endloop
  endfacet
  facet normal 0 0 1
    outer loop
      vertex 77 36.5 22.5
      vertex 78.6163 36.748 22.5
      vertex 77.0299 36.9568 22.5
    endloop
  endfacet
  facet normal 0 0 1
    outer loop
      vertex 78.6 36.5 22.5
      vertex 77.0299 36.0432 22.5
      vertex 77.1193 35.5941 22.5
    endloop
  endfacet
  facet normal 0 0 1
    outer loop
      vertex 78.6 36.5 22.5
      vertex 77 36.5 22.5
      vertex 77.0299 36.0432 22.5
    endloop
  endfacet
  facet normal 0 0 1
    outer loop
      vertex 82.3837 36.748 22.5
      vertex 83 37 22.5
      vertex 82.9829 37.2611 22.5
    endloop
  endfacet
  facet normal 0 0 1
    outer loop
      vertex 83 37 22.5
      vertex 82.3353 36.0082 22.5
      vertex 83 34.0538 22.5
    endloop
  endfacet
  facet normal 0 0 1
    outer loop
      vertex 82.3837 36.748 22.5
      vertex 82.9829 37.2611 22.5
      vertex 82.9319 37.5176 22.5
    endloop
  endfacet
  facet normal 0 0 1
    outer loop
      vertex 82.3837 36.748 22.5
      vertex 82.9319 37.5176 22.5
      vertex 82.8478 37.7654 22.5
    endloop
  endfacet
  facet normal 0 0 1
    outer loop
      vertex 82.3837 36.748 22.5
      vertex 82.8478 37.7654 22.5
      vertex 82.732 38 22.5
    endloop
  endfacet
  facet normal 0 0 1
    outer loop
      vertex 83 37 22.5
      vertex 82.4 36.5 22.5
      vertex 82.3837 36.252 22.5
    endloop
  endfacet
  facet normal 0 0 1
    outer loop
      vertex 82.3837 36.748 22.5
      vertex 82.732 38 22.5
      vertex 82.5867 38.2175 22.5
    endloop
  endfacet
  facet normal 0 0 1
    outer loop
      vertex 81.8435 37.8435 22.5
      vertex 82.5867 38.2175 22.5
      vertex 82.4142 38.4142 22.5
    endloop
  endfacet
  facet normal 0 0 1
    outer loop
      vertex 83 37 22.5
      vertex 82.3837 36.252 22.5
      vertex 82.3353 36.0082 22.5
    endloop
  endfacet
  facet normal -0 0 1
    outer loop
      vertex 82.2554 35.7729 22.5
      vertex 83 34.0538 22.5
      vertex 82.3353 36.0082 22.5
    endloop
  endfacet
  facet normal -0 0 1
    outer loop
      vertex 82.1454 35.55 22.5
      vertex 83 34.0538 22.5
      vertex 82.2554 35.7729 22.5
    endloop
  endfacet
  facet normal -0 0 1
    outer loop
      vertex 82.0074 35.3434 22.5
      vertex 83 34.0538 22.5
      vertex 82.1454 35.55 22.5
    endloop
  endfacet
  facet normal -0 0 1
    outer loop
      vertex 81.8435 35.1565 22.5
      vertex 83 34.0538 22.5
      vertex 82.0074 35.3434 22.5
    endloop
  endfacet
  facet normal 0 0 1
    outer loop
      vertex 83 34.0538 22.5
      vertex 81.8435 35.1565 22.5
      vertex 82.9749 34.0251 22.5
    endloop
  endfacet
  facet normal 0 0 1
    outer loop
      vertex 82.9749 34.0251 22.5
      vertex 81.8435 35.1565 22.5
      vertex 82.6307 33.7233 22.5
    endloop
  endfacet
  facet normal -0 0 1
    outer loop
      vertex 81.6566 34.9926 22.5
      vertex 82.6307 33.7233 22.5
      vertex 81.8435 35.1565 22.5
    endloop
  endfacet
  facet normal 0 0 1
    outer loop
      vertex 82.6307 33.7233 22.5
      vertex 81.6566 34.9926 22.5
      vertex 82.25 33.4689 22.5
    endloop
  endfacet
  facet normal -0 0 1
    outer loop
      vertex 81.45 34.8546 22.5
      vertex 82.25 33.4689 22.5
      vertex 81.6566 34.9926 22.5
    endloop
  endfacet
  facet normal 0 0 1
    outer loop
      vertex 82.25 33.4689 22.5
      vertex 81.45 34.8546 22.5
      vertex 81.8394 33.2664 22.5
    endloop
  endfacet
  facet normal -0 0 1
    outer loop
      vertex 81.2271 34.7446 22.5
      vertex 81.8394 33.2664 22.5
      vertex 81.45 34.8546 22.5
    endloop
  endfacet
  facet normal 0 0 1
    outer loop
      vertex 81.8394 33.2664 22.5
      vertex 81.2271 34.7446 22.5
      vertex 81.4059 33.1193 22.5
    endloop
  endfacet
  facet normal -0 0 1
    outer loop
      vertex 80.9918 34.6647 22.5
      vertex 81.4059 33.1193 22.5
      vertex 81.2271 34.7446 22.5
    endloop
  endfacet
  facet normal 0 0 1
    outer loop
      vertex 80.9918 34.6647 22.5
      vertex 80.9568 33.0299 22.5
      vertex 81.4059 33.1193 22.5
    endloop
  endfacet
  facet normal -0 0 1
    outer loop
      vertex 80.748 34.6163 22.5
      vertex 80.9568 33.0299 22.5
      vertex 80.9918 34.6647 22.5
    endloop
  endfacet
  facet normal -0 0 1
    outer loop
      vertex 80.5 34.6 22.5
      vertex 80.9568 33.0299 22.5
      vertex 80.748 34.6163 22.5
    endloop
  endfacet
  facet normal 0 0 1
    outer loop
      vertex 80.5 34.6 22.5
      vertex 80.5 33 22.5
      vertex 80.9568 33.0299 22.5
    endloop
  endfacet
  facet normal 0 0 1
    outer loop
      vertex 80.252 34.6163 22.5
      vertex 80.5 33 22.5
      vertex 80.5 34.6 22.5
    endloop
  endfacet
  facet normal 0 0 1
    outer loop
      vertex 80.252 34.6163 22.5
      vertex 80.0432 33.0299 22.5
      vertex 80.5 33 22.5
    endloop
  endfacet
  facet normal 0 0 1
    outer loop
      vertex 80.0082 34.6647 22.5
      vertex 80.0432 33.0299 22.5
      vertex 80.252 34.6163 22.5
    endloop
  endfacet
  facet normal 0 0 1
    outer loop
      vertex 79.5941 33.1193 22.5
      vertex 80.0082 34.6647 22.5
      vertex 79.7729 34.7446 22.5
    endloop
  endfacet
  facet normal 0 0 1
    outer loop
      vertex 80.0082 34.6647 22.5
      vertex 79.5941 33.1193 22.5
      vertex 80.0432 33.0299 22.5
    endloop
  endfacet
  facet normal 0 0 1
    outer loop
      vertex 79.1606 33.2664 22.5
      vertex 79.7729 34.7446 22.5
      vertex 79.55 34.8546 22.5
    endloop
  endfacet
  facet normal 0 0 1
    outer loop
      vertex 78.75 33.4689 22.5
      vertex 79.55 34.8546 22.5
      vertex 79.3434 34.9926 22.5
    endloop
  endfacet
  facet normal 0 0 1
    outer loop
      vertex 79.7729 34.7446 22.5
      vertex 79.1606 33.2664 22.5
      vertex 79.5941 33.1193 22.5
    endloop
  endfacet
  facet normal 0 0 1
    outer loop
      vertex 78.3693 33.7233 22.5
      vertex 79.3434 34.9926 22.5
      vertex 79.1565 35.1565 22.5
    endloop
  endfacet
  facet normal 0 0 1
    outer loop
      vertex 78.3693 33.7233 22.5
      vertex 79.1565 35.1565 22.5
      vertex 78.9926 35.3434 22.5
    endloop
  endfacet
  facet normal 0 0 1
    outer loop
      vertex 78.3693 33.7233 22.5
      vertex 78.9926 35.3434 22.5
      vertex 78.8546 35.55 22.5
    endloop
  endfacet
  facet normal 0 0 1
    outer loop
      vertex 79.55 34.8546 22.5
      vertex 78.75 33.4689 22.5
      vertex 79.1606 33.2664 22.5
    endloop
  endfacet
  facet normal 0 0 1
    outer loop
      vertex 78.3693 33.7233 22.5
      vertex 78.8546 35.55 22.5
      vertex 78.7446 35.7729 22.5
    endloop
  endfacet
  facet normal 0 0 1
    outer loop
      vertex 78.3693 33.7233 22.5
      vertex 78.7446 35.7729 22.5
      vertex 78.6647 36.0082 22.5
    endloop
  endfacet
  facet normal 0 0 1
    outer loop
      vertex 78.3693 33.7233 22.5
      vertex 78.6647 36.0082 22.5
      vertex 78.6163 36.252 22.5
    endloop
  endfacet
  facet normal 0 0 1
    outer loop
      vertex 78.3693 33.7233 22.5
      vertex 78.6163 36.252 22.5
      vertex 78.6 36.5 22.5
    endloop
  endfacet
  facet normal 0 0 1
    outer loop
      vertex 79.3434 34.9926 22.5
      vertex 78.3693 33.7233 22.5
      vertex 78.75 33.4689 22.5
    endloop
  endfacet
  facet normal -0.195234 -0.980757 0
    outer loop
      vertex 79.5941 33.1193 2
      vertex 80.0432 33.0299 22.5
      vertex 79.5941 33.1193 22.5
    endloop
  endfacet
  facet normal -0.195234 -0.980757 -0
    outer loop
      vertex 80.0432 33.0299 22.5
      vertex 79.5941 33.1193 2
      vertex 80.0432 33.0299 2
    endloop
  endfacet
  facet normal -0.831445 0.555607 0
    outer loop
      vertex 77.4689 38.25 2
      vertex 77.7233 38.6307 22.5
      vertex 77.7233 38.6307 2
    endloop
  endfacet
  facet normal -0.831445 0.555607 0
    outer loop
      vertex 77.7233 38.6307 22.5
      vertex 77.4689 38.25 2
      vertex 77.4689 38.25 22.5
    endloop
  endfacet
  facet normal -0.0653156 -0.997865 0
    outer loop
      vertex 80.0432 33.0299 2
      vertex 80.5 33 22.5
      vertex 80.0432 33.0299 22.5
    endloop
  endfacet
  facet normal -0.0653156 -0.997865 -0
    outer loop
      vertex 80.5 33 22.5
      vertex 80.0432 33.0299 2
      vertex 80.5 33 2
    endloop
  endfacet
  facet normal -0.194723 -0.980858 0
    outer loop
      vertex 80.748 38.3837 2
      vertex 80.9918 38.3353 22.5
      vertex 80.748 38.3837 22.5
    endloop
  endfacet
  facet normal -0.194723 -0.980858 -0
    outer loop
      vertex 80.9918 38.3353 22.5
      vertex 80.748 38.3837 2
      vertex 80.9918 38.3353 2
    endloop
  endfacet
  facet normal -0.980858 -0.194723 0
    outer loop
      vertex 82.3837 36.748 2
      vertex 82.3353 36.9918 22.5
      vertex 82.3353 36.9918 2
    endloop
  endfacet
  facet normal -0.980858 -0.194723 0
    outer loop
      vertex 82.3353 36.9918 22.5
      vertex 82.3837 36.748 2
      vertex 82.3837 36.748 22.5
    endloop
  endfacet
  facet normal -0.997847 -0.0655843 0
    outer loop
      vertex 82.4 36.5 2
      vertex 82.3837 36.748 22.5
      vertex 82.3837 36.748 2
    endloop
  endfacet
  facet normal -0.997847 -0.0655843 0
    outer loop
      vertex 82.3837 36.748 22.5
      vertex 82.4 36.5 2
      vertex 82.4 36.5 22.5
    endloop
  endfacet
  facet normal -0.946898 -0.321535 0
    outer loop
      vertex 82.3353 36.9918 2
      vertex 82.2554 37.2271 22.5
      vertex 82.2554 37.2271 2
    endloop
  endfacet
  facet normal -0.946898 -0.321535 0
    outer loop
      vertex 82.2554 37.2271 22.5
      vertex 82.3353 36.9918 2
      vertex 82.3353 36.9918 22.5
    endloop
  endfacet
  facet normal -0.831555 -0.555443 0
    outer loop
      vertex 82.1454 37.45 2
      vertex 82.0074 37.6566 22.5
      vertex 82.0074 37.6566 2
    endloop
  endfacet
  facet normal -0.831555 -0.555443 0
    outer loop
      vertex 82.0074 37.6566 22.5
      vertex 82.1454 37.45 2
      vertex 82.1454 37.45 22.5
    endloop
  endfacet
  facet normal -0.321535 -0.946898 0
    outer loop
      vertex 80.9918 38.3353 2
      vertex 81.2271 38.2554 22.5
      vertex 80.9918 38.3353 22.5
    endloop
  endfacet
  facet normal -0.321535 -0.946898 -0
    outer loop
      vertex 81.2271 38.2554 22.5
      vertex 80.9918 38.3353 2
      vertex 81.2271 38.2554 2
    endloop
  endfacet
  facet normal 0.980858 0.194723 0
    outer loop
      vertex 78.6647 36.0082 22.5
      vertex 78.6163 36.252 2
      vertex 78.6163 36.252 22.5
    endloop
  endfacet
  facet normal 0.980858 0.194723 0
    outer loop
      vertex 78.6163 36.252 2
      vertex 78.6647 36.0082 22.5
      vertex 78.6647 36.0082 2
    endloop
  endfacet
  facet normal -0.997847 0.0655843 0
    outer loop
      vertex 82.3837 36.252 2
      vertex 82.4 36.5 22.5
      vertex 82.4 36.5 2
    endloop
  endfacet
  facet normal -0.997847 0.0655843 0
    outer loop
      vertex 82.4 36.5 22.5
      vertex 82.3837 36.252 2
      vertex 82.3837 36.252 22.5
    endloop
  endfacet
  facet normal 0.997847 0.0655843 0
    outer loop
      vertex 78.6163 36.252 22.5
      vertex 78.6 36.5 2
      vertex 78.6 36.5 22.5
    endloop
  endfacet
  facet normal 0.997847 0.0655843 0
    outer loop
      vertex 78.6 36.5 2
      vertex 78.6163 36.252 22.5
      vertex 78.6163 36.252 2
    endloop
  endfacet
  facet normal 0.321535 0.946898 -0
    outer loop
      vertex 80.0082 34.6647 2
      vertex 79.7729 34.7446 22.5
      vertex 80.0082 34.6647 22.5
    endloop
  endfacet
  facet normal 0.321535 0.946898 0
    outer loop
      vertex 79.7729 34.7446 22.5
      vertex 80.0082 34.6647 2
      vertex 79.7729 34.7446 2
    endloop
  endfacet
  facet normal -0.896748 -0.442541 0
    outer loop
      vertex 82.2554 37.2271 2
      vertex 82.1454 37.45 22.5
      vertex 82.1454 37.45 2
    endloop
  endfacet
  facet normal -0.896748 -0.442541 0
    outer loop
      vertex 82.1454 37.45 22.5
      vertex 82.2554 37.2271 2
      vertex 82.2554 37.2271 22.5
    endloop
  endfacet
  facet normal -0.751854 -0.65933 0
    outer loop
      vertex 82.0074 37.6566 2
      vertex 81.8435 37.8435 22.5
      vertex 81.8435 37.8435 2
    endloop
  endfacet
  facet normal -0.751854 -0.65933 0
    outer loop
      vertex 81.8435 37.8435 22.5
      vertex 82.0074 37.6566 2
      vertex 82.0074 37.6566 22.5
    endloop
  endfacet
  facet normal -0.946898 0.321535 0
    outer loop
      vertex 82.2554 35.7729 2
      vertex 82.3353 36.0082 22.5
      vertex 82.3353 36.0082 2
    endloop
  endfacet
  facet normal -0.946898 0.321535 0
    outer loop
      vertex 82.3353 36.0082 22.5
      vertex 82.2554 35.7729 2
      vertex 82.2554 35.7729 22.5
    endloop
  endfacet
  facet normal 0.751854 0.65933 0
    outer loop
      vertex 79.1565 35.1565 22.5
      vertex 78.9926 35.3434 2
      vertex 78.9926 35.3434 22.5
    endloop
  endfacet
  facet normal 0.751854 0.65933 0
    outer loop
      vertex 78.9926 35.3434 2
      vertex 79.1565 35.1565 22.5
      vertex 79.1565 35.1565 2
    endloop
  endfacet
  facet normal -0.980858 0.194723 0
    outer loop
      vertex 82.3353 36.0082 2
      vertex 82.3837 36.252 22.5
      vertex 82.3837 36.252 2
    endloop
  endfacet
  facet normal -0.980858 0.194723 0
    outer loop
      vertex 82.3837 36.252 22.5
      vertex 82.3353 36.0082 2
      vertex 82.3353 36.0082 22.5
    endloop
  endfacet
  facet normal -0.0655843 0.997847 0
    outer loop
      vertex 80.748 34.6163 2
      vertex 80.5 34.6 22.5
      vertex 80.748 34.6163 22.5
    endloop
  endfacet
  facet normal -0.0655843 0.997847 0
    outer loop
      vertex 80.5 34.6 22.5
      vertex 80.748 34.6163 2
      vertex 80.5 34.6 2
    endloop
  endfacet
  facet normal 0.946898 0.321535 0
    outer loop
      vertex 78.7446 35.7729 22.5
      vertex 78.6647 36.0082 2
      vertex 78.6647 36.0082 22.5
    endloop
  endfacet
  facet normal 0.946898 0.321535 0
    outer loop
      vertex 78.6647 36.0082 2
      vertex 78.7446 35.7729 22.5
      vertex 78.7446 35.7729 2
    endloop
  endfacet
  facet normal -0.831555 0.555443 0
    outer loop
      vertex 82.0074 35.3434 2
      vertex 82.1454 35.55 22.5
      vertex 82.1454 35.55 2
    endloop
  endfacet
  facet normal -0.831555 0.555443 0
    outer loop
      vertex 82.1454 35.55 22.5
      vertex 82.0074 35.3434 2
      vertex 82.0074 35.3434 22.5
    endloop
  endfacet
  facet normal -0.442541 -0.896748 0
    outer loop
      vertex 81.2271 38.2554 2
      vertex 81.45 38.1454 22.5
      vertex 81.2271 38.2554 22.5
    endloop
  endfacet
  facet normal -0.442541 -0.896748 -0
    outer loop
      vertex 81.45 38.1454 22.5
      vertex 81.2271 38.2554 2
      vertex 81.45 38.1454 2
    endloop
  endfacet
  facet normal 0.442541 -0.896748 0
    outer loop
      vertex 79.55 38.1454 2
      vertex 79.7729 38.2554 22.5
      vertex 79.55 38.1454 22.5
    endloop
  endfacet
  facet normal 0.442541 -0.896748 0
    outer loop
      vertex 79.7729 38.2554 22.5
      vertex 79.55 38.1454 2
      vertex 79.7729 38.2554 2
    endloop
  endfacet
  facet normal -0.442541 0.896748 0
    outer loop
      vertex 81.45 34.8546 2
      vertex 81.2271 34.7446 22.5
      vertex 81.45 34.8546 22.5
    endloop
  endfacet
  facet normal -0.442541 0.896748 0
    outer loop
      vertex 81.2271 34.7446 22.5
      vertex 81.45 34.8546 2
      vertex 81.2271 34.7446 2
    endloop
  endfacet
  facet normal -0.321535 0.946898 0
    outer loop
      vertex 81.2271 34.7446 2
      vertex 80.9918 34.6647 22.5
      vertex 81.2271 34.7446 22.5
    endloop
  endfacet
  facet normal -0.321535 0.946898 0
    outer loop
      vertex 80.9918 34.6647 22.5
      vertex 81.2271 34.7446 2
      vertex 80.9918 34.6647 2
    endloop
  endfacet
  facet normal 0.194723 0.980858 -0
    outer loop
      vertex 80.252 34.6163 2
      vertex 80.0082 34.6647 22.5
      vertex 80.252 34.6163 22.5
    endloop
  endfacet
  facet normal 0.194723 0.980858 0
    outer loop
      vertex 80.0082 34.6647 22.5
      vertex 80.252 34.6163 2
      vertex 80.0082 34.6647 2
    endloop
  endfacet
  facet normal 0.946898 -0.321535 0
    outer loop
      vertex 78.6647 36.9918 22.5
      vertex 78.7446 37.2271 2
      vertex 78.7446 37.2271 22.5
    endloop
  endfacet
  facet normal 0.946898 -0.321535 0
    outer loop
      vertex 78.7446 37.2271 2
      vertex 78.6647 36.9918 22.5
      vertex 78.6647 36.9918 2
    endloop
  endfacet
  facet normal 0.194723 -0.980858 0
    outer loop
      vertex 80.0082 38.3353 2
      vertex 80.252 38.3837 22.5
      vertex 80.0082 38.3353 22.5
    endloop
  endfacet
  facet normal 0.194723 -0.980858 0
    outer loop
      vertex 80.252 38.3837 22.5
      vertex 80.0082 38.3353 2
      vertex 80.252 38.3837 2
    endloop
  endfacet
  facet normal 0.555443 -0.831555 0
    outer loop
      vertex 79.3434 38.0074 2
      vertex 79.55 38.1454 22.5
      vertex 79.3434 38.0074 22.5
    endloop
  endfacet
  facet normal 0.555443 -0.831555 0
    outer loop
      vertex 79.55 38.1454 22.5
      vertex 79.3434 38.0074 2
      vertex 79.55 38.1454 2
    endloop
  endfacet
  facet normal -0.555443 0.831555 0
    outer loop
      vertex 81.6566 34.9926 2
      vertex 81.45 34.8546 22.5
      vertex 81.6566 34.9926 22.5
    endloop
  endfacet
  facet normal -0.555443 0.831555 0
    outer loop
      vertex 81.45 34.8546 22.5
      vertex 81.6566 34.9926 2
      vertex 81.45 34.8546 2
    endloop
  endfacet
  facet normal -0.194723 0.980858 0
    outer loop
      vertex 80.9918 34.6647 2
      vertex 80.748 34.6163 22.5
      vertex 80.9918 34.6647 22.5
    endloop
  endfacet
  facet normal -0.194723 0.980858 0
    outer loop
      vertex 80.748 34.6163 22.5
      vertex 80.9918 34.6647 2
      vertex 80.748 34.6163 2
    endloop
  endfacet
  facet normal 0.896748 -0.442541 0
    outer loop
      vertex 78.7446 37.2271 22.5
      vertex 78.8546 37.45 2
      vertex 78.8546 37.45 22.5
    endloop
  endfacet
  facet normal 0.896748 -0.442541 0
    outer loop
      vertex 78.8546 37.45 2
      vertex 78.7446 37.2271 22.5
      vertex 78.7446 37.2271 2
    endloop
  endfacet
  facet normal 0.831555 -0.555443 0
    outer loop
      vertex 78.8546 37.45 22.5
      vertex 78.9926 37.6566 2
      vertex 78.9926 37.6566 22.5
    endloop
  endfacet
  facet normal 0.831555 -0.555443 0
    outer loop
      vertex 78.9926 37.6566 2
      vertex 78.8546 37.45 22.5
      vertex 78.8546 37.45 2
    endloop
  endfacet
  facet normal 0.0655843 0.997847 -0
    outer loop
      vertex 80.5 34.6 2
      vertex 80.252 34.6163 22.5
      vertex 80.5 34.6 22.5
    endloop
  endfacet
  facet normal 0.0655843 0.997847 0
    outer loop
      vertex 80.252 34.6163 22.5
      vertex 80.5 34.6 2
      vertex 80.252 34.6163 2
    endloop
  endfacet
  facet normal 0.65933 -0.751854 0
    outer loop
      vertex 79.1565 37.8435 2
      vertex 79.3434 38.0074 22.5
      vertex 79.1565 37.8435 22.5
    endloop
  endfacet
  facet normal 0.65933 -0.751854 0
    outer loop
      vertex 79.3434 38.0074 22.5
      vertex 79.1565 37.8435 2
      vertex 79.3434 38.0074 2
    endloop
  endfacet
  facet normal 0.65933 0.751854 -0
    outer loop
      vertex 79.3434 34.9926 2
      vertex 79.1565 35.1565 22.5
      vertex 79.3434 34.9926 22.5
    endloop
  endfacet
  facet normal 0.65933 0.751854 0
    outer loop
      vertex 79.1565 35.1565 22.5
      vertex 79.3434 34.9926 2
      vertex 79.1565 35.1565 2
    endloop
  endfacet
  facet normal 0.751854 -0.65933 0
    outer loop
      vertex 78.9926 37.6566 22.5
      vertex 79.1565 37.8435 2
      vertex 79.1565 37.8435 22.5
    endloop
  endfacet
  facet normal 0.751854 -0.65933 0
    outer loop
      vertex 79.1565 37.8435 2
      vertex 78.9926 37.6566 22.5
      vertex 78.9926 37.6566 2
    endloop
  endfacet
  facet normal -0.751854 0.65933 0
    outer loop
      vertex 81.8435 35.1565 2
      vertex 82.0074 35.3434 22.5
      vertex 82.0074 35.3434 2
    endloop
  endfacet
  facet normal -0.751854 0.65933 0
    outer loop
      vertex 82.0074 35.3434 22.5
      vertex 81.8435 35.1565 2
      vertex 81.8435 35.1565 22.5
    endloop
  endfacet
  facet normal -0.896748 0.442541 0
    outer loop
      vertex 82.1454 35.55 2
      vertex 82.2554 35.7729 22.5
      vertex 82.2554 35.7729 2
    endloop
  endfacet
  facet normal -0.896748 0.442541 0
    outer loop
      vertex 82.2554 35.7729 22.5
      vertex 82.1454 35.55 2
      vertex 82.1454 35.55 22.5
    endloop
  endfacet
  facet normal 0.555443 0.831555 -0
    outer loop
      vertex 79.55 34.8546 2
      vertex 79.3434 34.9926 22.5
      vertex 79.55 34.8546 22.5
    endloop
  endfacet
  facet normal 0.555443 0.831555 0
    outer loop
      vertex 79.3434 34.9926 22.5
      vertex 79.55 34.8546 2
      vertex 79.3434 34.9926 2
    endloop
  endfacet
  facet normal 0.980858 -0.194723 0
    outer loop
      vertex 78.6163 36.748 22.5
      vertex 78.6647 36.9918 2
      vertex 78.6647 36.9918 22.5
    endloop
  endfacet
  facet normal 0.980858 -0.194723 0
    outer loop
      vertex 78.6647 36.9918 2
      vertex 78.6163 36.748 22.5
      vertex 78.6163 36.748 2
    endloop
  endfacet
  facet normal -0.0655843 -0.997847 0
    outer loop
      vertex 80.5 38.4 2
      vertex 80.748 38.3837 22.5
      vertex 80.5 38.4 22.5
    endloop
  endfacet
  facet normal -0.0655843 -0.997847 -0
    outer loop
      vertex 80.748 38.3837 22.5
      vertex 80.5 38.4 2
      vertex 80.748 38.3837 2
    endloop
  endfacet
  facet normal -0.555443 -0.831555 0
    outer loop
      vertex 81.45 38.1454 2
      vertex 81.6566 38.0074 22.5
      vertex 81.45 38.1454 22.5
    endloop
  endfacet
  facet normal -0.555443 -0.831555 -0
    outer loop
      vertex 81.6566 38.0074 22.5
      vertex 81.45 38.1454 2
      vertex 81.6566 38.0074 2
    endloop
  endfacet
  facet normal 0.321535 -0.946898 0
    outer loop
      vertex 79.7729 38.2554 2
      vertex 80.0082 38.3353 22.5
      vertex 79.7729 38.2554 22.5
    endloop
  endfacet
  facet normal 0.321535 -0.946898 0
    outer loop
      vertex 80.0082 38.3353 22.5
      vertex 79.7729 38.2554 2
      vertex 80.0082 38.3353 2
    endloop
  endfacet
  facet normal 0.0655843 -0.997847 0
    outer loop
      vertex 80.252 38.3837 2
      vertex 80.5 38.4 22.5
      vertex 80.252 38.3837 22.5
    endloop
  endfacet
  facet normal 0.0655843 -0.997847 0
    outer loop
      vertex 80.5 38.4 22.5
      vertex 80.252 38.3837 2
      vertex 80.5 38.4 2
    endloop
  endfacet
  facet normal 0.997847 -0.0655843 0
    outer loop
      vertex 78.6 36.5 22.5
      vertex 78.6163 36.748 2
      vertex 78.6163 36.748 22.5
    endloop
  endfacet
  facet normal 0.997847 -0.0655843 0
    outer loop
      vertex 78.6163 36.748 2
      vertex 78.6 36.5 22.5
      vertex 78.6 36.5 2
    endloop
  endfacet
  facet normal -0.65933 -0.751854 0
    outer loop
      vertex 81.6566 38.0074 2
      vertex 81.8435 37.8435 22.5
      vertex 81.6566 38.0074 22.5
    endloop
  endfacet
  facet normal -0.65933 -0.751854 -0
    outer loop
      vertex 81.8435 37.8435 22.5
      vertex 81.6566 38.0074 2
      vertex 81.8435 37.8435 2
    endloop
  endfacet
  facet normal 0.442541 0.896748 -0
    outer loop
      vertex 79.7729 34.7446 2
      vertex 79.55 34.8546 22.5
      vertex 79.7729 34.7446 22.5
    endloop
  endfacet
  facet normal 0.442541 0.896748 0
    outer loop
      vertex 79.55 34.8546 22.5
      vertex 79.7729 34.7446 2
      vertex 79.55 34.8546 2
    endloop
  endfacet
  facet normal -0.65933 0.751854 0
    outer loop
      vertex 81.8435 35.1565 2
      vertex 81.6566 34.9926 22.5
      vertex 81.8435 35.1565 22.5
    endloop
  endfacet
  facet normal -0.65933 0.751854 0
    outer loop
      vertex 81.6566 34.9926 22.5
      vertex 81.8435 35.1565 2
      vertex 81.6566 34.9926 2
    endloop
  endfacet
  facet normal 0.831555 0.555443 0
    outer loop
      vertex 78.9926 35.3434 22.5
      vertex 78.8546 35.55 2
      vertex 78.8546 35.55 22.5
    endloop
  endfacet
  facet normal 0.831555 0.555443 0
    outer loop
      vertex 78.8546 35.55 2
      vertex 78.9926 35.3434 22.5
      vertex 78.9926 35.3434 2
    endloop
  endfacet
  facet normal 0.896748 0.442541 0
    outer loop
      vertex 78.8546 35.55 22.5
      vertex 78.7446 35.7729 2
      vertex 78.7446 35.7729 22.5
    endloop
  endfacet
  facet normal 0.896748 0.442541 0
    outer loop
      vertex 78.7446 35.7729 2
      vertex 78.8546 35.55 22.5
      vertex 78.8546 35.55 2
    endloop
  endfacet
  facet normal 1 -0 0
    outer loop
      vertex 5.5 5 4.5
      vertex 5.5 6.11204 2
      vertex 5.5 6.11204 4.5
    endloop
  endfacet
  facet normal 1 0 0
    outer loop
      vertex 5.5 6.11204 2
      vertex 5.5 5 4.5
      vertex 5.5 5 2
    endloop
  endfacet
  facet normal 1 -0 0
    outer loop
      vertex 5.5 7.84879 4.5
      vertex 5.5 33.1512 2
      vertex 5.5 33.1512 4.5
    endloop
  endfacet
  facet normal 1 0 0
    outer loop
      vertex 5.5 33.1512 2
      vertex 5.5 7.84879 4.5
      vertex 5.5 7.84879 2
    endloop
  endfacet
  facet normal 1 -0 0
    outer loop
      vertex 5.5 34.888 4.5
      vertex 5.5 38.112 2
      vertex 5.5 38.112 4.5
    endloop
  endfacet
  facet normal 1 0 0
    outer loop
      vertex 5.5 38.112 2
      vertex 5.5 34.888 4.5
      vertex 5.5 34.888 2
    endloop
  endfacet
  facet normal 0 0 1
    outer loop
      vertex 5.45 6.14545 4.5
      vertex 5.5 5 4.5
      vertex 5.5 6.11204 4.5
    endloop
  endfacet
  facet normal 0 0 1
    outer loop
      vertex 5.2271 6.25537 4.5
      vertex 5.5 5 4.5
      vertex 5.45 6.14545 4.5
    endloop
  endfacet
  facet normal 0 0 1
    outer loop
      vertex 4.99176 6.33526 4.5
      vertex 5.5 5 4.5
      vertex 5.2271 6.25537 4.5
    endloop
  endfacet
  facet normal 0 0 1
    outer loop
      vertex 4 5 4.5
      vertex 4.99176 6.33526 4.5
      vertex 4.748 6.38375 4.5
    endloop
  endfacet
  facet normal 0 0 1
    outer loop
      vertex 4 5 4.5
      vertex 4.748 6.38375 4.5
      vertex 4.5 6.4 4.5
    endloop
  endfacet
  facet normal 0 0 1
    outer loop
      vertex 4 5 4.5
      vertex 4.5 6.4 4.5
      vertex 4.252 6.38375 4.5
    endloop
  endfacet
  facet normal 0 0 1
    outer loop
      vertex 4 5 4.5
      vertex 4.252 6.38375 4.5
      vertex 4.00824 6.33526 4.5
    endloop
  endfacet
  facet normal 0 0 1
    outer loop
      vertex 4 5 4.5
      vertex 4.00824 6.33526 4.5
      vertex 4 6.33246 4.5
    endloop
  endfacet
  facet normal 0 0 1
    outer loop
      vertex 4.99176 6.33526 4.5
      vertex 4 5 4.5
      vertex 5.5 5 4.5
    endloop
  endfacet
  facet normal -0 0 1
    outer loop
      vertex 5.40587 33.1193 4.5
      vertex 5.5 7.84879 4.5
      vertex 5.5 33.1512 4.5
    endloop
  endfacet
  facet normal 0 0 1
    outer loop
      vertex 5.40587 33.1193 4.5
      vertex 5.40587 7.88074 4.5
      vertex 5.5 7.84879 4.5
    endloop
  endfacet
  facet normal -0 0 1
    outer loop
      vertex 4.95684 33.0299 4.5
      vertex 5.40587 7.88074 4.5
      vertex 5.40587 33.1193 4.5
    endloop
  endfacet
  facet normal 0 0 1
    outer loop
      vertex 4.95684 33.0299 4.5
      vertex 4.95684 7.97006 4.5
      vertex 5.40587 7.88074 4.5
    endloop
  endfacet
  facet normal -0 0 1
    outer loop
      vertex 4.5 33 4.5
      vertex 4.95684 7.97006 4.5
      vertex 4.95684 33.0299 4.5
    endloop
  endfacet
  facet normal 0 0 1
    outer loop
      vertex 4.5 33 4.5
      vertex 4.5 8 4.5
      vertex 4.95684 7.97006 4.5
    endloop
  endfacet
  facet normal 0 0 1
    outer loop
      vertex 4.04316 33.0299 4.5
      vertex 4.5 8 4.5
      vertex 4.5 33 4.5
    endloop
  endfacet
  facet normal 0 0 1
    outer loop
      vertex 4.04316 33.0299 4.5
      vertex 4.04316 7.97006 4.5
      vertex 4.5 8 4.5
    endloop
  endfacet
  facet normal 0 0 1
    outer loop
      vertex 4 33.0385 4.5
      vertex 4.04316 7.97006 4.5
      vertex 4.04316 33.0299 4.5
    endloop
  endfacet
  facet normal 0 0 1
    outer loop
      vertex 4.04316 7.97006 4.5
      vertex 4 33.0385 4.5
      vertex 4 7.96147 4.5
    endloop
  endfacet
  facet normal 0 0 1
    outer loop
      vertex 5.2271 38.2554 4.5
      vertex 5.5 38.112 4.5
      vertex 5.45 38.1454 4.5
    endloop
  endfacet
  facet normal 0 0 1
    outer loop
      vertex 5.5 38.112 4.5
      vertex 5.2271 38.2554 4.5
      vertex 5.5 34.888 4.5
    endloop
  endfacet
  facet normal 0 0 1
    outer loop
      vertex 4.99176 38.3353 4.5
      vertex 5.5 34.888 4.5
      vertex 5.2271 38.2554 4.5
    endloop
  endfacet
  facet normal 0 0 1
    outer loop
      vertex 5.5 34.888 4.5
      vertex 5.2271 34.7446 4.5
      vertex 5.45 34.8546 4.5
    endloop
  endfacet
  facet normal 0 0 1
    outer loop
      vertex 5.5 34.888 4.5
      vertex 4.99176 38.3353 4.5
      vertex 5.2271 34.7446 4.5
    endloop
  endfacet
  facet normal 0 0 1
    outer loop
      vertex 4.99176 38.3353 4.5
      vertex 4.99176 34.6647 4.5
      vertex 5.2271 34.7446 4.5
    endloop
  endfacet
  facet normal 0 0 1
    outer loop
      vertex 4.748 38.3837 4.5
      vertex 4.99176 34.6647 4.5
      vertex 4.99176 38.3353 4.5
    endloop
  endfacet
  facet normal 0 0 1
    outer loop
      vertex 4.748 38.3837 4.5
      vertex 4.748 34.6163 4.5
      vertex 4.99176 34.6647 4.5
    endloop
  endfacet
  facet normal 0 0 1
    outer loop
      vertex 4.5 38.4 4.5
      vertex 4.748 34.6163 4.5
      vertex 4.748 38.3837 4.5
    endloop
  endfacet
  facet normal 0 0 1
    outer loop
      vertex 4.5 38.4 4.5
      vertex 4.5 34.6 4.5
      vertex 4.748 34.6163 4.5
    endloop
  endfacet
  facet normal -0 0 1
    outer loop
      vertex 4.252 38.3837 4.5
      vertex 4.5 34.6 4.5
      vertex 4.5 38.4 4.5
    endloop
  endfacet
  facet normal 0 0 1
    outer loop
      vertex 4.252 38.3837 4.5
      vertex 4.252 34.6163 4.5
      vertex 4.5 34.6 4.5
    endloop
  endfacet
  facet normal 0 0 1
    outer loop
      vertex 4 38.3325 4.5
      vertex 4.252 38.3837 4.5
      vertex 4.00824 38.3353 4.5
    endloop
  endfacet
  facet normal 0 0 1
    outer loop
      vertex 4.252 38.3837 4.5
      vertex 4 38.3325 4.5
      vertex 4.252 34.6163 4.5
    endloop
  endfacet
  facet normal -0 0 1
    outer loop
      vertex 4 34.6675 4.5
      vertex 4.252 34.6163 4.5
      vertex 4 38.3325 4.5
    endloop
  endfacet
  facet normal 0 0 1
    outer loop
      vertex 4.252 34.6163 4.5
      vertex 4 34.6675 4.5
      vertex 4.00824 34.6647 4.5
    endloop
  endfacet
  facet normal -1 0 0
    outer loop
      vertex 4 5 2
      vertex 4 6.33246 4.5
      vertex 4 6.33246 2
    endloop
  endfacet
  facet normal -1 -0 0
    outer loop
      vertex 4 6.33246 4.5
      vertex 4 5 2
      vertex 4 5 4.5
    endloop
  endfacet
  facet normal -1 0 0
    outer loop
      vertex 4 7.96147 2
      vertex 4 33.0385 4.5
      vertex 4 33.0385 2
    endloop
  endfacet
  facet normal -1 -0 0
    outer loop
      vertex 4 33.0385 4.5
      vertex 4 7.96147 2
      vertex 4 7.96147 4.5
    endloop
  endfacet
  facet normal -1 0 0
    outer loop
      vertex 4 34.6675 2
      vertex 4 38.3325 4.5
      vertex 4 38.3325 2
    endloop
  endfacet
  facet normal -1 -0 0
    outer loop
      vertex 4 38.3325 4.5
      vertex 4 34.6675 2
      vertex 4 34.6675 4.5
    endloop
  endfacet
  facet normal 0 -1 0
    outer loop
      vertex 4 5 2
      vertex 5.5 5 4.5
      vertex 4 5 4.5
    endloop
  endfacet
  facet normal 0 -1 -0
    outer loop
      vertex 5.5 5 4.5
      vertex 4 5 2
      vertex 5.5 5 2
    endloop
  endfacet
  facet normal 1 -0 0
    outer loop
      vertex 58.5 5 4.5
      vertex 58.5 39 2
      vertex 58.5 39 4.5
    endloop
  endfacet
  facet normal 1 0 0
    outer loop
      vertex 58.5 39 2
      vertex 58.5 5 4.5
      vertex 58.5 5 2
    endloop
  endfacet
  facet normal -0 0 1
    outer loop
      vertex 57 39 4.5
      vertex 58.5 5 4.5
      vertex 58.5 39 4.5
    endloop
  endfacet
  facet normal 0 0 1
    outer loop
      vertex 58.5 5 4.5
      vertex 57 39 4.5
      vertex 57 5 4.5
    endloop
  endfacet
  facet normal -1 0 0
    outer loop
      vertex 57 5 2
      vertex 57 39 4.5
      vertex 57 39 2
    endloop
  endfacet
  facet normal -1 -0 0
    outer loop
      vertex 57 39 4.5
      vertex 57 5 2
      vertex 57 5 4.5
    endloop
  endfacet
  facet normal 0 -1 0
    outer loop
      vertex 57 5 2
      vertex 58.5 5 4.5
      vertex 57 5 4.5
    endloop
  endfacet
  facet normal 0 -1 -0
    outer loop
      vertex 58.5 5 4.5
      vertex 57 5 2
      vertex 58.5 5 2
    endloop
  endfacet
  facet normal 1 -0 0
    outer loop
      vertex 82 7.65437 19.2
      vertex 82 32 18
      vertex 82 32 19.2
    endloop
  endfacet
  facet normal 1 0 0
    outer loop
      vertex 82 32 18
      vertex 82 7.65437 19.2
      vertex 82 7.65437 18
    endloop
  endfacet
  facet normal 1 -0 0
    outer loop
      vertex 82 5 19.2
      vertex 82 5.66505 18
      vertex 82 5.66505 19.2
    endloop
  endfacet
  facet normal 1 0 0
    outer loop
      vertex 82 5.66505 18
      vertex 82 5 19.2
      vertex 82 5 18
    endloop
  endfacet
  facet normal -0 0 1
    outer loop
      vertex 81 31 19.2
      vertex 82 7.65437 19.2
      vertex 82 32 19.2
    endloop
  endfacet
  facet normal 0 0 1
    outer loop
      vertex 82 7.65437 19.2
      vertex 81 31 19.2
      vertex 81.8394 7.73358 19.2
    endloop
  endfacet
  facet normal 0 0 1
    outer loop
      vertex 81.8394 7.73358 19.2
      vertex 81 31 19.2
      vertex 81.4059 7.88074 19.2
    endloop
  endfacet
  facet normal 0 0 1
    outer loop
      vertex 82 32 19.2
      vertex 56 31 19.2
      vertex 81 31 19.2
    endloop
  endfacet
  facet normal 0 0 1
    outer loop
      vertex 56 31 19.2
      vertex 55 32 19.2
      vertex 56 6 19.2
    endloop
  endfacet
  facet normal -0 0 1
    outer loop
      vertex 55 32 19.2
      vertex 56 31 19.2
      vertex 82 32 19.2
    endloop
  endfacet
  facet normal 0 0 1
    outer loop
      vertex 81.4059 7.88074 19.2
      vertex 81 31 19.2
      vertex 81 7.96147 19.2
    endloop
  endfacet
  facet normal -0 0 1
    outer loop
      vertex 56 6 19.2
      vertex 77.2664 5.83939 19.2
      vertex 77.3456 6 19.2
    endloop
  endfacet
  facet normal 0 0 1
    outer loop
      vertex 56 6 19.2
      vertex 77.1193 5.40587 19.2
      vertex 77.2664 5.83939 19.2
    endloop
  endfacet
  facet normal 0 0 1
    outer loop
      vertex 56 6 19.2
      vertex 77.0385 5 19.2
      vertex 77.1193 5.40587 19.2
    endloop
  endfacet
  facet normal 0 0 1
    outer loop
      vertex 56 6 19.2
      vertex 55 5 19.2
      vertex 77.0385 5 19.2
    endloop
  endfacet
  facet normal 0 0 1
    outer loop
      vertex 55 5 19.2
      vertex 56 6 19.2
      vertex 55 32 19.2
    endloop
  endfacet
  facet normal 0 0 1
    outer loop
      vertex 81.8435 5.8435 19.2
      vertex 82 5 19.2
      vertex 82 5.66505 19.2
    endloop
  endfacet
  facet normal -0 0 1
    outer loop
      vertex 81 6 19.2
      vertex 81.8435 5.8435 19.2
      vertex 81.6566 6.00737 19.2
    endloop
  endfacet
  facet normal 0 0 1
    outer loop
      vertex 81 6 19.2
      vertex 81.6566 6.00737 19.2
      vertex 81.45 6.14545 19.2
    endloop
  endfacet
  facet normal 0 0 1
    outer loop
      vertex 81 6 19.2
      vertex 81.45 6.14545 19.2
      vertex 81.2271 6.25537 19.2
    endloop
  endfacet
  facet normal 0 0 1
    outer loop
      vertex 81 6 19.2
      vertex 81.2271 6.25537 19.2
      vertex 81 6.33246 19.2
    endloop
  endfacet
  facet normal 0 0 1
    outer loop
      vertex 81.8435 5.8435 19.2
      vertex 81 6 19.2
      vertex 82 5 19.2
    endloop
  endfacet
  facet normal 0 0 1
    outer loop
      vertex 79.1565 5.8435 19.2
      vertex 81 6 19.2
      vertex 79.3349 6 19.2
    endloop
  endfacet
  facet normal 0 0 1
    outer loop
      vertex 78.9926 5.65665 19.2
      vertex 81 6 19.2
      vertex 79.1565 5.8435 19.2
    endloop
  endfacet
  facet normal 0 0 1
    outer loop
      vertex 78.8546 5.45 19.2
      vertex 81 6 19.2
      vertex 78.9926 5.65665 19.2
    endloop
  endfacet
  facet normal 0 0 1
    outer loop
      vertex 78.7446 5.2271 19.2
      vertex 81 6 19.2
      vertex 78.8546 5.45 19.2
    endloop
  endfacet
  facet normal 0 0 1
    outer loop
      vertex 78.6675 5 19.2
      vertex 81 6 19.2
      vertex 78.7446 5.2271 19.2
    endloop
  endfacet
  facet normal 0 0 1
    outer loop
      vertex 81 6 19.2
      vertex 78.6675 5 19.2
      vertex 82 5 19.2
    endloop
  endfacet
  facet normal 0 0 -1
    outer loop
      vertex 77.2664 5.83939 18
      vertex 56 6 18
      vertex 77.3456 6 18
    endloop
  endfacet
  facet normal 0 0 -1
    outer loop
      vertex 77.1193 5.40587 18
      vertex 56 6 18
      vertex 77.2664 5.83939 18
    endloop
  endfacet
  facet normal 0 0 -1
    outer loop
      vertex 77.0385 5 18
      vertex 56 6 18
      vertex 77.1193 5.40587 18
    endloop
  endfacet
  facet normal -0 0 -1
    outer loop
      vertex 56 6 18
      vertex 55 5 18
      vertex 56 31 18
    endloop
  endfacet
  facet normal 0 0 -1
    outer loop
      vertex 55 5 18
      vertex 56 6 18
      vertex 77.0385 5 18
    endloop
  endfacet
  facet normal 0 0 -1
    outer loop
      vertex 81 31 18
      vertex 82 7.65437 18
      vertex 81.8394 7.73358 18
    endloop
  endfacet
  facet normal 0 0 -1
    outer loop
      vertex 81 31 18
      vertex 81.8394 7.73358 18
      vertex 81.4059 7.88074 18
    endloop
  endfacet
  facet normal 0 0 -1
    outer loop
      vertex 81 31 18
      vertex 81.4059 7.88074 18
      vertex 81 7.96147 18
    endloop
  endfacet
  facet normal 0 0 -1
    outer loop
      vertex 82 7.65437 18
      vertex 81 31 18
      vertex 82 32 18
    endloop
  endfacet
  facet normal 0 0 -1
    outer loop
      vertex 56 31 18
      vertex 82 32 18
      vertex 81 31 18
    endloop
  endfacet
  facet normal 0 0 -1
    outer loop
      vertex 56 31 18
      vertex 55 32 18
      vertex 82 32 18
    endloop
  endfacet
  facet normal 0 0 -1
    outer loop
      vertex 55 32 18
      vertex 56 31 18
      vertex 55 5 18
    endloop
  endfacet
  facet normal 0 0 -1
    outer loop
      vertex 82 5 18
      vertex 81.8435 5.8435 18
      vertex 82 5.66505 18
    endloop
  endfacet
  facet normal 0 0 -1
    outer loop
      vertex 81 6 18
      vertex 81.8435 5.8435 18
      vertex 82 5 18
    endloop
  endfacet
  facet normal 0 0 -1
    outer loop
      vertex 81.8435 5.8435 18
      vertex 81 6 18
      vertex 81.6566 6.00737 18
    endloop
  endfacet
  facet normal -0 0 -1
    outer loop
      vertex 81.6566 6.00737 18
      vertex 81 6 18
      vertex 81.45 6.14545 18
    endloop
  endfacet
  facet normal -0 0 -1
    outer loop
      vertex 81.45 6.14545 18
      vertex 81 6 18
      vertex 81.2271 6.25537 18
    endloop
  endfacet
  facet normal 0 0 -1
    outer loop
      vertex 78.6675 5 18
      vertex 81 6 18
      vertex 82 5 18
    endloop
  endfacet
  facet normal -0 0 -1
    outer loop
      vertex 81 6 18
      vertex 79.1565 5.8435 18
      vertex 79.3349 6 18
    endloop
  endfacet
  facet normal 0 0 -1
    outer loop
      vertex 81 6 18
      vertex 78.9926 5.65665 18
      vertex 79.1565 5.8435 18
    endloop
  endfacet
  facet normal 0 0 -1
    outer loop
      vertex 81 6 18
      vertex 78.8546 5.45 18
      vertex 78.9926 5.65665 18
    endloop
  endfacet
  facet normal 0 0 -1
    outer loop
      vertex 81 6 18
      vertex 78.7446 5.2271 18
      vertex 78.8546 5.45 18
    endloop
  endfacet
  facet normal 0 0 -1
    outer loop
      vertex 81 6 18
      vertex 78.6675 5 18
      vertex 78.7446 5.2271 18
    endloop
  endfacet
  facet normal -0 0 -1
    outer loop
      vertex 81.2271 6.25537 18
      vertex 81 6 18
      vertex 81 6.33246 18
    endloop
  endfacet
  facet normal -1 0 0
    outer loop
      vertex 55 5 18
      vertex 55 32 19.2
      vertex 55 32 18
    endloop
  endfacet
  facet normal -1 -0 0
    outer loop
      vertex 55 32 19.2
      vertex 55 5 18
      vertex 55 5 19.2
    endloop
  endfacet
  facet normal 0 1 -0
    outer loop
      vertex 82 32 18
      vertex 55 32 19.2
      vertex 82 32 19.2
    endloop
  endfacet
  facet normal 0 1 0
    outer loop
      vertex 55 32 19.2
      vertex 82 32 18
      vertex 55 32 18
    endloop
  endfacet
  facet normal 0 -1 0
    outer loop
      vertex 55 5 18
      vertex 77.0385 5 19.2
      vertex 55 5 19.2
    endloop
  endfacet
  facet normal 0 -1 -0
    outer loop
      vertex 77.0385 5 19.2
      vertex 55 5 18
      vertex 77.0385 5 18
    endloop
  endfacet
  facet normal 0 -1 0
    outer loop
      vertex 78.6675 5 18
      vertex 82 5 19.2
      vertex 78.6675 5 19.2
    endloop
  endfacet
  facet normal 0 -1 -0
    outer loop
      vertex 82 5 19.2
      vertex 78.6675 5 18
      vertex 82 5 18
    endloop
  endfacet
  facet normal -1 0 0
    outer loop
      vertex 81 7.96147 18
      vertex 81 31 19.2
      vertex 81 31 18
    endloop
  endfacet
  facet normal -1 -0 0
    outer loop
      vertex 81 31 19.2
      vertex 81 7.96147 18
      vertex 81 7.96147 19.2
    endloop
  endfacet
  facet normal -1 0 0
    outer loop
      vertex 81 6 18
      vertex 81 6.33246 19.2
      vertex 81 6.33246 18
    endloop
  endfacet
  facet normal -1 -0 0
    outer loop
      vertex 81 6.33246 19.2
      vertex 81 6 18
      vertex 81 6 19.2
    endloop
  endfacet
  facet normal 1 -0 0
    outer loop
      vertex 56 6 19.2
      vertex 56 31 18
      vertex 56 31 19.2
    endloop
  endfacet
  facet normal 1 0 0
    outer loop
      vertex 56 31 18
      vertex 56 6 19.2
      vertex 56 6 18
    endloop
  endfacet
  facet normal 0 -1 0
    outer loop
      vertex 56 31 18
      vertex 81 31 19.2
      vertex 56 31 19.2
    endloop
  endfacet
  facet normal 0 -1 -0
    outer loop
      vertex 81 31 19.2
      vertex 56 31 18
      vertex 81 31 18
    endloop
  endfacet
  facet normal 0 1 -0
    outer loop
      vertex 77.3456 6 18
      vertex 56 6 19.2
      vertex 77.3456 6 19.2
    endloop
  endfacet
  facet normal 0 1 0
    outer loop
      vertex 56 6 19.2
      vertex 77.3456 6 18
      vertex 56 6 18
    endloop
  endfacet
  facet normal 0 1 -0
    outer loop
      vertex 81 6 18
      vertex 79.3349 6 19.2
      vertex 81 6 19.2
    endloop
  endfacet
  facet normal 0 1 0
    outer loop
      vertex 79.3349 6 19.2
      vertex 81 6 18
      vertex 79.3349 6 18
    endloop
  endfacet
endsolid OpenSCAD_Model
