solid OpenSCAD_Model
  facet normal 0.980786 0.195087 0
    outer loop
      vertex 6.44439 0.84842 2.2
      vertex 6.27852 1.68232 0
      vertex 6.27852 1.68232 2.2
    endloop
  endfacet
  facet normal 0.980786 0.195087 0
    outer loop
      vertex 6.27852 1.68232 0
      vertex 6.44439 0.84842 2.2
      vertex 6.44439 0.84842 0
    endloop
  endfacet
  facet normal 0.997859 0.065405 0
    outer loop
      vertex 6.5 0 2.2
      vertex 6.44439 0.84842 0
      vertex 6.44439 0.84842 2.2
    endloop
  endfacet
  facet normal 0.997859 0.065405 0
    outer loop
      vertex 6.44439 0.84842 0
      vertex 6.5 0 2.2
      vertex 6.5 0 0
    endloop
  endfacet
  facet normal 0.321438 0.946931 -0
    outer loop
      vertex 2.48744 6.00522 0
      vertex 1.68232 6.27852 2.2
      vertex 2.48744 6.00522 2.2
    endloop
  endfacet
  facet normal 0.321438 0.946931 0
    outer loop
      vertex 1.68232 6.27852 2.2
      vertex 2.48744 6.00522 0
      vertex 1.68232 6.27852 0
    endloop
  endfacet
  facet normal 0.555563 -0.831474 0
    outer loop
      vertex 3.25 -5.62916 0
      vertex 3.95695 -5.1568 2.2
      vertex 3.25 -5.62916 2.2
    endloop
  endfacet
  facet normal 0.555563 -0.831474 0
    outer loop
      vertex 3.95695 -5.1568 2.2
      vertex 3.25 -5.62916 0
      vertex 3.95695 -5.1568 0
    endloop
  endfacet
  facet normal 0.659354 0.751833 -0
    outer loop
      vertex 4.59619 4.59619 0
      vertex 3.95695 5.1568 2.2
      vertex 4.59619 4.59619 2.2
    endloop
  endfacet
  facet normal 0.659354 0.751833 0
    outer loop
      vertex 3.95695 5.1568 2.2
      vertex 4.59619 4.59619 0
      vertex 3.95695 5.1568 0
    endloop
  endfacet
  facet normal -0.195087 -0.980786 0
    outer loop
      vertex -1.68232 -6.27852 0
      vertex -0.84842 -6.44439 2.2
      vertex -1.68232 -6.27852 2.2
    endloop
  endfacet
  facet normal -0.195087 -0.980786 -0
    outer loop
      vertex -0.84842 -6.44439 2.2
      vertex -1.68232 -6.27852 0
      vertex -0.84842 -6.44439 0
    endloop
  endfacet
  facet normal 0.751833 -0.659354 0
    outer loop
      vertex 4.59619 -4.59619 2.2
      vertex 5.1568 -3.95695 0
      vertex 5.1568 -3.95695 2.2
    endloop
  endfacet
  facet normal 0.751833 -0.659354 0
    outer loop
      vertex 5.1568 -3.95695 0
      vertex 4.59619 -4.59619 2.2
      vertex 4.59619 -4.59619 0
    endloop
  endfacet
  facet normal -0.946931 0.321438 0
    outer loop
      vertex -6.27852 1.68232 0
      vertex -6.00522 2.48744 2.2
      vertex -6.00522 2.48744 0
    endloop
  endfacet
  facet normal -0.946931 0.321438 0
    outer loop
      vertex -6.00522 2.48744 2.2
      vertex -6.27852 1.68232 0
      vertex -6.27852 1.68232 2.2
    endloop
  endfacet
  facet normal 0.065405 0.997859 -0
    outer loop
      vertex 0.84842 6.44439 0
      vertex 0 6.5 2.2
      vertex 0.84842 6.44439 2.2
    endloop
  endfacet
  facet normal 0.065405 0.997859 0
    outer loop
      vertex 0 6.5 2.2
      vertex 0.84842 6.44439 0
      vertex 0 6.5 0
    endloop
  endfacet
  facet normal -0.321438 0.946931 0
    outer loop
      vertex -1.68232 6.27852 0
      vertex -2.48744 6.00522 2.2
      vertex -1.68232 6.27852 2.2
    endloop
  endfacet
  facet normal -0.321438 0.946931 0
    outer loop
      vertex -2.48744 6.00522 2.2
      vertex -1.68232 6.27852 0
      vertex -2.48744 6.00522 0
    endloop
  endfacet
  facet normal -0.997859 -0.065405 0
    outer loop
      vertex -6.44439 -0.84842 0
      vertex -6.5 0 2.2
      vertex -6.5 0 0
    endloop
  endfacet
  facet normal -0.997859 -0.065405 0
    outer loop
      vertex -6.5 0 2.2
      vertex -6.44439 -0.84842 0
      vertex -6.44439 -0.84842 2.2
    endloop
  endfacet
  facet normal -0.065405 -0.997859 0
    outer loop
      vertex -0.84842 -6.44439 0
      vertex 0 -6.5 2.2
      vertex -0.84842 -6.44439 2.2
    endloop
  endfacet
  facet normal -0.065405 -0.997859 -0
    outer loop
      vertex 0 -6.5 2.2
      vertex -0.84842 -6.44439 0
      vertex 0 -6.5 0
    endloop
  endfacet
  facet normal 0.997859 -0.065405 0
    outer loop
      vertex 6.44439 -0.84842 2.2
      vertex 6.5 0 0
      vertex 6.5 0 2.2
    endloop
  endfacet
  facet normal 0.997859 -0.065405 0
    outer loop
      vertex 6.5 0 0
      vertex 6.44439 -0.84842 2.2
      vertex 6.44439 -0.84842 0
    endloop
  endfacet
  facet normal 0.751833 0.659354 0
    outer loop
      vertex 5.1568 3.95695 2.2
      vertex 4.59619 4.59619 0
      vertex 4.59619 4.59619 2.2
    endloop
  endfacet
  facet normal 0.751833 0.659354 0
    outer loop
      vertex 4.59619 4.59619 0
      vertex 5.1568 3.95695 2.2
      vertex 5.1568 3.95695 0
    endloop
  endfacet
  facet normal -0.946931 -0.321438 0
    outer loop
      vertex -6.00522 -2.48744 0
      vertex -6.27852 -1.68232 2.2
      vertex -6.27852 -1.68232 0
    endloop
  endfacet
  facet normal -0.946931 -0.321438 0
    outer loop
      vertex -6.27852 -1.68232 2.2
      vertex -6.00522 -2.48744 0
      vertex -6.00522 -2.48744 2.2
    endloop
  endfacet
  facet normal -0.980786 -0.195087 0
    outer loop
      vertex -6.27852 -1.68232 0
      vertex -6.44439 -0.84842 2.2
      vertex -6.44439 -0.84842 0
    endloop
  endfacet
  facet normal -0.980786 -0.195087 0
    outer loop
      vertex -6.44439 -0.84842 2.2
      vertex -6.27852 -1.68232 0
      vertex -6.27852 -1.68232 2.2
    endloop
  endfacet
  facet normal 0.195087 0.980786 -0
    outer loop
      vertex 1.68232 6.27852 0
      vertex 0.84842 6.44439 2.2
      vertex 1.68232 6.27852 2.2
    endloop
  endfacet
  facet normal 0.195087 0.980786 0
    outer loop
      vertex 0.84842 6.44439 2.2
      vertex 1.68232 6.27852 0
      vertex 0.84842 6.44439 0
    endloop
  endfacet
  facet normal -0.751833 -0.659354 0
    outer loop
      vertex -4.59619 -4.59619 0
      vertex -5.1568 -3.95695 2.2
      vertex -5.1568 -3.95695 0
    endloop
  endfacet
  facet normal -0.751833 -0.659354 0
    outer loop
      vertex -5.1568 -3.95695 2.2
      vertex -4.59619 -4.59619 0
      vertex -4.59619 -4.59619 2.2
    endloop
  endfacet
  facet normal -0.659354 0.751833 0
    outer loop
      vertex -3.95695 5.1568 0
      vertex -4.59619 4.59619 2.2
      vertex -3.95695 5.1568 2.2
    endloop
  endfacet
  facet normal -0.659354 0.751833 0
    outer loop
      vertex -4.59619 4.59619 2.2
      vertex -3.95695 5.1568 0
      vertex -4.59619 4.59619 0
    endloop
  endfacet
  facet normal -0.896869 0.442295 0
    outer loop
      vertex -6.00522 2.48744 0
      vertex -5.62916 3.25 2.2
      vertex -5.62916 3.25 0
    endloop
  endfacet
  facet normal -0.896869 0.442295 0
    outer loop
      vertex -5.62916 3.25 2.2
      vertex -6.00522 2.48744 0
      vertex -6.00522 2.48744 2.2
    endloop
  endfacet
  facet normal 0.831474 -0.555563 0
    outer loop
      vertex 5.1568 -3.95695 2.2
      vertex 5.62916 -3.25 0
      vertex 5.62916 -3.25 2.2
    endloop
  endfacet
  facet normal 0.831474 -0.555563 0
    outer loop
      vertex 5.62916 -3.25 0
      vertex 5.1568 -3.95695 2.2
      vertex 5.1568 -3.95695 0
    endloop
  endfacet
  facet normal 0.831474 0.555563 0
    outer loop
      vertex 5.62916 3.25 2.2
      vertex 5.1568 3.95695 0
      vertex 5.1568 3.95695 2.2
    endloop
  endfacet
  facet normal 0.831474 0.555563 0
    outer loop
      vertex 5.1568 3.95695 0
      vertex 5.62916 3.25 2.2
      vertex 5.62916 3.25 0
    endloop
  endfacet
  facet normal -0.751833 0.659354 0
    outer loop
      vertex -5.1568 3.95695 0
      vertex -4.59619 4.59619 2.2
      vertex -4.59619 4.59619 0
    endloop
  endfacet
  facet normal -0.751833 0.659354 0
    outer loop
      vertex -4.59619 4.59619 2.2
      vertex -5.1568 3.95695 0
      vertex -5.1568 3.95695 2.2
    endloop
  endfacet
  facet normal 0.659354 -0.751833 0
    outer loop
      vertex 3.95695 -5.1568 0
      vertex 4.59619 -4.59619 2.2
      vertex 3.95695 -5.1568 2.2
    endloop
  endfacet
  facet normal 0.659354 -0.751833 0
    outer loop
      vertex 4.59619 -4.59619 2.2
      vertex 3.95695 -5.1568 0
      vertex 4.59619 -4.59619 0
    endloop
  endfacet
  facet normal -0.831474 -0.555563 0
    outer loop
      vertex -5.1568 -3.95695 0
      vertex -5.62916 -3.25 2.2
      vertex -5.62916 -3.25 0
    endloop
  endfacet
  facet normal -0.831474 -0.555563 0
    outer loop
      vertex -5.62916 -3.25 2.2
      vertex -5.1568 -3.95695 0
      vertex -5.1568 -3.95695 2.2
    endloop
  endfacet
  facet normal -0.195087 0.980786 0
    outer loop
      vertex -0.84842 6.44439 0
      vertex -1.68232 6.27852 2.2
      vertex -0.84842 6.44439 2.2
    endloop
  endfacet
  facet normal -0.195087 0.980786 0
    outer loop
      vertex -1.68232 6.27852 2.2
      vertex -0.84842 6.44439 0
      vertex -1.68232 6.27852 0
    endloop
  endfacet
  facet normal 0.946931 -0.321438 0
    outer loop
      vertex 6.00522 -2.48744 2.2
      vertex 6.27852 -1.68232 0
      vertex 6.27852 -1.68232 2.2
    endloop
  endfacet
  facet normal 0.946931 -0.321438 0
    outer loop
      vertex 6.27852 -1.68232 0
      vertex 6.00522 -2.48744 2.2
      vertex 6.00522 -2.48744 0
    endloop
  endfacet
  facet normal 0.442295 0.896869 -0
    outer loop
      vertex 3.25 5.62916 0
      vertex 2.48744 6.00522 2.2
      vertex 3.25 5.62916 2.2
    endloop
  endfacet
  facet normal 0.442295 0.896869 0
    outer loop
      vertex 2.48744 6.00522 2.2
      vertex 3.25 5.62916 0
      vertex 2.48744 6.00522 0
    endloop
  endfacet
  facet normal -0.065405 0.997859 0
    outer loop
      vertex 0 6.5 0
      vertex -0.84842 6.44439 2.2
      vertex 0 6.5 2.2
    endloop
  endfacet
  facet normal -0.065405 0.997859 0
    outer loop
      vertex -0.84842 6.44439 2.2
      vertex 0 6.5 0
      vertex -0.84842 6.44439 0
    endloop
  endfacet
  facet normal 0.065405 -0.997859 0
    outer loop
      vertex 0 -6.5 0
      vertex 0.84842 -6.44439 2.2
      vertex 0 -6.5 2.2
    endloop
  endfacet
  facet normal 0.065405 -0.997859 0
    outer loop
      vertex 0.84842 -6.44439 2.2
      vertex 0 -6.5 0
      vertex 0.84842 -6.44439 0
    endloop
  endfacet
  facet normal 0.555563 0.831474 -0
    outer loop
      vertex 3.95695 5.1568 0
      vertex 3.25 5.62916 2.2
      vertex 3.95695 5.1568 2.2
    endloop
  endfacet
  facet normal 0.555563 0.831474 0
    outer loop
      vertex 3.25 5.62916 2.2
      vertex 3.95695 5.1568 0
      vertex 3.25 5.62916 0
    endloop
  endfacet
  facet normal -0.896869 -0.442295 0
    outer loop
      vertex -5.62916 -3.25 0
      vertex -6.00522 -2.48744 2.2
      vertex -6.00522 -2.48744 0
    endloop
  endfacet
  facet normal -0.896869 -0.442295 0
    outer loop
      vertex -6.00522 -2.48744 2.2
      vertex -5.62916 -3.25 0
      vertex -5.62916 -3.25 2.2
    endloop
  endfacet
  facet normal -0.659354 -0.751833 0
    outer loop
      vertex -4.59619 -4.59619 0
      vertex -3.95695 -5.1568 2.2
      vertex -4.59619 -4.59619 2.2
    endloop
  endfacet
  facet normal -0.659354 -0.751833 -0
    outer loop
      vertex -3.95695 -5.1568 2.2
      vertex -4.59619 -4.59619 0
      vertex -3.95695 -5.1568 0
    endloop
  endfacet
  facet normal -0.980786 0.195087 0
    outer loop
      vertex -6.44439 0.84842 0
      vertex -6.27852 1.68232 2.2
      vertex -6.27852 1.68232 0
    endloop
  endfacet
  facet normal -0.980786 0.195087 0
    outer loop
      vertex -6.27852 1.68232 2.2
      vertex -6.44439 0.84842 0
      vertex -6.44439 0.84842 2.2
    endloop
  endfacet
  facet normal 0.896869 0.442295 0
    outer loop
      vertex 6.00522 2.48744 2.2
      vertex 5.62916 3.25 0
      vertex 5.62916 3.25 2.2
    endloop
  endfacet
  facet normal 0.896869 0.442295 0
    outer loop
      vertex 5.62916 3.25 0
      vertex 6.00522 2.48744 2.2
      vertex 6.00522 2.48744 0
    endloop
  endfacet
  facet normal 0.195087 -0.980786 0
    outer loop
      vertex 0.84842 -6.44439 0
      vertex 1.68232 -6.27852 2.2
      vertex 0.84842 -6.44439 2.2
    endloop
  endfacet
  facet normal 0.195087 -0.980786 0
    outer loop
      vertex 1.68232 -6.27852 2.2
      vertex 0.84842 -6.44439 0
      vertex 1.68232 -6.27852 0
    endloop
  endfacet
  facet normal 0.896869 -0.442295 0
    outer loop
      vertex 5.62916 -3.25 2.2
      vertex 6.00522 -2.48744 0
      vertex 6.00522 -2.48744 2.2
    endloop
  endfacet
  facet normal 0.896869 -0.442295 0
    outer loop
      vertex 6.00522 -2.48744 0
      vertex 5.62916 -3.25 2.2
      vertex 5.62916 -3.25 0
    endloop
  endfacet
  facet normal 0.980786 -0.195087 0
    outer loop
      vertex 6.27852 -1.68232 2.2
      vertex 6.44439 -0.84842 0
      vertex 6.44439 -0.84842 2.2
    endloop
  endfacet
  facet normal 0.980786 -0.195087 0
    outer loop
      vertex 6.44439 -0.84842 0
      vertex 6.27852 -1.68232 2.2
      vertex 6.27852 -1.68232 0
    endloop
  endfacet
  facet normal -0.555563 0.831474 0
    outer loop
      vertex -3.25 5.62916 0
      vertex -3.95695 5.1568 2.2
      vertex -3.25 5.62916 2.2
    endloop
  endfacet
  facet normal -0.555563 0.831474 0
    outer loop
      vertex -3.95695 5.1568 2.2
      vertex -3.25 5.62916 0
      vertex -3.95695 5.1568 0
    endloop
  endfacet
  facet normal 0.946931 0.321438 0
    outer loop
      vertex 6.27852 1.68232 2.2
      vertex 6.00522 2.48744 0
      vertex 6.00522 2.48744 2.2
    endloop
  endfacet
  facet normal 0.946931 0.321438 0
    outer loop
      vertex 6.00522 2.48744 0
      vertex 6.27852 1.68232 2.2
      vertex 6.27852 1.68232 0
    endloop
  endfacet
  facet normal 0.321438 -0.946931 0
    outer loop
      vertex 1.68232 -6.27852 0
      vertex 2.48744 -6.00522 2.2
      vertex 1.68232 -6.27852 2.2
    endloop
  endfacet
  facet normal 0.321438 -0.946931 0
    outer loop
      vertex 2.48744 -6.00522 2.2
      vertex 1.68232 -6.27852 0
      vertex 2.48744 -6.00522 0
    endloop
  endfacet
  facet normal 0.442295 -0.896869 0
    outer loop
      vertex 2.48744 -6.00522 0
      vertex 3.25 -5.62916 2.2
      vertex 2.48744 -6.00522 2.2
    endloop
  endfacet
  facet normal 0.442295 -0.896869 0
    outer loop
      vertex 3.25 -5.62916 2.2
      vertex 2.48744 -6.00522 0
      vertex 3.25 -5.62916 0
    endloop
  endfacet
  facet normal -0.997859 0.065405 0
    outer loop
      vertex -6.5 0 0
      vertex -6.44439 0.84842 2.2
      vertex -6.44439 0.84842 0
    endloop
  endfacet
  facet normal -0.997859 0.065405 0
    outer loop
      vertex -6.44439 0.84842 2.2
      vertex -6.5 0 0
      vertex -6.5 0 2.2
    endloop
  endfacet
  facet normal -0.321438 -0.946931 0
    outer loop
      vertex -2.48744 -6.00522 0
      vertex -1.68232 -6.27852 2.2
      vertex -2.48744 -6.00522 2.2
    endloop
  endfacet
  facet normal -0.321438 -0.946931 -0
    outer loop
      vertex -1.68232 -6.27852 2.2
      vertex -2.48744 -6.00522 0
      vertex -1.68232 -6.27852 0
    endloop
  endfacet
  facet normal -0.442295 0.896869 0
    outer loop
      vertex -2.48744 6.00522 0
      vertex -3.25 5.62916 2.2
      vertex -2.48744 6.00522 2.2
    endloop
  endfacet
  facet normal -0.442295 0.896869 0
    outer loop
      vertex -3.25 5.62916 2.2
      vertex -2.48744 6.00522 0
      vertex -3.25 5.62916 0
    endloop
  endfacet
  facet normal -0.831474 0.555563 0
    outer loop
      vertex -5.62916 3.25 0
      vertex -5.1568 3.95695 2.2
      vertex -5.1568 3.95695 0
    endloop
  endfacet
  facet normal -0.831474 0.555563 0
    outer loop
      vertex -5.1568 3.95695 2.2
      vertex -5.62916 3.25 0
      vertex -5.62916 3.25 2.2
    endloop
  endfacet
  facet normal -0.442295 -0.896869 0
    outer loop
      vertex -3.25 -5.62916 0
      vertex -2.48744 -6.00522 2.2
      vertex -3.25 -5.62916 2.2
    endloop
  endfacet
  facet normal -0.442295 -0.896869 -0
    outer loop
      vertex -2.48744 -6.00522 2.2
      vertex -3.25 -5.62916 0
      vertex -2.48744 -6.00522 0
    endloop
  endfacet
  facet normal 0 0 -1
    outer loop
      vertex 3.5 0 0
      vertex 6.5 0 0
      vertex 6.44439 -0.84842 0
    endloop
  endfacet
  facet normal 0 0 -1
    outer loop
      vertex 3.47006 -0.456841 0
      vertex 6.44439 -0.84842 0
      vertex 6.27852 -1.68232 0
    endloop
  endfacet
  facet normal 0 0 -1
    outer loop
      vertex 6.5 0 0
      vertex 3.5 0 0
      vertex 6.44439 0.84842 0
    endloop
  endfacet
  facet normal 0 0 -1
    outer loop
      vertex 3.38074 -0.905867 0
      vertex 6.27852 -1.68232 0
      vertex 6.00522 -2.48744 0
    endloop
  endfacet
  facet normal 0 0 -1
    outer loop
      vertex 3.47006 0.456841 0
      vertex 6.44439 0.84842 0
      vertex 3.5 0 0
    endloop
  endfacet
  facet normal 0 0 -1
    outer loop
      vertex 3.23358 -1.33939 0
      vertex 6.00522 -2.48744 0
      vertex 5.62916 -3.25 0
    endloop
  endfacet
  facet normal -0 0 -1
    outer loop
      vertex 6.44439 0.84842 0
      vertex 3.47006 0.456841 0
      vertex 6.27852 1.68232 0
    endloop
  endfacet
  facet normal 0 0 -1
    outer loop
      vertex 3.03109 -1.75 0
      vertex 5.62916 -3.25 0
      vertex 5.1568 -3.95695 0
    endloop
  endfacet
  facet normal 0 0 -1
    outer loop
      vertex 3.38074 0.905867 0
      vertex 6.27852 1.68232 0
      vertex 3.47006 0.456841 0
    endloop
  endfacet
  facet normal 0 0 -1
    outer loop
      vertex 2.77674 -2.13066 0
      vertex 5.1568 -3.95695 0
      vertex 4.59619 -4.59619 0
    endloop
  endfacet
  facet normal -0 0 -1
    outer loop
      vertex 6.27852 1.68232 0
      vertex 3.38074 0.905867 0
      vertex 6.00522 2.48744 0
    endloop
  endfacet
  facet normal 0 0 -1
    outer loop
      vertex 2.47487 -2.47487 0
      vertex 4.59619 -4.59619 0
      vertex 3.95695 -5.1568 0
    endloop
  endfacet
  facet normal 0 0 -1
    outer loop
      vertex 3.23358 1.33939 0
      vertex 6.00522 2.48744 0
      vertex 3.38074 0.905867 0
    endloop
  endfacet
  facet normal -0 0 -1
    outer loop
      vertex 6.00522 2.48744 0
      vertex 3.23358 1.33939 0
      vertex 5.62916 3.25 0
    endloop
  endfacet
  facet normal 0 0 -1
    outer loop
      vertex 6.44439 -0.84842 0
      vertex 3.47006 -0.456841 0
      vertex 3.5 0 0
    endloop
  endfacet
  facet normal 0 0 -1
    outer loop
      vertex 6.27852 -1.68232 0
      vertex 3.38074 -0.905867 0
      vertex 3.47006 -0.456841 0
    endloop
  endfacet
  facet normal 0 0 -1
    outer loop
      vertex 2.13066 -2.77674 0
      vertex 3.95695 -5.1568 0
      vertex 3.25 -5.62916 0
    endloop
  endfacet
  facet normal 0 0 -1
    outer loop
      vertex 6.00522 -2.48744 0
      vertex 3.23358 -1.33939 0
      vertex 3.38074 -0.905867 0
    endloop
  endfacet
  facet normal 0 0 -1
    outer loop
      vertex 5.62916 -3.25 0
      vertex 3.03109 -1.75 0
      vertex 3.23358 -1.33939 0
    endloop
  endfacet
  facet normal 0 0 -1
    outer loop
      vertex 5.1568 -3.95695 0
      vertex 2.77674 -2.13066 0
      vertex 3.03109 -1.75 0
    endloop
  endfacet
  facet normal 0 0 -1
    outer loop
      vertex 1.75 -3.03109 0
      vertex 3.25 -5.62916 0
      vertex 2.48744 -6.00522 0
    endloop
  endfacet
  facet normal 0 0 -1
    outer loop
      vertex 4.59619 -4.59619 0
      vertex 2.47487 -2.47487 0
      vertex 2.77674 -2.13066 0
    endloop
  endfacet
  facet normal 0 0 -1
    outer loop
      vertex 3.95695 -5.1568 0
      vertex 2.13066 -2.77674 0
      vertex 2.47487 -2.47487 0
    endloop
  endfacet
  facet normal 0 0 -1
    outer loop
      vertex 3.25 -5.62916 0
      vertex 1.75 -3.03109 0
      vertex 2.13066 -2.77674 0
    endloop
  endfacet
  facet normal 0 0 -1
    outer loop
      vertex 1.33939 -3.23358 0
      vertex 2.48744 -6.00522 0
      vertex 1.68232 -6.27852 0
    endloop
  endfacet
  facet normal 0 0 -1
    outer loop
      vertex 2.48744 -6.00522 0
      vertex 1.33939 -3.23358 0
      vertex 1.75 -3.03109 0
    endloop
  endfacet
  facet normal 0 0 -1
    outer loop
      vertex 1.68232 -6.27852 0
      vertex 0.905867 -3.38074 0
      vertex 1.33939 -3.23358 0
    endloop
  endfacet
  facet normal 0 0 -1
    outer loop
      vertex 0.84842 -6.44439 0
      vertex 0.905867 -3.38074 0
      vertex 1.68232 -6.27852 0
    endloop
  endfacet
  facet normal 0 0 -1
    outer loop
      vertex 0.84842 -6.44439 0
      vertex 0.456841 -3.47006 0
      vertex 0.905867 -3.38074 0
    endloop
  endfacet
  facet normal 0 0 -1
    outer loop
      vertex 0 -6.5 0
      vertex 0.456841 -3.47006 0
      vertex 0.84842 -6.44439 0
    endloop
  endfacet
  facet normal 0 0 -1
    outer loop
      vertex 0 -6.5 0
      vertex 0 -3.5 0
      vertex 0.456841 -3.47006 0
    endloop
  endfacet
  facet normal 0 0 -1
    outer loop
      vertex 0 -6.5 0
      vertex -0.456841 -3.47006 0
      vertex 0 -3.5 0
    endloop
  endfacet
  facet normal 0 0 -1
    outer loop
      vertex -0.84842 -6.44439 0
      vertex -0.456841 -3.47006 0
      vertex 0 -6.5 0
    endloop
  endfacet
  facet normal 0 0 -1
    outer loop
      vertex -0.84842 -6.44439 0
      vertex -0.905867 -3.38074 0
      vertex -0.456841 -3.47006 0
    endloop
  endfacet
  facet normal 0 0 -1
    outer loop
      vertex -1.68232 -6.27852 0
      vertex -0.905867 -3.38074 0
      vertex -0.84842 -6.44439 0
    endloop
  endfacet
  facet normal -0 0 -1
    outer loop
      vertex -0.905867 -3.38074 0
      vertex -1.68232 -6.27852 0
      vertex -1.33939 -3.23358 0
    endloop
  endfacet
  facet normal 0 0 -1
    outer loop
      vertex -2.48744 -6.00522 0
      vertex -1.33939 -3.23358 0
      vertex -1.68232 -6.27852 0
    endloop
  endfacet
  facet normal -0 0 -1
    outer loop
      vertex -1.33939 -3.23358 0
      vertex -2.48744 -6.00522 0
      vertex -1.75 -3.03109 0
    endloop
  endfacet
  facet normal 0 0 -1
    outer loop
      vertex -3.25 -5.62916 0
      vertex -1.75 -3.03109 0
      vertex -2.48744 -6.00522 0
    endloop
  endfacet
  facet normal -0 0 -1
    outer loop
      vertex -1.75 -3.03109 0
      vertex -3.25 -5.62916 0
      vertex -2.13066 -2.77674 0
    endloop
  endfacet
  facet normal 0 0 -1
    outer loop
      vertex -3.95695 -5.1568 0
      vertex -2.13066 -2.77674 0
      vertex -3.25 -5.62916 0
    endloop
  endfacet
  facet normal -0 0 -1
    outer loop
      vertex -2.13066 -2.77674 0
      vertex -3.95695 -5.1568 0
      vertex -2.47487 -2.47487 0
    endloop
  endfacet
  facet normal 0 0 -1
    outer loop
      vertex -4.59619 -4.59619 0
      vertex -2.47487 -2.47487 0
      vertex -3.95695 -5.1568 0
    endloop
  endfacet
  facet normal -0 0 -1
    outer loop
      vertex -2.47487 -2.47487 0
      vertex -4.59619 -4.59619 0
      vertex -2.77674 -2.13066 0
    endloop
  endfacet
  facet normal 0 0 -1
    outer loop
      vertex -5.1568 -3.95695 0
      vertex -2.77674 -2.13066 0
      vertex -4.59619 -4.59619 0
    endloop
  endfacet
  facet normal -0 0 -1
    outer loop
      vertex -2.77674 -2.13066 0
      vertex -5.1568 -3.95695 0
      vertex -3.03109 -1.75 0
    endloop
  endfacet
  facet normal 0 0 -1
    outer loop
      vertex -5.62916 -3.25 0
      vertex -3.03109 -1.75 0
      vertex -5.1568 -3.95695 0
    endloop
  endfacet
  facet normal -0 0 -1
    outer loop
      vertex -3.03109 -1.75 0
      vertex -5.62916 -3.25 0
      vertex -3.23358 -1.33939 0
    endloop
  endfacet
  facet normal 0 0 -1
    outer loop
      vertex 3.03109 1.75 0
      vertex 5.62916 3.25 0
      vertex 3.23358 1.33939 0
    endloop
  endfacet
  facet normal -0 0 -1
    outer loop
      vertex 5.62916 3.25 0
      vertex 3.03109 1.75 0
      vertex 5.1568 3.95695 0
    endloop
  endfacet
  facet normal 0 0 -1
    outer loop
      vertex 2.77674 2.13066 0
      vertex 5.1568 3.95695 0
      vertex 3.03109 1.75 0
    endloop
  endfacet
  facet normal -0 0 -1
    outer loop
      vertex 5.1568 3.95695 0
      vertex 2.77674 2.13066 0
      vertex 4.59619 4.59619 0
    endloop
  endfacet
  facet normal 0 0 -1
    outer loop
      vertex 2.47487 2.47487 0
      vertex 4.59619 4.59619 0
      vertex 2.77674 2.13066 0
    endloop
  endfacet
  facet normal -0 0 -1
    outer loop
      vertex 4.59619 4.59619 0
      vertex 2.47487 2.47487 0
      vertex 3.95695 5.1568 0
    endloop
  endfacet
  facet normal 0 0 -1
    outer loop
      vertex 2.13066 2.77674 0
      vertex 3.95695 5.1568 0
      vertex 2.47487 2.47487 0
    endloop
  endfacet
  facet normal -0 0 -1
    outer loop
      vertex 3.95695 5.1568 0
      vertex 2.13066 2.77674 0
      vertex 3.25 5.62916 0
    endloop
  endfacet
  facet normal 0 0 -1
    outer loop
      vertex 1.75 3.03109 0
      vertex 3.25 5.62916 0
      vertex 2.13066 2.77674 0
    endloop
  endfacet
  facet normal -0 0 -1
    outer loop
      vertex 3.25 5.62916 0
      vertex 1.75 3.03109 0
      vertex 2.48744 6.00522 0
    endloop
  endfacet
  facet normal 0 0 -1
    outer loop
      vertex 1.33939 3.23358 0
      vertex 2.48744 6.00522 0
      vertex 1.75 3.03109 0
    endloop
  endfacet
  facet normal -0 0 -1
    outer loop
      vertex 2.48744 6.00522 0
      vertex 1.33939 3.23358 0
      vertex 1.68232 6.27852 0
    endloop
  endfacet
  facet normal 0 0 -1
    outer loop
      vertex 0.905867 3.38074 0
      vertex 1.68232 6.27852 0
      vertex 1.33939 3.23358 0
    endloop
  endfacet
  facet normal 0 0 -1
    outer loop
      vertex 0.905867 3.38074 0
      vertex 0.84842 6.44439 0
      vertex 1.68232 6.27852 0
    endloop
  endfacet
  facet normal 0 0 -1
    outer loop
      vertex 0.456841 3.47006 0
      vertex 0.84842 6.44439 0
      vertex 0.905867 3.38074 0
    endloop
  endfacet
  facet normal 0 0 -1
    outer loop
      vertex 0 3.5 0
      vertex 0.84842 6.44439 0
      vertex 0.456841 3.47006 0
    endloop
  endfacet
  facet normal 0 0 -1
    outer loop
      vertex 0 3.5 0
      vertex 0 6.5 0
      vertex 0.84842 6.44439 0
    endloop
  endfacet
  facet normal 0 0 -1
    outer loop
      vertex -0.456841 3.47006 0
      vertex 0 6.5 0
      vertex 0 3.5 0
    endloop
  endfacet
  facet normal 0 0 -1
    outer loop
      vertex -0.456841 3.47006 0
      vertex -0.84842 6.44439 0
      vertex 0 6.5 0
    endloop
  endfacet
  facet normal 0 0 -1
    outer loop
      vertex -0.905867 3.38074 0
      vertex -0.84842 6.44439 0
      vertex -0.456841 3.47006 0
    endloop
  endfacet
  facet normal 0 0 -1
    outer loop
      vertex -1.68232 6.27852 0
      vertex -0.905867 3.38074 0
      vertex -1.33939 3.23358 0
    endloop
  endfacet
  facet normal 0 0 -1
    outer loop
      vertex -0.905867 3.38074 0
      vertex -1.68232 6.27852 0
      vertex -0.84842 6.44439 0
    endloop
  endfacet
  facet normal 0 0 -1
    outer loop
      vertex -2.48744 6.00522 0
      vertex -1.33939 3.23358 0
      vertex -1.75 3.03109 0
    endloop
  endfacet
  facet normal 0 0 -1
    outer loop
      vertex -3.25 5.62916 0
      vertex -1.75 3.03109 0
      vertex -2.13066 2.77674 0
    endloop
  endfacet
  facet normal 0 0 -1
    outer loop
      vertex -3.95695 5.1568 0
      vertex -2.13066 2.77674 0
      vertex -2.47487 2.47487 0
    endloop
  endfacet
  facet normal 0 0 -1
    outer loop
      vertex -1.33939 3.23358 0
      vertex -2.48744 6.00522 0
      vertex -1.68232 6.27852 0
    endloop
  endfacet
  facet normal 0 0 -1
    outer loop
      vertex -4.59619 4.59619 0
      vertex -2.47487 2.47487 0
      vertex -2.77674 2.13066 0
    endloop
  endfacet
  facet normal 0 0 -1
    outer loop
      vertex -5.1568 3.95695 0
      vertex -2.77674 2.13066 0
      vertex -3.03109 1.75 0
    endloop
  endfacet
  facet normal 0 0 -1
    outer loop
      vertex -5.62916 3.25 0
      vertex -3.03109 1.75 0
      vertex -3.23358 1.33939 0
    endloop
  endfacet
  facet normal 0 0 -1
    outer loop
      vertex -1.75 3.03109 0
      vertex -3.25 5.62916 0
      vertex -2.48744 6.00522 0
    endloop
  endfacet
  facet normal 0 0 -1
    outer loop
      vertex -6.00522 2.48744 0
      vertex -3.23358 1.33939 0
      vertex -3.38074 0.905867 0
    endloop
  endfacet
  facet normal 0 0 -1
    outer loop
      vertex -6.27852 1.68232 0
      vertex -3.38074 0.905867 0
      vertex -3.47006 0.456841 0
    endloop
  endfacet
  facet normal 0 0 -1
    outer loop
      vertex -6.44439 0.84842 0
      vertex -3.47006 0.456841 0
      vertex -3.5 0 0
    endloop
  endfacet
  facet normal 0 0 -1
    outer loop
      vertex -6.00522 -2.48744 0
      vertex -3.23358 -1.33939 0
      vertex -5.62916 -3.25 0
    endloop
  endfacet
  facet normal 0 0 -1
    outer loop
      vertex -2.13066 2.77674 0
      vertex -3.95695 5.1568 0
      vertex -3.25 5.62916 0
    endloop
  endfacet
  facet normal -0 0 -1
    outer loop
      vertex -3.23358 -1.33939 0
      vertex -6.00522 -2.48744 0
      vertex -3.38074 -0.905867 0
    endloop
  endfacet
  facet normal 0 0 -1
    outer loop
      vertex -2.47487 2.47487 0
      vertex -4.59619 4.59619 0
      vertex -3.95695 5.1568 0
    endloop
  endfacet
  facet normal 0 0 -1
    outer loop
      vertex -6.27852 -1.68232 0
      vertex -3.38074 -0.905867 0
      vertex -6.00522 -2.48744 0
    endloop
  endfacet
  facet normal 0 0 -1
    outer loop
      vertex -2.77674 2.13066 0
      vertex -5.1568 3.95695 0
      vertex -4.59619 4.59619 0
    endloop
  endfacet
  facet normal -0 0 -1
    outer loop
      vertex -3.38074 -0.905867 0
      vertex -6.27852 -1.68232 0
      vertex -3.47006 -0.456841 0
    endloop
  endfacet
  facet normal 0 0 -1
    outer loop
      vertex -3.03109 1.75 0
      vertex -5.62916 3.25 0
      vertex -5.1568 3.95695 0
    endloop
  endfacet
  facet normal 0 0 -1
    outer loop
      vertex -6.44439 -0.84842 0
      vertex -3.47006 -0.456841 0
      vertex -6.27852 -1.68232 0
    endloop
  endfacet
  facet normal 0 0 -1
    outer loop
      vertex -3.23358 1.33939 0
      vertex -6.00522 2.48744 0
      vertex -5.62916 3.25 0
    endloop
  endfacet
  facet normal -0 0 -1
    outer loop
      vertex -3.47006 -0.456841 0
      vertex -6.44439 -0.84842 0
      vertex -3.5 0 0
    endloop
  endfacet
  facet normal 0 0 -1
    outer loop
      vertex -3.38074 0.905867 0
      vertex -6.27852 1.68232 0
      vertex -6.00522 2.48744 0
    endloop
  endfacet
  facet normal 0 0 -1
    outer loop
      vertex -6.5 0 0
      vertex -3.5 0 0
      vertex -6.44439 -0.84842 0
    endloop
  endfacet
  facet normal 0 0 -1
    outer loop
      vertex -3.47006 0.456841 0
      vertex -6.44439 0.84842 0
      vertex -6.27852 1.68232 0
    endloop
  endfacet
  facet normal 0 0 -1
    outer loop
      vertex -3.5 0 0
      vertex -6.5 0 0
      vertex -6.44439 0.84842 0
    endloop
  endfacet
  facet normal -0.555563 -0.831474 0
    outer loop
      vertex -3.95695 -5.1568 0
      vertex -3.25 -5.62916 2.2
      vertex -3.95695 -5.1568 2.2
    endloop
  endfacet
  facet normal -0.555563 -0.831474 -0
    outer loop
      vertex -3.25 -5.62916 2.2
      vertex -3.95695 -5.1568 0
      vertex -3.25 -5.62916 0
    endloop
  endfacet
  facet normal -0 0 1
    outer loop
      vertex 4.93105 0.0348069 2.2
      vertex 6.5 0 2.2
      vertex 6.44439 0.84842 2.2
    endloop
  endfacet
  facet normal -0 0 1
    outer loop
      vertex 4.77204 1.24263 2.2
      vertex 6.44439 0.84842 2.2
      vertex 6.27852 1.68232 2.2
    endloop
  endfacet
  facet normal 0 0 1
    outer loop
      vertex 6.5 0 2.2
      vertex 4.93105 0.0348069 2.2
      vertex 4.93333 0 2.2
    endloop
  endfacet
  facet normal 0 0 1
    outer loop
      vertex 4.75402 1.30987 2.2
      vertex 6.27852 1.68232 2.2
      vertex 6.00522 2.48744 2.2
    endloop
  endfacet
  facet normal 0 0 1
    outer loop
      vertex 4.93105 -0.0348069 2.2
      vertex 6.5 0 2.2
      vertex 4.93333 0 2.2
    endloop
  endfacet
  facet normal 0 0 1
    outer loop
      vertex 4.28782 2.43538 2.2
      vertex 6.00522 2.48744 2.2
      vertex 5.62916 3.25 2.2
    endloop
  endfacet
  facet normal 0 0 1
    outer loop
      vertex 6.5 0 2.2
      vertex 4.93105 -0.0348069 2.2
      vertex 6.44439 -0.84842 2.2
    endloop
  endfacet
  facet normal 0 0 1
    outer loop
      vertex 4.25301 2.49567 2.2
      vertex 5.62916 3.25 2.2
      vertex 5.1568 3.95695 2.2
    endloop
  endfacet
  facet normal -0 0 1
    outer loop
      vertex 4.89113 -0.643929 2.2
      vertex 6.44439 -0.84842 2.2
      vertex 4.93105 -0.0348069 2.2
    endloop
  endfacet
  facet normal 0 0 1
    outer loop
      vertex 6.44439 -0.84842 2.2
      vertex 4.77204 -1.24263 2.2
      vertex 6.27852 -1.68232 2.2
    endloop
  endfacet
  facet normal 0 0 1
    outer loop
      vertex 4.77204 -1.24263 2.2
      vertex 6.44439 -0.84842 2.2
      vertex 4.89113 -0.643929 2.2
    endloop
  endfacet
  facet normal 0 0 1
    outer loop
      vertex 6.44439 0.84842 2.2
      vertex 4.89113 0.643929 2.2
      vertex 4.93105 0.0348069 2.2
    endloop
  endfacet
  facet normal 0 0 1
    outer loop
      vertex 6.44439 0.84842 2.2
      vertex 4.77204 1.24263 2.2
      vertex 4.89113 0.643929 2.2
    endloop
  endfacet
  facet normal 0 0 1
    outer loop
      vertex 6.27852 1.68232 2.2
      vertex 4.76523 1.27684 2.2
      vertex 4.77204 1.24263 2.2
    endloop
  endfacet
  facet normal 0 0 1
    outer loop
      vertex 6.27852 1.68232 2.2
      vertex 4.75402 1.30987 2.2
      vertex 4.76523 1.27684 2.2
    endloop
  endfacet
  facet normal 0 0 1
    outer loop
      vertex 3.51139 3.46217 2.2
      vertex 5.1568 3.95695 2.2
      vertex 4.59619 4.59619 2.2
    endloop
  endfacet
  facet normal 0 0 1
    outer loop
      vertex 6.00522 2.48744 2.2
      vertex 4.55781 1.8879 2.2
      vertex 4.75402 1.30987 2.2
    endloop
  endfacet
  facet normal 0 0 1
    outer loop
      vertex 6.00522 2.48744 2.2
      vertex 4.28782 2.43538 2.2
      vertex 4.55781 1.8879 2.2
    endloop
  endfacet
  facet normal 0 0 1
    outer loop
      vertex 5.62916 3.25 2.2
      vertex 4.27239 2.46667 2.2
      vertex 4.28782 2.43538 2.2
    endloop
  endfacet
  facet normal 0 0 1
    outer loop
      vertex 5.62916 3.25 2.2
      vertex 4.25301 2.49567 2.2
      vertex 4.27239 2.46667 2.2
    endloop
  endfacet
  facet normal 0 0 1
    outer loop
      vertex 3.46217 3.51139 2.2
      vertex 4.59619 4.59619 2.2
      vertex 3.95695 5.1568 2.2
    endloop
  endfacet
  facet normal 0 0 1
    outer loop
      vertex 5.1568 3.95695 2.2
      vertex 3.91388 3.00322 2.2
      vertex 4.25301 2.49567 2.2
    endloop
  endfacet
  facet normal 0 0 1
    outer loop
      vertex 5.1568 3.95695 2.2
      vertex 3.51139 3.46217 2.2
      vertex 3.91388 3.00322 2.2
    endloop
  endfacet
  facet normal 0 0 1
    outer loop
      vertex 4.59619 4.59619 2.2
      vertex 3.48839 3.48839 2.2
      vertex 3.51139 3.46217 2.2
    endloop
  endfacet
  facet normal 0 0 1
    outer loop
      vertex 4.59619 4.59619 2.2
      vertex 3.46217 3.51139 2.2
      vertex 3.48839 3.48839 2.2
    endloop
  endfacet
  facet normal 0 0 1
    outer loop
      vertex 2.49567 4.25301 2.2
      vertex 3.95695 5.1568 2.2
      vertex 3.25 5.62916 2.2
    endloop
  endfacet
  facet normal 0 0 1
    outer loop
      vertex 3.95695 5.1568 2.2
      vertex 3.00322 3.91388 2.2
      vertex 3.46217 3.51139 2.2
    endloop
  endfacet
  facet normal 0 0 1
    outer loop
      vertex 3.95695 5.1568 2.2
      vertex 2.49567 4.25301 2.2
      vertex 3.00322 3.91388 2.2
    endloop
  endfacet
  facet normal 0 0 1
    outer loop
      vertex 2.43538 4.28782 2.2
      vertex 3.25 5.62916 2.2
      vertex 2.48744 6.00522 2.2
    endloop
  endfacet
  facet normal 0 0 1
    outer loop
      vertex 3.25 5.62916 2.2
      vertex 2.46667 4.27239 2.2
      vertex 2.49567 4.25301 2.2
    endloop
  endfacet
  facet normal 0 0 1
    outer loop
      vertex 3.25 5.62916 2.2
      vertex 2.43538 4.28782 2.2
      vertex 2.46667 4.27239 2.2
    endloop
  endfacet
  facet normal 0 0 1
    outer loop
      vertex 2.48744 6.00522 2.2
      vertex 1.8879 4.55781 2.2
      vertex 2.43538 4.28782 2.2
    endloop
  endfacet
  facet normal 0 0 1
    outer loop
      vertex 1.30987 4.75402 2.2
      vertex 2.48744 6.00522 2.2
      vertex 1.68232 6.27852 2.2
    endloop
  endfacet
  facet normal 0 0 1
    outer loop
      vertex 2.48744 6.00522 2.2
      vertex 1.30987 4.75402 2.2
      vertex 1.8879 4.55781 2.2
    endloop
  endfacet
  facet normal 0 0 1
    outer loop
      vertex 1.68232 6.27852 2.2
      vertex 1.27684 4.76523 2.2
      vertex 1.30987 4.75402 2.2
    endloop
  endfacet
  facet normal 0 0 1
    outer loop
      vertex 1.68232 6.27852 2.2
      vertex 1.24263 4.77204 2.2
      vertex 1.27684 4.76523 2.2
    endloop
  endfacet
  facet normal 0 0 1
    outer loop
      vertex 0.84842 6.44439 2.2
      vertex 1.24263 4.77204 2.2
      vertex 1.68232 6.27852 2.2
    endloop
  endfacet
  facet normal 0 0 1
    outer loop
      vertex 0.84842 6.44439 2.2
      vertex 0.643929 4.89113 2.2
      vertex 1.24263 4.77204 2.2
    endloop
  endfacet
  facet normal 0 0 1
    outer loop
      vertex 0.84842 6.44439 2.2
      vertex 0.0348069 4.93105 2.2
      vertex 0.643929 4.89113 2.2
    endloop
  endfacet
  facet normal 0 0 1
    outer loop
      vertex 0 6.5 2.2
      vertex 0.0348069 4.93105 2.2
      vertex 0.84842 6.44439 2.2
    endloop
  endfacet
  facet normal 0 0 1
    outer loop
      vertex 0 6.5 2.2
      vertex 0 4.93333 2.2
      vertex 0.0348069 4.93105 2.2
    endloop
  endfacet
  facet normal 0 0 1
    outer loop
      vertex 0 6.5 2.2
      vertex -0.0348069 4.93105 2.2
      vertex 0 4.93333 2.2
    endloop
  endfacet
  facet normal -0 0 1
    outer loop
      vertex -0.84842 6.44439 2.2
      vertex -0.0348069 4.93105 2.2
      vertex 0 6.5 2.2
    endloop
  endfacet
  facet normal 0 0 1
    outer loop
      vertex -0.0348069 4.93105 2.2
      vertex -0.84842 6.44439 2.2
      vertex -0.643929 4.89113 2.2
    endloop
  endfacet
  facet normal 0 0 1
    outer loop
      vertex -0.84842 6.44439 2.2
      vertex -1.24263 4.77204 2.2
      vertex -0.643929 4.89113 2.2
    endloop
  endfacet
  facet normal -0 0 1
    outer loop
      vertex -1.68232 6.27852 2.2
      vertex -1.24263 4.77204 2.2
      vertex -0.84842 6.44439 2.2
    endloop
  endfacet
  facet normal 0 0 1
    outer loop
      vertex -1.24263 4.77204 2.2
      vertex -1.68232 6.27852 2.2
      vertex -1.27684 4.76523 2.2
    endloop
  endfacet
  facet normal 0 0 1
    outer loop
      vertex -1.27684 4.76523 2.2
      vertex -1.68232 6.27852 2.2
      vertex -1.30987 4.75402 2.2
    endloop
  endfacet
  facet normal -0 0 1
    outer loop
      vertex -2.48744 6.00522 2.2
      vertex -1.30987 4.75402 2.2
      vertex -1.68232 6.27852 2.2
    endloop
  endfacet
  facet normal 0 0 1
    outer loop
      vertex -1.30987 4.75402 2.2
      vertex -2.48744 6.00522 2.2
      vertex -1.8879 4.55781 2.2
    endloop
  endfacet
  facet normal 0 0 1
    outer loop
      vertex -1.8879 4.55781 2.2
      vertex -2.48744 6.00522 2.2
      vertex -2.43538 4.28782 2.2
    endloop
  endfacet
  facet normal -0 0 1
    outer loop
      vertex -3.25 5.62916 2.2
      vertex -2.43538 4.28782 2.2
      vertex -2.48744 6.00522 2.2
    endloop
  endfacet
  facet normal 0 0 1
    outer loop
      vertex -2.43538 4.28782 2.2
      vertex -3.25 5.62916 2.2
      vertex -2.46667 4.27239 2.2
    endloop
  endfacet
  facet normal 0 0 1
    outer loop
      vertex -2.46667 4.27239 2.2
      vertex -3.25 5.62916 2.2
      vertex -2.49567 4.25301 2.2
    endloop
  endfacet
  facet normal -0 0 1
    outer loop
      vertex -3.95695 5.1568 2.2
      vertex -2.49567 4.25301 2.2
      vertex -3.25 5.62916 2.2
    endloop
  endfacet
  facet normal 0 0 1
    outer loop
      vertex -2.49567 4.25301 2.2
      vertex -3.95695 5.1568 2.2
      vertex -3.00322 3.91388 2.2
    endloop
  endfacet
  facet normal 0 0 1
    outer loop
      vertex -3.00322 3.91388 2.2
      vertex -3.95695 5.1568 2.2
      vertex -3.46217 3.51139 2.2
    endloop
  endfacet
  facet normal -0 0 1
    outer loop
      vertex -4.59619 4.59619 2.2
      vertex -3.46217 3.51139 2.2
      vertex -3.95695 5.1568 2.2
    endloop
  endfacet
  facet normal 0 0 1
    outer loop
      vertex -3.46217 3.51139 2.2
      vertex -4.59619 4.59619 2.2
      vertex -3.48839 3.48839 2.2
    endloop
  endfacet
  facet normal 0 0 1
    outer loop
      vertex -3.48839 3.48839 2.2
      vertex -4.59619 4.59619 2.2
      vertex -3.51139 3.46217 2.2
    endloop
  endfacet
  facet normal -0 0 1
    outer loop
      vertex -5.1568 3.95695 2.2
      vertex -3.51139 3.46217 2.2
      vertex -4.59619 4.59619 2.2
    endloop
  endfacet
  facet normal 0 0 1
    outer loop
      vertex -3.51139 3.46217 2.2
      vertex -5.1568 3.95695 2.2
      vertex -3.91388 3.00322 2.2
    endloop
  endfacet
  facet normal 0 0 1
    outer loop
      vertex -3.91388 3.00322 2.2
      vertex -5.1568 3.95695 2.2
      vertex -4.25301 2.49567 2.2
    endloop
  endfacet
  facet normal -0 0 1
    outer loop
      vertex -5.62916 3.25 2.2
      vertex -4.25301 2.49567 2.2
      vertex -5.1568 3.95695 2.2
    endloop
  endfacet
  facet normal 0 0 1
    outer loop
      vertex -4.25301 2.49567 2.2
      vertex -5.62916 3.25 2.2
      vertex -4.27239 2.46667 2.2
    endloop
  endfacet
  facet normal 0 0 1
    outer loop
      vertex -4.27239 2.46667 2.2
      vertex -5.62916 3.25 2.2
      vertex -4.28782 2.43538 2.2
    endloop
  endfacet
  facet normal -0 0 1
    outer loop
      vertex -6.00522 2.48744 2.2
      vertex -4.28782 2.43538 2.2
      vertex -5.62916 3.25 2.2
    endloop
  endfacet
  facet normal 0 0 1
    outer loop
      vertex -4.28782 2.43538 2.2
      vertex -6.00522 2.48744 2.2
      vertex -4.55781 1.8879 2.2
    endloop
  endfacet
  facet normal 0 0 1
    outer loop
      vertex -4.55781 1.8879 2.2
      vertex -6.00522 2.48744 2.2
      vertex -4.75402 1.30987 2.2
    endloop
  endfacet
  facet normal 0 0 1
    outer loop
      vertex -4.76523 1.27684 2.2
      vertex -6.27852 1.68232 2.2
      vertex -4.77204 1.24263 2.2
    endloop
  endfacet
  facet normal 0 0 1
    outer loop
      vertex -4.75402 1.30987 2.2
      vertex -6.27852 1.68232 2.2
      vertex -4.76523 1.27684 2.2
    endloop
  endfacet
  facet normal -0 0 1
    outer loop
      vertex -6.27852 1.68232 2.2
      vertex -4.75402 1.30987 2.2
      vertex -6.00522 2.48744 2.2
    endloop
  endfacet
  facet normal -0 0 1
    outer loop
      vertex 4.76523 -1.27684 2.2
      vertex 6.27852 -1.68232 2.2
      vertex 4.77204 -1.24263 2.2
    endloop
  endfacet
  facet normal -0 0 1
    outer loop
      vertex 4.75402 -1.30987 2.2
      vertex 6.27852 -1.68232 2.2
      vertex 4.76523 -1.27684 2.2
    endloop
  endfacet
  facet normal 0 0 1
    outer loop
      vertex 6.27852 -1.68232 2.2
      vertex 4.75402 -1.30987 2.2
      vertex 6.00522 -2.48744 2.2
    endloop
  endfacet
  facet normal -0 0 1
    outer loop
      vertex 4.55781 -1.8879 2.2
      vertex 6.00522 -2.48744 2.2
      vertex 4.75402 -1.30987 2.2
    endloop
  endfacet
  facet normal -0 0 1
    outer loop
      vertex 4.28782 -2.43538 2.2
      vertex 6.00522 -2.48744 2.2
      vertex 4.55781 -1.8879 2.2
    endloop
  endfacet
  facet normal 0 0 1
    outer loop
      vertex 6.00522 -2.48744 2.2
      vertex 4.28782 -2.43538 2.2
      vertex 5.62916 -3.25 2.2
    endloop
  endfacet
  facet normal -0 0 1
    outer loop
      vertex 4.27239 -2.46667 2.2
      vertex 5.62916 -3.25 2.2
      vertex 4.28782 -2.43538 2.2
    endloop
  endfacet
  facet normal -0 0 1
    outer loop
      vertex 4.25301 -2.49567 2.2
      vertex 5.62916 -3.25 2.2
      vertex 4.27239 -2.46667 2.2
    endloop
  endfacet
  facet normal 0 0 1
    outer loop
      vertex 5.62916 -3.25 2.2
      vertex 4.25301 -2.49567 2.2
      vertex 5.1568 -3.95695 2.2
    endloop
  endfacet
  facet normal -0 0 1
    outer loop
      vertex 3.91388 -3.00322 2.2
      vertex 5.1568 -3.95695 2.2
      vertex 4.25301 -2.49567 2.2
    endloop
  endfacet
  facet normal -0 0 1
    outer loop
      vertex 3.51139 -3.46217 2.2
      vertex 5.1568 -3.95695 2.2
      vertex 3.91388 -3.00322 2.2
    endloop
  endfacet
  facet normal 0 0 1
    outer loop
      vertex 5.1568 -3.95695 2.2
      vertex 3.51139 -3.46217 2.2
      vertex 4.59619 -4.59619 2.2
    endloop
  endfacet
  facet normal -0 0 1
    outer loop
      vertex 3.48839 -3.48839 2.2
      vertex 4.59619 -4.59619 2.2
      vertex 3.51139 -3.46217 2.2
    endloop
  endfacet
  facet normal -0 0 1
    outer loop
      vertex 3.46217 -3.51139 2.2
      vertex 4.59619 -4.59619 2.2
      vertex 3.48839 -3.48839 2.2
    endloop
  endfacet
  facet normal 0 0 1
    outer loop
      vertex 4.59619 -4.59619 2.2
      vertex 3.46217 -3.51139 2.2
      vertex 3.95695 -5.1568 2.2
    endloop
  endfacet
  facet normal -0 0 1
    outer loop
      vertex 3.00322 -3.91388 2.2
      vertex 3.95695 -5.1568 2.2
      vertex 3.46217 -3.51139 2.2
    endloop
  endfacet
  facet normal -0 0 1
    outer loop
      vertex 2.49567 -4.25301 2.2
      vertex 3.95695 -5.1568 2.2
      vertex 3.00322 -3.91388 2.2
    endloop
  endfacet
  facet normal 0 0 1
    outer loop
      vertex 3.95695 -5.1568 2.2
      vertex 2.49567 -4.25301 2.2
      vertex 3.25 -5.62916 2.2
    endloop
  endfacet
  facet normal -0 0 1
    outer loop
      vertex 2.46667 -4.27239 2.2
      vertex 3.25 -5.62916 2.2
      vertex 2.49567 -4.25301 2.2
    endloop
  endfacet
  facet normal -0 0 1
    outer loop
      vertex 2.43538 -4.28782 2.2
      vertex 3.25 -5.62916 2.2
      vertex 2.46667 -4.27239 2.2
    endloop
  endfacet
  facet normal 0 0 1
    outer loop
      vertex 3.25 -5.62916 2.2
      vertex 2.43538 -4.28782 2.2
      vertex 2.48744 -6.00522 2.2
    endloop
  endfacet
  facet normal -0 0 1
    outer loop
      vertex 1.8879 -4.55781 2.2
      vertex 2.48744 -6.00522 2.2
      vertex 2.43538 -4.28782 2.2
    endloop
  endfacet
  facet normal -0 0 1
    outer loop
      vertex 1.30987 -4.75402 2.2
      vertex 2.48744 -6.00522 2.2
      vertex 1.8879 -4.55781 2.2
    endloop
  endfacet
  facet normal 0 0 1
    outer loop
      vertex 2.48744 -6.00522 2.2
      vertex 1.30987 -4.75402 2.2
      vertex 1.68232 -6.27852 2.2
    endloop
  endfacet
  facet normal -0 0 1
    outer loop
      vertex 1.27684 -4.76523 2.2
      vertex 1.68232 -6.27852 2.2
      vertex 1.30987 -4.75402 2.2
    endloop
  endfacet
  facet normal -0 0 1
    outer loop
      vertex 1.24263 -4.77204 2.2
      vertex 1.68232 -6.27852 2.2
      vertex 1.27684 -4.76523 2.2
    endloop
  endfacet
  facet normal 0 0 1
    outer loop
      vertex 1.24263 -4.77204 2.2
      vertex 0.84842 -6.44439 2.2
      vertex 1.68232 -6.27852 2.2
    endloop
  endfacet
  facet normal -0 0 1
    outer loop
      vertex 0.643929 -4.89113 2.2
      vertex 0.84842 -6.44439 2.2
      vertex 1.24263 -4.77204 2.2
    endloop
  endfacet
  facet normal -0 0 1
    outer loop
      vertex 0.0348069 -4.93105 2.2
      vertex 0.84842 -6.44439 2.2
      vertex 0.643929 -4.89113 2.2
    endloop
  endfacet
  facet normal 0 0 1
    outer loop
      vertex 0 -6.5 2.2
      vertex 0.0348069 -4.93105 2.2
      vertex 0 -4.93333 2.2
    endloop
  endfacet
  facet normal 0 0 1
    outer loop
      vertex 0.0348069 -4.93105 2.2
      vertex 0 -6.5 2.2
      vertex 0.84842 -6.44439 2.2
    endloop
  endfacet
  facet normal 0 0 1
    outer loop
      vertex -0.0348069 -4.93105 2.2
      vertex 0 -6.5 2.2
      vertex 0 -4.93333 2.2
    endloop
  endfacet
  facet normal 0 0 1
    outer loop
      vertex -0.84842 -6.44439 2.2
      vertex -0.0348069 -4.93105 2.2
      vertex -0.643929 -4.89113 2.2
    endloop
  endfacet
  facet normal 0 0 1
    outer loop
      vertex -0.0348069 -4.93105 2.2
      vertex -0.84842 -6.44439 2.2
      vertex 0 -6.5 2.2
    endloop
  endfacet
  facet normal 0 0 1
    outer loop
      vertex -1.24263 -4.77204 2.2
      vertex -0.84842 -6.44439 2.2
      vertex -0.643929 -4.89113 2.2
    endloop
  endfacet
  facet normal 0 0 1
    outer loop
      vertex -1.68232 -6.27852 2.2
      vertex -1.24263 -4.77204 2.2
      vertex -1.27684 -4.76523 2.2
    endloop
  endfacet
  facet normal 0 0 1
    outer loop
      vertex -1.68232 -6.27852 2.2
      vertex -1.27684 -4.76523 2.2
      vertex -1.30987 -4.75402 2.2
    endloop
  endfacet
  facet normal 0 0 1
    outer loop
      vertex -1.24263 -4.77204 2.2
      vertex -1.68232 -6.27852 2.2
      vertex -0.84842 -6.44439 2.2
    endloop
  endfacet
  facet normal 0 0 1
    outer loop
      vertex -2.48744 -6.00522 2.2
      vertex -1.30987 -4.75402 2.2
      vertex -1.8879 -4.55781 2.2
    endloop
  endfacet
  facet normal 0 0 1
    outer loop
      vertex -2.48744 -6.00522 2.2
      vertex -1.8879 -4.55781 2.2
      vertex -2.43538 -4.28782 2.2
    endloop
  endfacet
  facet normal 0 0 1
    outer loop
      vertex -3.25 -5.62916 2.2
      vertex -2.43538 -4.28782 2.2
      vertex -2.46667 -4.27239 2.2
    endloop
  endfacet
  facet normal 0 0 1
    outer loop
      vertex -1.30987 -4.75402 2.2
      vertex -2.48744 -6.00522 2.2
      vertex -1.68232 -6.27852 2.2
    endloop
  endfacet
  facet normal 0 0 1
    outer loop
      vertex -3.25 -5.62916 2.2
      vertex -2.46667 -4.27239 2.2
      vertex -2.49567 -4.25301 2.2
    endloop
  endfacet
  facet normal 0 0 1
    outer loop
      vertex -3.95695 -5.1568 2.2
      vertex -2.49567 -4.25301 2.2
      vertex -3.00322 -3.91388 2.2
    endloop
  endfacet
  facet normal 0 0 1
    outer loop
      vertex -2.43538 -4.28782 2.2
      vertex -3.25 -5.62916 2.2
      vertex -2.48744 -6.00522 2.2
    endloop
  endfacet
  facet normal 0 0 1
    outer loop
      vertex -3.95695 -5.1568 2.2
      vertex -3.00322 -3.91388 2.2
      vertex -3.46217 -3.51139 2.2
    endloop
  endfacet
  facet normal 0 0 1
    outer loop
      vertex -4.59619 -4.59619 2.2
      vertex -3.46217 -3.51139 2.2
      vertex -3.48839 -3.48839 2.2
    endloop
  endfacet
  facet normal 0 0 1
    outer loop
      vertex -4.59619 -4.59619 2.2
      vertex -3.48839 -3.48839 2.2
      vertex -3.51139 -3.46217 2.2
    endloop
  endfacet
  facet normal 0 0 1
    outer loop
      vertex -5.1568 -3.95695 2.2
      vertex -3.51139 -3.46217 2.2
      vertex -3.91388 -3.00322 2.2
    endloop
  endfacet
  facet normal 0 0 1
    outer loop
      vertex -2.49567 -4.25301 2.2
      vertex -3.95695 -5.1568 2.2
      vertex -3.25 -5.62916 2.2
    endloop
  endfacet
  facet normal 0 0 1
    outer loop
      vertex -5.1568 -3.95695 2.2
      vertex -3.91388 -3.00322 2.2
      vertex -4.25301 -2.49567 2.2
    endloop
  endfacet
  facet normal 0 0 1
    outer loop
      vertex -5.62916 -3.25 2.2
      vertex -4.25301 -2.49567 2.2
      vertex -4.27239 -2.46667 2.2
    endloop
  endfacet
  facet normal 0 0 1
    outer loop
      vertex -5.62916 -3.25 2.2
      vertex -4.27239 -2.46667 2.2
      vertex -4.28782 -2.43538 2.2
    endloop
  endfacet
  facet normal 0 0 1
    outer loop
      vertex -6.00522 -2.48744 2.2
      vertex -4.28782 -2.43538 2.2
      vertex -4.55781 -1.8879 2.2
    endloop
  endfacet
  facet normal 0 0 1
    outer loop
      vertex -3.46217 -3.51139 2.2
      vertex -4.59619 -4.59619 2.2
      vertex -3.95695 -5.1568 2.2
    endloop
  endfacet
  facet normal 0 0 1
    outer loop
      vertex -6.00522 -2.48744 2.2
      vertex -4.55781 -1.8879 2.2
      vertex -4.75402 -1.30987 2.2
    endloop
  endfacet
  facet normal 0 0 1
    outer loop
      vertex -6.27852 -1.68232 2.2
      vertex -4.75402 -1.30987 2.2
      vertex -4.76523 -1.27684 2.2
    endloop
  endfacet
  facet normal 0 0 1
    outer loop
      vertex -6.27852 -1.68232 2.2
      vertex -4.76523 -1.27684 2.2
      vertex -4.77204 -1.24263 2.2
    endloop
  endfacet
  facet normal -0 0 1
    outer loop
      vertex -6.44439 -0.84842 2.2
      vertex -4.77204 -1.24263 2.2
      vertex -4.89113 -0.643929 2.2
    endloop
  endfacet
  facet normal 0 0 1
    outer loop
      vertex -3.51139 -3.46217 2.2
      vertex -5.1568 -3.95695 2.2
      vertex -4.59619 -4.59619 2.2
    endloop
  endfacet
  facet normal 0 0 1
    outer loop
      vertex -6.44439 -0.84842 2.2
      vertex -4.89113 -0.643929 2.2
      vertex -4.93105 -0.0348069 2.2
    endloop
  endfacet
  facet normal -0 0 1
    outer loop
      vertex -6.5 0 2.2
      vertex -4.93105 -0.0348069 2.2
      vertex -4.93333 0 2.2
    endloop
  endfacet
  facet normal 0 0 1
    outer loop
      vertex -6.44439 0.84842 2.2
      vertex -4.77204 1.24263 2.2
      vertex -6.27852 1.68232 2.2
    endloop
  endfacet
  facet normal 0 0 1
    outer loop
      vertex -4.77204 1.24263 2.2
      vertex -6.44439 0.84842 2.2
      vertex -4.89113 0.643929 2.2
    endloop
  endfacet
  facet normal 0 0 1
    outer loop
      vertex -4.25301 -2.49567 2.2
      vertex -5.62916 -3.25 2.2
      vertex -5.1568 -3.95695 2.2
    endloop
  endfacet
  facet normal 0 0 1
    outer loop
      vertex -4.89113 0.643929 2.2
      vertex -6.44439 0.84842 2.2
      vertex -4.93105 0.0348069 2.2
    endloop
  endfacet
  facet normal 0 0 1
    outer loop
      vertex -4.28782 -2.43538 2.2
      vertex -6.00522 -2.48744 2.2
      vertex -5.62916 -3.25 2.2
    endloop
  endfacet
  facet normal 0 0 1
    outer loop
      vertex -6.5 0 2.2
      vertex -4.93105 0.0348069 2.2
      vertex -6.44439 0.84842 2.2
    endloop
  endfacet
  facet normal 0 0 1
    outer loop
      vertex -4.75402 -1.30987 2.2
      vertex -6.27852 -1.68232 2.2
      vertex -6.00522 -2.48744 2.2
    endloop
  endfacet
  facet normal 0 0 1
    outer loop
      vertex -4.93105 0.0348069 2.2
      vertex -6.5 0 2.2
      vertex -4.93333 0 2.2
    endloop
  endfacet
  facet normal 0 0 1
    outer loop
      vertex -4.77204 -1.24263 2.2
      vertex -6.44439 -0.84842 2.2
      vertex -6.27852 -1.68232 2.2
    endloop
  endfacet
  facet normal 0 0 1
    outer loop
      vertex -4.93105 -0.0348069 2.2
      vertex -6.5 0 2.2
      vertex -6.44439 -0.84842 2.2
    endloop
  endfacet
  facet normal -0.946857 0.0620232 0.315618
    outer loop
      vertex -4 0 5
      vertex -4.93105 0.0348069 2.2
      vertex -4.93333 0 2.2
    endloop
  endfacet
  facet normal -0.946855 0.0620592 0.315618
    outer loop
      vertex -4.93105 0.0348069 2.2
      vertex -4 0 5
      vertex -3.96578 0.522104 5
    endloop
  endfacet
  facet normal 0.305003 -0.898531 0.315619
    outer loop
      vertex 1.53073 -3.69552 5
      vertex 1.30987 -4.75402 2.2
      vertex 1.8879 -4.55781 2.2
    endloop
  endfacet
  facet normal 0.062054 -0.946855 0.315619
    outer loop
      vertex 0.522104 -3.96578 5
      vertex 0.0348069 -4.93105 2.2
      vertex 0.643929 -4.89113 2.2
    endloop
  endfacet
  facet normal 0.946855 0.0620592 0.315618
    outer loop
      vertex 4 0 5
      vertex 4.93105 0.0348069 2.2
      vertex 3.96578 0.522104 5
    endloop
  endfacet
  facet normal 0.946857 0.0620232 0.315618
    outer loop
      vertex 4.93105 0.0348069 2.2
      vertex 4 0 5
      vertex 4.93333 0 2.2
    endloop
  endfacet
  facet normal 0.946855 0.062054 0.315619
    outer loop
      vertex 4.89113 0.643929 2.2
      vertex 3.96578 0.522104 5
      vertex 4.93105 0.0348069 2.2
    endloop
  endfacet
  facet normal -0.062054 0.946855 0.315619
    outer loop
      vertex -0.0348069 4.93105 2.2
      vertex -0.643929 4.89113 2.2
      vertex -0.522104 3.96578 5
    endloop
  endfacet
  facet normal -0.851028 -0.419685 0.315619
    outer loop
      vertex -3.69552 -1.53073 5
      vertex -4.55781 -1.8879 2.2
      vertex -4.28782 -2.43538 2.2
    endloop
  endfacet
  facet normal 0.930626 0.185255 0.31562
    outer loop
      vertex 3.8637 1.03528 5
      vertex 4.77204 1.24263 2.2
      vertex 4.76523 1.27684 2.2
    endloop
  endfacet
  facet normal 0.930652 0.185124 0.315619
    outer loop
      vertex 4.77204 1.24263 2.2
      vertex 3.8637 1.03528 5
      vertex 3.96578 0.522104 5
    endloop
  endfacet
  facet normal -0.788938 0.527228 0.315606
    outer loop
      vertex -4.27239 2.46667 2.2
      vertex -3.17341 2.43505 5
      vertex -4.25301 2.49567 2.2
    endloop
  endfacet
  facet normal -0.788971 0.527171 0.315619
    outer loop
      vertex -3.17341 2.43505 5
      vertex -4.27239 2.46667 2.2
      vertex -3.4641 2 5
    endloop
  endfacet
  facet normal 0.419684 -0.851029 0.315618
    outer loop
      vertex 2.43538 -4.28782 2.2
      vertex 2 -3.4641 5
      vertex 1.53073 -3.69552 5
    endloop
  endfacet
  facet normal 0.41967 -0.851036 0.315618
    outer loop
      vertex 2 -3.4641 5
      vertex 2.43538 -4.28782 2.2
      vertex 2.46667 -4.27239 2.2
    endloop
  endfacet
  facet normal -0.788973 0.527169 0.315619
    outer loop
      vertex -3.91388 3.00322 2.2
      vertex -4.25301 2.49567 2.2
      vertex -3.17341 2.43505 5
    endloop
  endfacet
  facet normal -0.305003 0.898531 0.315619
    outer loop
      vertex -1.30987 4.75402 2.2
      vertex -1.8879 4.55781 2.2
      vertex -1.53073 3.69552 5
    endloop
  endfacet
  facet normal 0.18512 -0.930653 0.315619
    outer loop
      vertex 1.24263 -4.77204 2.2
      vertex 0.522104 -3.96578 5
      vertex 0.643929 -4.89113 2.2
    endloop
  endfacet
  facet normal -0.527228 -0.788938 0.315606
    outer loop
      vertex -2.46667 -4.27239 2.2
      vertex -2.43505 -3.17341 5
      vertex -2.49567 -4.25301 2.2
    endloop
  endfacet
  facet normal -0.527171 -0.788971 0.315619
    outer loop
      vertex -2.43505 -3.17341 5
      vertex -2.46667 -4.27239 2.2
      vertex -2 -3.4641 5
    endloop
  endfacet
  facet normal 0.0620232 -0.946857 0.315618
    outer loop
      vertex 0.0348069 -4.93105 2.2
      vertex 0 -4 5
      vertex 0 -4.93333 2.2
    endloop
  endfacet
  facet normal 0.0620592 -0.946855 0.315618
    outer loop
      vertex 0 -4 5
      vertex 0.0348069 -4.93105 2.2
      vertex 0.522104 -3.96578 5
    endloop
  endfacet
  facet normal 0.713409 -0.625646 0.315618
    outer loop
      vertex 3.91388 -3.00322 2.2
      vertex 3.17341 -2.43505 5
      vertex 3.51139 -3.46217 2.2
    endloop
  endfacet
  facet normal -0.625646 -0.713409 0.315618
    outer loop
      vertex -2.43505 -3.17341 5
      vertex -3.46217 -3.51139 2.2
      vertex -3.00322 -3.91388 2.2
    endloop
  endfacet
  facet normal -0.713334 0.625732 0.315618
    outer loop
      vertex -3.51139 3.46217 2.2
      vertex -2.82843 2.82843 5
      vertex -3.48839 3.48839 2.2
    endloop
  endfacet
  facet normal -0.713415 0.625639 0.315617
    outer loop
      vertex -2.82843 2.82843 5
      vertex -3.51139 3.46217 2.2
      vertex -3.17341 2.43505 5
    endloop
  endfacet
  facet normal 0.625732 0.713334 0.315618
    outer loop
      vertex 3.46217 3.51139 2.2
      vertex 2.82843 2.82843 5
      vertex 3.48839 3.48839 2.2
    endloop
  endfacet
  facet normal 0.625639 0.713415 0.315617
    outer loop
      vertex 2.82843 2.82843 5
      vertex 3.46217 3.51139 2.2
      vertex 2.43505 3.17341 5
    endloop
  endfacet
  facet normal 0.788973 0.527169 0.315619
    outer loop
      vertex 3.91388 3.00322 2.2
      vertex 3.17341 2.43505 5
      vertex 4.25301 2.49567 2.2
    endloop
  endfacet
  facet normal -0.898547 -0.304956 0.315619
    outer loop
      vertex -4.75402 -1.30987 2.2
      vertex -3.8637 -1.03528 5
      vertex -4.76523 -1.27684 2.2
    endloop
  endfacet
  facet normal -0.89853 -0.305005 0.315618
    outer loop
      vertex -3.8637 -1.03528 5
      vertex -4.75402 -1.30987 2.2
      vertex -3.69552 -1.53073 5
    endloop
  endfacet
  facet normal 0.305003 0.898531 0.315619
    outer loop
      vertex 1.8879 4.55781 2.2
      vertex 1.30987 4.75402 2.2
      vertex 1.53073 3.69552 5
    endloop
  endfacet
  facet normal -0.419685 -0.851028 0.315619
    outer loop
      vertex -1.53073 -3.69552 5
      vertex -2.43538 -4.28782 2.2
      vertex -1.8879 -4.55781 2.2
    endloop
  endfacet
  facet normal -0.898531 0.305003 0.315619
    outer loop
      vertex -4.55781 1.8879 2.2
      vertex -4.75402 1.30987 2.2
      vertex -3.69552 1.53073 5
    endloop
  endfacet
  facet normal 0.0620592 0.946855 0.315618
    outer loop
      vertex 0.0348069 4.93105 2.2
      vertex 0 4 5
      vertex 0.522104 3.96578 5
    endloop
  endfacet
  facet normal 0.0620232 0.946857 0.315618
    outer loop
      vertex 0 4 5
      vertex 0.0348069 4.93105 2.2
      vertex 0 4.93333 2.2
    endloop
  endfacet
  facet normal -0.305005 0.898531 0.315618
    outer loop
      vertex -1.27684 4.76523 2.2
      vertex -1.53073 3.69552 5
      vertex -1.03528 3.8637 5
    endloop
  endfacet
  facet normal -0.304955 0.898544 0.315627
    outer loop
      vertex -1.53073 3.69552 5
      vertex -1.27684 4.76523 2.2
      vertex -1.30987 4.75402 2.2
    endloop
  endfacet
  facet normal 0.851036 0.41967 0.315618
    outer loop
      vertex 3.4641 2 5
      vertex 4.28782 2.43538 2.2
      vertex 4.27239 2.46667 2.2
    endloop
  endfacet
  facet normal 0.851029 0.419684 0.315618
    outer loop
      vertex 4.28782 2.43538 2.2
      vertex 3.4641 2 5
      vertex 3.69552 1.53073 5
    endloop
  endfacet
  facet normal -0.898531 -0.305003 0.315619
    outer loop
      vertex -3.69552 -1.53073 5
      vertex -4.75402 -1.30987 2.2
      vertex -4.55781 -1.8879 2.2
    endloop
  endfacet
  facet normal 0.625646 0.713409 0.315618
    outer loop
      vertex 3.00322 3.91388 2.2
      vertex 2.43505 3.17341 5
      vertex 3.46217 3.51139 2.2
    endloop
  endfacet
  facet normal 0.930653 0.18512 0.315619
    outer loop
      vertex 4.77204 1.24263 2.2
      vertex 3.96578 0.522104 5
      vertex 4.89113 0.643929 2.2
    endloop
  endfacet
  facet normal 0.625639 -0.713415 0.315617
    outer loop
      vertex 3.46217 -3.51139 2.2
      vertex 2.82843 -2.82843 5
      vertex 2.43505 -3.17341 5
    endloop
  endfacet
  facet normal 0.625732 -0.713334 0.315618
    outer loop
      vertex 2.82843 -2.82843 5
      vertex 3.46217 -3.51139 2.2
      vertex 3.48839 -3.48839 2.2
    endloop
  endfacet
  facet normal 0.930653 -0.18512 0.315619
    outer loop
      vertex 4.89113 -0.643929 2.2
      vertex 3.96578 -0.522104 5
      vertex 4.77204 -1.24263 2.2
    endloop
  endfacet
  facet normal -0.527169 -0.788973 0.315619
    outer loop
      vertex -2.43505 -3.17341 5
      vertex -3.00322 -3.91388 2.2
      vertex -2.49567 -4.25301 2.2
    endloop
  endfacet
  facet normal -0.185124 0.930652 0.315619
    outer loop
      vertex -1.24263 4.77204 2.2
      vertex -1.03528 3.8637 5
      vertex -0.522104 3.96578 5
    endloop
  endfacet
  facet normal -0.185255 0.930626 0.31562
    outer loop
      vertex -1.03528 3.8637 5
      vertex -1.24263 4.77204 2.2
      vertex -1.27684 4.76523 2.2
    endloop
  endfacet
  facet normal -0.946857 -0.0620232 0.315618
    outer loop
      vertex -4.93105 -0.0348069 2.2
      vertex -4 0 5
      vertex -4.93333 0 2.2
    endloop
  endfacet
  facet normal -0.946855 -0.0620592 0.315618
    outer loop
      vertex -4 0 5
      vertex -4.93105 -0.0348069 2.2
      vertex -3.96578 -0.522104 5
    endloop
  endfacet
  facet normal -0.946855 -0.062054 0.315619
    outer loop
      vertex -3.96578 -0.522104 5
      vertex -4.93105 -0.0348069 2.2
      vertex -4.89113 -0.643929 2.2
    endloop
  endfacet
  facet normal -0.851029 -0.419684 0.315618
    outer loop
      vertex -4.28782 -2.43538 2.2
      vertex -3.4641 -2 5
      vertex -3.69552 -1.53073 5
    endloop
  endfacet
  facet normal -0.851036 -0.41967 0.315618
    outer loop
      vertex -3.4641 -2 5
      vertex -4.28782 -2.43538 2.2
      vertex -4.27239 -2.46667 2.2
    endloop
  endfacet
  facet normal 0.851029 -0.419684 0.315618
    outer loop
      vertex 3.4641 -2 5
      vertex 4.28782 -2.43538 2.2
      vertex 3.69552 -1.53073 5
    endloop
  endfacet
  facet normal 0.851036 -0.41967 0.315618
    outer loop
      vertex 4.28782 -2.43538 2.2
      vertex 3.4641 -2 5
      vertex 4.27239 -2.46667 2.2
    endloop
  endfacet
  facet normal -0.930652 -0.185124 0.315619
    outer loop
      vertex -4.77204 -1.24263 2.2
      vertex -3.8637 -1.03528 5
      vertex -3.96578 -0.522104 5
    endloop
  endfacet
  facet normal -0.930626 -0.185255 0.31562
    outer loop
      vertex -3.8637 -1.03528 5
      vertex -4.77204 -1.24263 2.2
      vertex -4.76523 -1.27684 2.2
    endloop
  endfacet
  facet normal -0.713409 0.625646 0.315618
    outer loop
      vertex -3.51139 3.46217 2.2
      vertex -3.91388 3.00322 2.2
      vertex -3.17341 2.43505 5
    endloop
  endfacet
  facet normal 0.185124 -0.930652 0.315619
    outer loop
      vertex 1.24263 -4.77204 2.2
      vertex 1.03528 -3.8637 5
      vertex 0.522104 -3.96578 5
    endloop
  endfacet
  facet normal 0.185255 -0.930626 0.31562
    outer loop
      vertex 1.03528 -3.8637 5
      vertex 1.24263 -4.77204 2.2
      vertex 1.27684 -4.76523 2.2
    endloop
  endfacet
  facet normal -0.305005 -0.89853 0.315618
    outer loop
      vertex -1.30987 -4.75402 2.2
      vertex -1.03528 -3.8637 5
      vertex -1.53073 -3.69552 5
    endloop
  endfacet
  facet normal -0.304956 -0.898547 0.315619
    outer loop
      vertex -1.03528 -3.8637 5
      vertex -1.30987 -4.75402 2.2
      vertex -1.27684 -4.76523 2.2
    endloop
  endfacet
  facet normal -0.0620592 -0.946855 0.315618
    outer loop
      vertex -0.0348069 -4.93105 2.2
      vertex 0 -4 5
      vertex -0.522104 -3.96578 5
    endloop
  endfacet
  facet normal -0.0620232 -0.946857 0.315618
    outer loop
      vertex 0 -4 5
      vertex -0.0348069 -4.93105 2.2
      vertex 0 -4.93333 2.2
    endloop
  endfacet
  facet normal -0.185255 -0.930626 0.31562
    outer loop
      vertex -1.24263 -4.77204 2.2
      vertex -1.03528 -3.8637 5
      vertex -1.27684 -4.76523 2.2
    endloop
  endfacet
  facet normal -0.185124 -0.930652 0.315619
    outer loop
      vertex -1.03528 -3.8637 5
      vertex -1.24263 -4.77204 2.2
      vertex -0.522104 -3.96578 5
    endloop
  endfacet
  facet normal 0.898531 -0.305003 0.315619
    outer loop
      vertex 4.75402 -1.30987 2.2
      vertex 3.69552 -1.53073 5
      vertex 4.55781 -1.8879 2.2
    endloop
  endfacet
  facet normal 0.305005 -0.898531 0.315618
    outer loop
      vertex 1.27684 -4.76523 2.2
      vertex 1.53073 -3.69552 5
      vertex 1.03528 -3.8637 5
    endloop
  endfacet
  facet normal 0.304955 -0.898544 0.315627
    outer loop
      vertex 1.53073 -3.69552 5
      vertex 1.27684 -4.76523 2.2
      vertex 1.30987 -4.75402 2.2
    endloop
  endfacet
  facet normal -0.930653 -0.18512 0.315619
    outer loop
      vertex -3.96578 -0.522104 5
      vertex -4.89113 -0.643929 2.2
      vertex -4.77204 -1.24263 2.2
    endloop
  endfacet
  facet normal 0.713409 0.625646 0.315618
    outer loop
      vertex 3.51139 3.46217 2.2
      vertex 3.17341 2.43505 5
      vertex 3.91388 3.00322 2.2
    endloop
  endfacet
  facet normal -0.851036 0.41967 0.315618
    outer loop
      vertex -4.28782 2.43538 2.2
      vertex -3.4641 2 5
      vertex -4.27239 2.46667 2.2
    endloop
  endfacet
  facet normal -0.851029 0.419684 0.315618
    outer loop
      vertex -3.4641 2 5
      vertex -4.28782 2.43538 2.2
      vertex -3.69552 1.53073 5
    endloop
  endfacet
  facet normal -0.527169 0.788973 0.315619
    outer loop
      vertex -2.49567 4.25301 2.2
      vertex -3.00322 3.91388 2.2
      vertex -2.43505 3.17341 5
    endloop
  endfacet
  facet normal -0.625732 -0.713334 0.315618
    outer loop
      vertex -3.46217 -3.51139 2.2
      vertex -2.82843 -2.82843 5
      vertex -3.48839 -3.48839 2.2
    endloop
  endfacet
  facet normal -0.625639 -0.713415 0.315617
    outer loop
      vertex -2.82843 -2.82843 5
      vertex -3.46217 -3.51139 2.2
      vertex -2.43505 -3.17341 5
    endloop
  endfacet
  facet normal -0.851028 0.419685 0.315619
    outer loop
      vertex -4.28782 2.43538 2.2
      vertex -4.55781 1.8879 2.2
      vertex -3.69552 1.53073 5
    endloop
  endfacet
  facet normal 0.419685 -0.851028 0.315619
    outer loop
      vertex 2.43538 -4.28782 2.2
      vertex 1.53073 -3.69552 5
      vertex 1.8879 -4.55781 2.2
    endloop
  endfacet
  facet normal 0.527169 0.788973 0.315619
    outer loop
      vertex 2.49567 4.25301 2.2
      vertex 2.43505 3.17341 5
      vertex 3.00322 3.91388 2.2
    endloop
  endfacet
  facet normal 0.898544 0.304955 0.315627
    outer loop
      vertex 3.69552 1.53073 5
      vertex 4.76523 1.27684 2.2
      vertex 4.75402 1.30987 2.2
    endloop
  endfacet
  facet normal 0.898531 0.305005 0.315618
    outer loop
      vertex 4.76523 1.27684 2.2
      vertex 3.69552 1.53073 5
      vertex 3.8637 1.03528 5
    endloop
  endfacet
  facet normal 0.930652 -0.185124 0.315619
    outer loop
      vertex 3.8637 -1.03528 5
      vertex 4.77204 -1.24263 2.2
      vertex 3.96578 -0.522104 5
    endloop
  endfacet
  facet normal 0.930626 -0.185255 0.31562
    outer loop
      vertex 4.77204 -1.24263 2.2
      vertex 3.8637 -1.03528 5
      vertex 4.76523 -1.27684 2.2
    endloop
  endfacet
  facet normal 0.41967 0.851036 0.315618
    outer loop
      vertex 2.43538 4.28782 2.2
      vertex 2 3.4641 5
      vertex 2.46667 4.27239 2.2
    endloop
  endfacet
  facet normal 0.419684 0.851029 0.315618
    outer loop
      vertex 2 3.4641 5
      vertex 2.43538 4.28782 2.2
      vertex 1.53073 3.69552 5
    endloop
  endfacet
  facet normal 0.419685 0.851028 0.315619
    outer loop
      vertex 1.8879 4.55781 2.2
      vertex 1.53073 3.69552 5
      vertex 2.43538 4.28782 2.2
    endloop
  endfacet
  facet normal 0.625646 -0.713409 0.315618
    outer loop
      vertex 3.46217 -3.51139 2.2
      vertex 2.43505 -3.17341 5
      vertex 3.00322 -3.91388 2.2
    endloop
  endfacet
  facet normal 0.788973 -0.527169 0.315619
    outer loop
      vertex 4.25301 -2.49567 2.2
      vertex 3.17341 -2.43505 5
      vertex 3.91388 -3.00322 2.2
    endloop
  endfacet
  facet normal -0.18512 0.930653 0.315619
    outer loop
      vertex -0.643929 4.89113 2.2
      vertex -1.24263 4.77204 2.2
      vertex -0.522104 3.96578 5
    endloop
  endfacet
  facet normal 0.851028 0.419685 0.315619
    outer loop
      vertex 4.28782 2.43538 2.2
      vertex 3.69552 1.53073 5
      vertex 4.55781 1.8879 2.2
    endloop
  endfacet
  facet normal 0.946855 -0.062054 0.315619
    outer loop
      vertex 4.93105 -0.0348069 2.2
      vertex 3.96578 -0.522104 5
      vertex 4.89113 -0.643929 2.2
    endloop
  endfacet
  facet normal 0.946857 -0.0620232 0.315618
    outer loop
      vertex 4 0 5
      vertex 4.93105 -0.0348069 2.2
      vertex 4.93333 0 2.2
    endloop
  endfacet
  facet normal 0.946855 -0.0620592 0.315618
    outer loop
      vertex 4.93105 -0.0348069 2.2
      vertex 4 0 5
      vertex 3.96578 -0.522104 5
    endloop
  endfacet
  facet normal 0.713334 0.625732 0.315618
    outer loop
      vertex 2.82843 2.82843 5
      vertex 3.51139 3.46217 2.2
      vertex 3.48839 3.48839 2.2
    endloop
  endfacet
  facet normal 0.713415 0.625639 0.315617
    outer loop
      vertex 3.51139 3.46217 2.2
      vertex 2.82843 2.82843 5
      vertex 3.17341 2.43505 5
    endloop
  endfacet
  facet normal 0.788938 0.527228 0.315606
    outer loop
      vertex 3.17341 2.43505 5
      vertex 4.27239 2.46667 2.2
      vertex 4.25301 2.49567 2.2
    endloop
  endfacet
  facet normal 0.788971 0.527171 0.315619
    outer loop
      vertex 4.27239 2.46667 2.2
      vertex 3.17341 2.43505 5
      vertex 3.4641 2 5
    endloop
  endfacet
  facet normal 0.898531 0.305003 0.315619
    outer loop
      vertex 4.55781 1.8879 2.2
      vertex 3.69552 1.53073 5
      vertex 4.75402 1.30987 2.2
    endloop
  endfacet
  facet normal -0.419685 0.851028 0.315619
    outer loop
      vertex -1.8879 4.55781 2.2
      vertex -2.43538 4.28782 2.2
      vertex -1.53073 3.69552 5
    endloop
  endfacet
  facet normal -0.0620232 0.946857 0.315618
    outer loop
      vertex -0.0348069 4.93105 2.2
      vertex 0 4 5
      vertex 0 4.93333 2.2
    endloop
  endfacet
  facet normal -0.0620592 0.946855 0.315618
    outer loop
      vertex 0 4 5
      vertex -0.0348069 4.93105 2.2
      vertex -0.522104 3.96578 5
    endloop
  endfacet
  facet normal 0.185255 0.930626 0.31562
    outer loop
      vertex 1.24263 4.77204 2.2
      vertex 1.03528 3.8637 5
      vertex 1.27684 4.76523 2.2
    endloop
  endfacet
  facet normal 0.185124 0.930652 0.315619
    outer loop
      vertex 1.03528 3.8637 5
      vertex 1.24263 4.77204 2.2
      vertex 0.522104 3.96578 5
    endloop
  endfacet
  facet normal -0.625639 0.713415 0.315617
    outer loop
      vertex -3.46217 3.51139 2.2
      vertex -2.82843 2.82843 5
      vertex -2.43505 3.17341 5
    endloop
  endfacet
  facet normal -0.625732 0.713334 0.315618
    outer loop
      vertex -2.82843 2.82843 5
      vertex -3.46217 3.51139 2.2
      vertex -3.48839 3.48839 2.2
    endloop
  endfacet
  facet normal -0.788971 -0.527171 0.315619
    outer loop
      vertex -4.27239 -2.46667 2.2
      vertex -3.17341 -2.43505 5
      vertex -3.4641 -2 5
    endloop
  endfacet
  facet normal -0.788938 -0.527228 0.315606
    outer loop
      vertex -3.17341 -2.43505 5
      vertex -4.27239 -2.46667 2.2
      vertex -4.25301 -2.49567 2.2
    endloop
  endfacet
  facet normal 0.788971 -0.527171 0.315619
    outer loop
      vertex 3.17341 -2.43505 5
      vertex 4.27239 -2.46667 2.2
      vertex 3.4641 -2 5
    endloop
  endfacet
  facet normal 0.788938 -0.527228 0.315606
    outer loop
      vertex 4.27239 -2.46667 2.2
      vertex 3.17341 -2.43505 5
      vertex 4.25301 -2.49567 2.2
    endloop
  endfacet
  facet normal -0.527171 0.788971 0.315619
    outer loop
      vertex -2.46667 4.27239 2.2
      vertex -2.43505 3.17341 5
      vertex -2 3.4641 5
    endloop
  endfacet
  facet normal -0.527228 0.788938 0.315606
    outer loop
      vertex -2.43505 3.17341 5
      vertex -2.46667 4.27239 2.2
      vertex -2.49567 4.25301 2.2
    endloop
  endfacet
  facet normal -0.946855 0.062054 0.315619
    outer loop
      vertex -4.89113 0.643929 2.2
      vertex -4.93105 0.0348069 2.2
      vertex -3.96578 0.522104 5
    endloop
  endfacet
  facet normal -0.930653 0.18512 0.315619
    outer loop
      vertex -4.77204 1.24263 2.2
      vertex -4.89113 0.643929 2.2
      vertex -3.96578 0.522104 5
    endloop
  endfacet
  facet normal -0.788973 -0.527169 0.315619
    outer loop
      vertex -3.17341 -2.43505 5
      vertex -4.25301 -2.49567 2.2
      vertex -3.91388 -3.00322 2.2
    endloop
  endfacet
  facet normal 0.851028 -0.419685 0.315619
    outer loop
      vertex 4.55781 -1.8879 2.2
      vertex 3.69552 -1.53073 5
      vertex 4.28782 -2.43538 2.2
    endloop
  endfacet
  facet normal -0.41967 -0.851036 0.315618
    outer loop
      vertex -2.43538 -4.28782 2.2
      vertex -2 -3.4641 5
      vertex -2.46667 -4.27239 2.2
    endloop
  endfacet
  facet normal -0.419684 -0.851029 0.315618
    outer loop
      vertex -2 -3.4641 5
      vertex -2.43538 -4.28782 2.2
      vertex -1.53073 -3.69552 5
    endloop
  endfacet
  facet normal -0.305003 -0.898531 0.315619
    outer loop
      vertex -1.53073 -3.69552 5
      vertex -1.8879 -4.55781 2.2
      vertex -1.30987 -4.75402 2.2
    endloop
  endfacet
  facet normal 0.18512 0.930653 0.315619
    outer loop
      vertex 0.643929 4.89113 2.2
      vertex 0.522104 3.96578 5
      vertex 1.24263 4.77204 2.2
    endloop
  endfacet
  facet normal 0.898547 -0.304956 0.315619
    outer loop
      vertex 3.8637 -1.03528 5
      vertex 4.75402 -1.30987 2.2
      vertex 4.76523 -1.27684 2.2
    endloop
  endfacet
  facet normal 0.89853 -0.305005 0.315618
    outer loop
      vertex 4.75402 -1.30987 2.2
      vertex 3.8637 -1.03528 5
      vertex 3.69552 -1.53073 5
    endloop
  endfacet
  facet normal 0.713415 -0.625639 0.315617
    outer loop
      vertex 2.82843 -2.82843 5
      vertex 3.51139 -3.46217 2.2
      vertex 3.17341 -2.43505 5
    endloop
  endfacet
  facet normal 0.713334 -0.625732 0.315618
    outer loop
      vertex 3.51139 -3.46217 2.2
      vertex 2.82843 -2.82843 5
      vertex 3.48839 -3.48839 2.2
    endloop
  endfacet
  facet normal -0.625646 0.713409 0.315618
    outer loop
      vertex -3.00322 3.91388 2.2
      vertex -3.46217 3.51139 2.2
      vertex -2.43505 3.17341 5
    endloop
  endfacet
  facet normal -0.062054 -0.946855 0.315619
    outer loop
      vertex -0.522104 -3.96578 5
      vertex -0.643929 -4.89113 2.2
      vertex -0.0348069 -4.93105 2.2
    endloop
  endfacet
  facet normal 0.062054 0.946855 0.315619
    outer loop
      vertex 0.643929 4.89113 2.2
      vertex 0.0348069 4.93105 2.2
      vertex 0.522104 3.96578 5
    endloop
  endfacet
  facet normal -0.419684 0.851029 0.315618
    outer loop
      vertex -2.43538 4.28782 2.2
      vertex -2 3.4641 5
      vertex -1.53073 3.69552 5
    endloop
  endfacet
  facet normal -0.41967 0.851036 0.315618
    outer loop
      vertex -2 3.4641 5
      vertex -2.43538 4.28782 2.2
      vertex -2.46667 4.27239 2.2
    endloop
  endfacet
  facet normal 0.527171 -0.788971 0.315619
    outer loop
      vertex 2.46667 -4.27239 2.2
      vertex 2.43505 -3.17341 5
      vertex 2 -3.4641 5
    endloop
  endfacet
  facet normal 0.527228 -0.788938 0.315606
    outer loop
      vertex 2.43505 -3.17341 5
      vertex 2.46667 -4.27239 2.2
      vertex 2.49567 -4.25301 2.2
    endloop
  endfacet
  facet normal 0.527228 0.788938 0.315606
    outer loop
      vertex 2.46667 4.27239 2.2
      vertex 2.43505 3.17341 5
      vertex 2.49567 4.25301 2.2
    endloop
  endfacet
  facet normal 0.527171 0.788971 0.315619
    outer loop
      vertex 2.43505 3.17341 5
      vertex 2.46667 4.27239 2.2
      vertex 2 3.4641 5
    endloop
  endfacet
  facet normal 0.527169 -0.788973 0.315619
    outer loop
      vertex 3.00322 -3.91388 2.2
      vertex 2.43505 -3.17341 5
      vertex 2.49567 -4.25301 2.2
    endloop
  endfacet
  facet normal -0.18512 -0.930653 0.315619
    outer loop
      vertex -0.522104 -3.96578 5
      vertex -1.24263 -4.77204 2.2
      vertex -0.643929 -4.89113 2.2
    endloop
  endfacet
  facet normal 0.305005 0.89853 0.315618
    outer loop
      vertex 1.30987 4.75402 2.2
      vertex 1.03528 3.8637 5
      vertex 1.53073 3.69552 5
    endloop
  endfacet
  facet normal 0.304956 0.898547 0.315619
    outer loop
      vertex 1.03528 3.8637 5
      vertex 1.30987 4.75402 2.2
      vertex 1.27684 4.76523 2.2
    endloop
  endfacet
  facet normal -0.713409 -0.625646 0.315618
    outer loop
      vertex -3.17341 -2.43505 5
      vertex -3.91388 -3.00322 2.2
      vertex -3.51139 -3.46217 2.2
    endloop
  endfacet
  facet normal -0.713415 -0.625639 0.315617
    outer loop
      vertex -3.51139 -3.46217 2.2
      vertex -2.82843 -2.82843 5
      vertex -3.17341 -2.43505 5
    endloop
  endfacet
  facet normal -0.713334 -0.625732 0.315618
    outer loop
      vertex -2.82843 -2.82843 5
      vertex -3.51139 -3.46217 2.2
      vertex -3.48839 -3.48839 2.2
    endloop
  endfacet
  facet normal -0.898544 0.304955 0.315627
    outer loop
      vertex -4.76523 1.27684 2.2
      vertex -3.69552 1.53073 5
      vertex -4.75402 1.30987 2.2
    endloop
  endfacet
  facet normal -0.898531 0.305005 0.315618
    outer loop
      vertex -3.69552 1.53073 5
      vertex -4.76523 1.27684 2.2
      vertex -3.8637 1.03528 5
    endloop
  endfacet
  facet normal -0.930626 0.185255 0.31562
    outer loop
      vertex -4.77204 1.24263 2.2
      vertex -3.8637 1.03528 5
      vertex -4.76523 1.27684 2.2
    endloop
  endfacet
  facet normal -0.930652 0.185124 0.315619
    outer loop
      vertex -3.8637 1.03528 5
      vertex -4.77204 1.24263 2.2
      vertex -3.96578 0.522104 5
    endloop
  endfacet
  facet normal 0 0 1
    outer loop
      vertex 3.96578 0.522104 5
      vertex 3.96578 -0.522104 5
      vertex 4 0 5
    endloop
  endfacet
  facet normal 0 0 1
    outer loop
      vertex 3.8637 1.03528 5
      vertex 3.96578 -0.522104 5
      vertex 3.96578 0.522104 5
    endloop
  endfacet
  facet normal 0 0 1
    outer loop
      vertex 3.8637 1.03528 5
      vertex 3.8637 -1.03528 5
      vertex 3.96578 -0.522104 5
    endloop
  endfacet
  facet normal 0 0 1
    outer loop
      vertex 3.69552 1.53073 5
      vertex 3.8637 -1.03528 5
      vertex 3.8637 1.03528 5
    endloop
  endfacet
  facet normal 0 0 1
    outer loop
      vertex 3.69552 1.53073 5
      vertex 3.69552 -1.53073 5
      vertex 3.8637 -1.03528 5
    endloop
  endfacet
  facet normal 0 0 1
    outer loop
      vertex 3.4641 2 5
      vertex 3.69552 -1.53073 5
      vertex 3.69552 1.53073 5
    endloop
  endfacet
  facet normal 0 0 1
    outer loop
      vertex 3.4641 2 5
      vertex 3.4641 -2 5
      vertex 3.69552 -1.53073 5
    endloop
  endfacet
  facet normal 0 0 1
    outer loop
      vertex 3.17341 2.43505 5
      vertex 3.4641 -2 5
      vertex 3.4641 2 5
    endloop
  endfacet
  facet normal 0 0 1
    outer loop
      vertex 3.17341 2.43505 5
      vertex 3.17341 -2.43505 5
      vertex 3.4641 -2 5
    endloop
  endfacet
  facet normal 0 0 1
    outer loop
      vertex 2.82843 2.82843 5
      vertex 3.17341 -2.43505 5
      vertex 3.17341 2.43505 5
    endloop
  endfacet
  facet normal 0 0 1
    outer loop
      vertex 2.82843 2.82843 5
      vertex 2.82843 -2.82843 5
      vertex 3.17341 -2.43505 5
    endloop
  endfacet
  facet normal 0 0 1
    outer loop
      vertex 2.43505 3.17341 5
      vertex 2.82843 -2.82843 5
      vertex 2.82843 2.82843 5
    endloop
  endfacet
  facet normal 0 0 1
    outer loop
      vertex 2.43505 3.17341 5
      vertex 2.43505 -3.17341 5
      vertex 2.82843 -2.82843 5
    endloop
  endfacet
  facet normal 0 0 1
    outer loop
      vertex 2 3.4641 5
      vertex 2.43505 -3.17341 5
      vertex 2.43505 3.17341 5
    endloop
  endfacet
  facet normal 0 0 1
    outer loop
      vertex 2 3.4641 5
      vertex 2 -3.4641 5
      vertex 2.43505 -3.17341 5
    endloop
  endfacet
  facet normal 0 0 1
    outer loop
      vertex 1.53073 3.69552 5
      vertex 2 -3.4641 5
      vertex 2 3.4641 5
    endloop
  endfacet
  facet normal 0 0 1
    outer loop
      vertex 1.53073 3.69552 5
      vertex 1.53073 -3.69552 5
      vertex 2 -3.4641 5
    endloop
  endfacet
  facet normal 0 0 1
    outer loop
      vertex 1.03528 3.8637 5
      vertex 1.53073 -3.69552 5
      vertex 1.53073 3.69552 5
    endloop
  endfacet
  facet normal 0 0 1
    outer loop
      vertex 1.03528 3.8637 5
      vertex 1.03528 -3.8637 5
      vertex 1.53073 -3.69552 5
    endloop
  endfacet
  facet normal 0 0 1
    outer loop
      vertex 0.522104 3.96578 5
      vertex 1.03528 -3.8637 5
      vertex 1.03528 3.8637 5
    endloop
  endfacet
  facet normal 0 0 1
    outer loop
      vertex 0.522104 3.96578 5
      vertex 0.522104 -3.96578 5
      vertex 1.03528 -3.8637 5
    endloop
  endfacet
  facet normal 0 0 1
    outer loop
      vertex 0 4 5
      vertex 0.522104 -3.96578 5
      vertex 0.522104 3.96578 5
    endloop
  endfacet
  facet normal 0 0 1
    outer loop
      vertex 0 4 5
      vertex 0 -4 5
      vertex 0.522104 -3.96578 5
    endloop
  endfacet
  facet normal -0 0 1
    outer loop
      vertex -0.522104 3.96578 5
      vertex 0 -4 5
      vertex 0 4 5
    endloop
  endfacet
  facet normal 0 0 1
    outer loop
      vertex -0.522104 3.96578 5
      vertex -0.522104 -3.96578 5
      vertex 0 -4 5
    endloop
  endfacet
  facet normal -0 0 1
    outer loop
      vertex -1.03528 3.8637 5
      vertex -0.522104 -3.96578 5
      vertex -0.522104 3.96578 5
    endloop
  endfacet
  facet normal 0 0 1
    outer loop
      vertex -1.03528 3.8637 5
      vertex -1.03528 -3.8637 5
      vertex -0.522104 -3.96578 5
    endloop
  endfacet
  facet normal -0 0 1
    outer loop
      vertex -1.53073 3.69552 5
      vertex -1.03528 -3.8637 5
      vertex -1.03528 3.8637 5
    endloop
  endfacet
  facet normal 0 0 1
    outer loop
      vertex -1.53073 3.69552 5
      vertex -1.53073 -3.69552 5
      vertex -1.03528 -3.8637 5
    endloop
  endfacet
  facet normal -0 0 1
    outer loop
      vertex -2 3.4641 5
      vertex -1.53073 -3.69552 5
      vertex -1.53073 3.69552 5
    endloop
  endfacet
  facet normal 0 0 1
    outer loop
      vertex -2 3.4641 5
      vertex -2 -3.4641 5
      vertex -1.53073 -3.69552 5
    endloop
  endfacet
  facet normal -0 0 1
    outer loop
      vertex -2.43505 3.17341 5
      vertex -2 -3.4641 5
      vertex -2 3.4641 5
    endloop
  endfacet
  facet normal 0 0 1
    outer loop
      vertex -2.43505 3.17341 5
      vertex -2.43505 -3.17341 5
      vertex -2 -3.4641 5
    endloop
  endfacet
  facet normal -0 0 1
    outer loop
      vertex -2.82843 2.82843 5
      vertex -2.43505 -3.17341 5
      vertex -2.43505 3.17341 5
    endloop
  endfacet
  facet normal 0 0 1
    outer loop
      vertex -2.82843 2.82843 5
      vertex -2.82843 -2.82843 5
      vertex -2.43505 -3.17341 5
    endloop
  endfacet
  facet normal -0 0 1
    outer loop
      vertex -3.17341 2.43505 5
      vertex -2.82843 -2.82843 5
      vertex -2.82843 2.82843 5
    endloop
  endfacet
  facet normal 0 0 1
    outer loop
      vertex -3.17341 2.43505 5
      vertex -3.17341 -2.43505 5
      vertex -2.82843 -2.82843 5
    endloop
  endfacet
  facet normal -0 0 1
    outer loop
      vertex -3.4641 2 5
      vertex -3.17341 -2.43505 5
      vertex -3.17341 2.43505 5
    endloop
  endfacet
  facet normal 0 0 1
    outer loop
      vertex -3.4641 2 5
      vertex -3.4641 -2 5
      vertex -3.17341 -2.43505 5
    endloop
  endfacet
  facet normal -0 0 1
    outer loop
      vertex -3.69552 1.53073 5
      vertex -3.4641 -2 5
      vertex -3.4641 2 5
    endloop
  endfacet
  facet normal 0 0 1
    outer loop
      vertex -3.69552 1.53073 5
      vertex -3.69552 -1.53073 5
      vertex -3.4641 -2 5
    endloop
  endfacet
  facet normal -0 0 1
    outer loop
      vertex -3.8637 1.03528 5
      vertex -3.69552 -1.53073 5
      vertex -3.69552 1.53073 5
    endloop
  endfacet
  facet normal 0 0 1
    outer loop
      vertex -3.8637 1.03528 5
      vertex -3.8637 -1.03528 5
      vertex -3.69552 -1.53073 5
    endloop
  endfacet
  facet normal -0 0 1
    outer loop
      vertex -3.96578 0.522104 5
      vertex -3.8637 -1.03528 5
      vertex -3.8637 1.03528 5
    endloop
  endfacet
  facet normal 0 0 1
    outer loop
      vertex -3.96578 0.522104 5
      vertex -3.96578 -0.522104 5
      vertex -3.8637 -1.03528 5
    endloop
  endfacet
  facet normal 0 -0 1
    outer loop
      vertex -3.96578 -0.522104 5
      vertex -3.96578 0.522104 5
      vertex -4 0 5
    endloop
  endfacet
  facet normal -0.980784 -0.195097 0
    outer loop
      vertex 3.47006 0.456841 0
      vertex 3.38074 0.905867 1.3
      vertex 3.38074 0.905867 0
    endloop
  endfacet
  facet normal -0.980784 -0.195097 0
    outer loop
      vertex 3.38074 0.905867 1.3
      vertex 3.47006 0.456841 0
      vertex 3.47006 0.456841 1.3
    endloop
  endfacet
  facet normal -0.997859 -0.0653967 0
    outer loop
      vertex 3.5 0 0
      vertex 3.47006 0.456841 1.3
      vertex 3.47006 0.456841 0
    endloop
  endfacet
  facet normal -0.997859 -0.0653967 0
    outer loop
      vertex 3.47006 0.456841 1.3
      vertex 3.5 0 0
      vertex 3.5 0 1.3
    endloop
  endfacet
  facet normal -0.321437 0.946931 0
    outer loop
      vertex 1.33939 -3.23358 0
      vertex 0.905867 -3.38074 1.3
      vertex 1.33939 -3.23358 1.3
    endloop
  endfacet
  facet normal -0.321437 0.946931 0
    outer loop
      vertex 0.905867 -3.38074 1.3
      vertex 1.33939 -3.23358 0
      vertex 0.905867 -3.38074 0
    endloop
  endfacet
  facet normal -0.831468 -0.555572 0
    outer loop
      vertex 3.03109 1.75 0
      vertex 2.77674 2.13066 1.3
      vertex 2.77674 2.13066 0
    endloop
  endfacet
  facet normal -0.831468 -0.555572 0
    outer loop
      vertex 2.77674 2.13066 1.3
      vertex 3.03109 1.75 0
      vertex 3.03109 1.75 1.3
    endloop
  endfacet
  facet normal 0.896873 -0.442288 0
    outer loop
      vertex -3.23358 1.33939 1.3
      vertex -3.03109 1.75 0
      vertex -3.03109 1.75 1.3
    endloop
  endfacet
  facet normal 0.896873 -0.442288 0
    outer loop
      vertex -3.03109 1.75 0
      vertex -3.23358 1.33939 1.3
      vertex -3.23358 1.33939 0
    endloop
  endfacet
  facet normal 0.555572 -0.831468 0
    outer loop
      vertex -2.13066 2.77674 0
      vertex -1.75 3.03109 1.3
      vertex -2.13066 2.77674 1.3
    endloop
  endfacet
  facet normal 0.555572 -0.831468 0
    outer loop
      vertex -1.75 3.03109 1.3
      vertex -2.13066 2.77674 0
      vertex -1.75 3.03109 0
    endloop
  endfacet
  facet normal 0.659353 -0.751833 0
    outer loop
      vertex -2.47487 2.47487 0
      vertex -2.13066 2.77674 1.3
      vertex -2.47487 2.47487 1.3
    endloop
  endfacet
  facet normal 0.659353 -0.751833 0
    outer loop
      vertex -2.13066 2.77674 1.3
      vertex -2.47487 2.47487 0
      vertex -2.13066 2.77674 0
    endloop
  endfacet
  facet normal 0.751833 -0.659353 0
    outer loop
      vertex -2.77674 2.13066 1.3
      vertex -2.47487 2.47487 0
      vertex -2.47487 2.47487 1.3
    endloop
  endfacet
  facet normal 0.751833 -0.659353 0
    outer loop
      vertex -2.47487 2.47487 0
      vertex -2.77674 2.13066 1.3
      vertex -2.77674 2.13066 0
    endloop
  endfacet
  facet normal -0.946931 0.321437 0
    outer loop
      vertex 3.23358 -1.33939 0
      vertex 3.38074 -0.905867 1.3
      vertex 3.38074 -0.905867 0
    endloop
  endfacet
  facet normal -0.946931 0.321437 0
    outer loop
      vertex 3.38074 -0.905867 1.3
      vertex 3.23358 -1.33939 0
      vertex 3.23358 -1.33939 1.3
    endloop
  endfacet
  facet normal 0.997859 -0.0653967 0
    outer loop
      vertex -3.5 0 1.3
      vertex -3.47006 0.456841 0
      vertex -3.47006 0.456841 1.3
    endloop
  endfacet
  facet normal 0.997859 -0.0653967 0
    outer loop
      vertex -3.47006 0.456841 0
      vertex -3.5 0 1.3
      vertex -3.5 0 0
    endloop
  endfacet
  facet normal -0.555572 -0.831468 0
    outer loop
      vertex 1.75 3.03109 0
      vertex 2.13066 2.77674 1.3
      vertex 1.75 3.03109 1.3
    endloop
  endfacet
  facet normal -0.555572 -0.831468 -0
    outer loop
      vertex 2.13066 2.77674 1.3
      vertex 1.75 3.03109 0
      vertex 2.13066 2.77674 0
    endloop
  endfacet
  facet normal 0.321437 0.946931 -0
    outer loop
      vertex -0.905867 -3.38074 0
      vertex -1.33939 -3.23358 1.3
      vertex -0.905867 -3.38074 1.3
    endloop
  endfacet
  facet normal 0.321437 0.946931 0
    outer loop
      vertex -1.33939 -3.23358 1.3
      vertex -0.905867 -3.38074 0
      vertex -1.33939 -3.23358 0
    endloop
  endfacet
  facet normal -0.195097 0.980784 0
    outer loop
      vertex 0.905867 -3.38074 0
      vertex 0.456841 -3.47006 1.3
      vertex 0.905867 -3.38074 1.3
    endloop
  endfacet
  facet normal -0.195097 0.980784 0
    outer loop
      vertex 0.456841 -3.47006 1.3
      vertex 0.905867 -3.38074 0
      vertex 0.456841 -3.47006 0
    endloop
  endfacet
  facet normal 0.321437 -0.946931 0
    outer loop
      vertex -1.33939 3.23358 0
      vertex -0.905867 3.38074 1.3
      vertex -1.33939 3.23358 1.3
    endloop
  endfacet
  facet normal 0.321437 -0.946931 0
    outer loop
      vertex -0.905867 3.38074 1.3
      vertex -1.33939 3.23358 0
      vertex -0.905867 3.38074 0
    endloop
  endfacet
  facet normal 0.831468 0.555572 0
    outer loop
      vertex -2.77674 -2.13066 1.3
      vertex -3.03109 -1.75 0
      vertex -3.03109 -1.75 1.3
    endloop
  endfacet
  facet normal 0.831468 0.555572 0
    outer loop
      vertex -3.03109 -1.75 0
      vertex -2.77674 -2.13066 1.3
      vertex -2.77674 -2.13066 0
    endloop
  endfacet
  facet normal -0.555572 0.831468 0
    outer loop
      vertex 2.13066 -2.77674 0
      vertex 1.75 -3.03109 1.3
      vertex 2.13066 -2.77674 1.3
    endloop
  endfacet
  facet normal -0.555572 0.831468 0
    outer loop
      vertex 1.75 -3.03109 1.3
      vertex 2.13066 -2.77674 0
      vertex 1.75 -3.03109 0
    endloop
  endfacet
  facet normal 0.946931 -0.321437 0
    outer loop
      vertex -3.38074 0.905867 1.3
      vertex -3.23358 1.33939 0
      vertex -3.23358 1.33939 1.3
    endloop
  endfacet
  facet normal 0.946931 -0.321437 0
    outer loop
      vertex -3.23358 1.33939 0
      vertex -3.38074 0.905867 1.3
      vertex -3.38074 0.905867 0
    endloop
  endfacet
  facet normal -0.321437 -0.946931 0
    outer loop
      vertex 0.905867 3.38074 0
      vertex 1.33939 3.23358 1.3
      vertex 0.905867 3.38074 1.3
    endloop
  endfacet
  facet normal -0.321437 -0.946931 -0
    outer loop
      vertex 1.33939 3.23358 1.3
      vertex 0.905867 3.38074 0
      vertex 1.33939 3.23358 0
    endloop
  endfacet
  facet normal -0.0653967 -0.997859 0
    outer loop
      vertex 0 3.5 0
      vertex 0.456841 3.47006 1.3
      vertex 0 3.5 1.3
    endloop
  endfacet
  facet normal -0.0653967 -0.997859 -0
    outer loop
      vertex 0.456841 3.47006 1.3
      vertex 0 3.5 0
      vertex 0.456841 3.47006 0
    endloop
  endfacet
  facet normal 0.442288 -0.896873 0
    outer loop
      vertex -1.75 3.03109 0
      vertex -1.33939 3.23358 1.3
      vertex -1.75 3.03109 1.3
    endloop
  endfacet
  facet normal 0.442288 -0.896873 0
    outer loop
      vertex -1.33939 3.23358 1.3
      vertex -1.75 3.03109 0
      vertex -1.33939 3.23358 0
    endloop
  endfacet
  facet normal -0.831468 0.555572 0
    outer loop
      vertex 2.77674 -2.13066 0
      vertex 3.03109 -1.75 1.3
      vertex 3.03109 -1.75 0
    endloop
  endfacet
  facet normal -0.831468 0.555572 0
    outer loop
      vertex 3.03109 -1.75 1.3
      vertex 2.77674 -2.13066 0
      vertex 2.77674 -2.13066 1.3
    endloop
  endfacet
  facet normal 0.997859 0.0653967 0
    outer loop
      vertex -3.47006 -0.456841 1.3
      vertex -3.5 0 0
      vertex -3.5 0 1.3
    endloop
  endfacet
  facet normal 0.997859 0.0653967 0
    outer loop
      vertex -3.5 0 0
      vertex -3.47006 -0.456841 1.3
      vertex -3.47006 -0.456841 0
    endloop
  endfacet
  facet normal -0.980784 0.195097 0
    outer loop
      vertex 3.38074 -0.905867 0
      vertex 3.47006 -0.456841 1.3
      vertex 3.47006 -0.456841 0
    endloop
  endfacet
  facet normal -0.980784 0.195097 0
    outer loop
      vertex 3.47006 -0.456841 1.3
      vertex 3.38074 -0.905867 0
      vertex 3.38074 -0.905867 1.3
    endloop
  endfacet
  facet normal 0.946931 0.321437 0
    outer loop
      vertex -3.23358 -1.33939 1.3
      vertex -3.38074 -0.905867 0
      vertex -3.38074 -0.905867 1.3
    endloop
  endfacet
  facet normal 0.946931 0.321437 0
    outer loop
      vertex -3.38074 -0.905867 0
      vertex -3.23358 -1.33939 1.3
      vertex -3.23358 -1.33939 0
    endloop
  endfacet
  facet normal 0.659353 0.751833 -0
    outer loop
      vertex -2.13066 -2.77674 0
      vertex -2.47487 -2.47487 1.3
      vertex -2.13066 -2.77674 1.3
    endloop
  endfacet
  facet normal 0.659353 0.751833 0
    outer loop
      vertex -2.47487 -2.47487 1.3
      vertex -2.13066 -2.77674 0
      vertex -2.47487 -2.47487 0
    endloop
  endfacet
  facet normal -0.442288 -0.896873 0
    outer loop
      vertex 1.33939 3.23358 0
      vertex 1.75 3.03109 1.3
      vertex 1.33939 3.23358 1.3
    endloop
  endfacet
  facet normal -0.442288 -0.896873 -0
    outer loop
      vertex 1.75 3.03109 1.3
      vertex 1.33939 3.23358 0
      vertex 1.75 3.03109 0
    endloop
  endfacet
  facet normal 0.195097 -0.980784 0
    outer loop
      vertex -0.905867 3.38074 0
      vertex -0.456841 3.47006 1.3
      vertex -0.905867 3.38074 1.3
    endloop
  endfacet
  facet normal 0.195097 -0.980784 0
    outer loop
      vertex -0.456841 3.47006 1.3
      vertex -0.905867 3.38074 0
      vertex -0.456841 3.47006 0
    endloop
  endfacet
  facet normal -0.751833 -0.659353 0
    outer loop
      vertex 2.77674 2.13066 0
      vertex 2.47487 2.47487 1.3
      vertex 2.47487 2.47487 0
    endloop
  endfacet
  facet normal -0.751833 -0.659353 0
    outer loop
      vertex 2.47487 2.47487 1.3
      vertex 2.77674 2.13066 0
      vertex 2.77674 2.13066 1.3
    endloop
  endfacet
  facet normal -0.195097 -0.980784 0
    outer loop
      vertex 0.456841 3.47006 0
      vertex 0.905867 3.38074 1.3
      vertex 0.456841 3.47006 1.3
    endloop
  endfacet
  facet normal -0.195097 -0.980784 -0
    outer loop
      vertex 0.905867 3.38074 1.3
      vertex 0.456841 3.47006 0
      vertex 0.905867 3.38074 0
    endloop
  endfacet
  facet normal -0.751833 0.659353 0
    outer loop
      vertex 2.47487 -2.47487 0
      vertex 2.77674 -2.13066 1.3
      vertex 2.77674 -2.13066 0
    endloop
  endfacet
  facet normal -0.751833 0.659353 0
    outer loop
      vertex 2.77674 -2.13066 1.3
      vertex 2.47487 -2.47487 0
      vertex 2.47487 -2.47487 1.3
    endloop
  endfacet
  facet normal 0.442288 0.896873 -0
    outer loop
      vertex -1.33939 -3.23358 0
      vertex -1.75 -3.03109 1.3
      vertex -1.33939 -3.23358 1.3
    endloop
  endfacet
  facet normal 0.442288 0.896873 0
    outer loop
      vertex -1.75 -3.03109 1.3
      vertex -1.33939 -3.23358 0
      vertex -1.75 -3.03109 0
    endloop
  endfacet
  facet normal 0.0653967 -0.997859 0
    outer loop
      vertex -0.456841 3.47006 0
      vertex 0 3.5 1.3
      vertex -0.456841 3.47006 1.3
    endloop
  endfacet
  facet normal 0.0653967 -0.997859 0
    outer loop
      vertex 0 3.5 1.3
      vertex -0.456841 3.47006 0
      vertex 0 3.5 0
    endloop
  endfacet
  facet normal 0.980784 -0.195097 0
    outer loop
      vertex -3.47006 0.456841 1.3
      vertex -3.38074 0.905867 0
      vertex -3.38074 0.905867 1.3
    endloop
  endfacet
  facet normal 0.980784 -0.195097 0
    outer loop
      vertex -3.38074 0.905867 0
      vertex -3.47006 0.456841 1.3
      vertex -3.47006 0.456841 0
    endloop
  endfacet
  facet normal -0.0653967 0.997859 0
    outer loop
      vertex 0.456841 -3.47006 0
      vertex 0 -3.5 1.3
      vertex 0.456841 -3.47006 1.3
    endloop
  endfacet
  facet normal -0.0653967 0.997859 0
    outer loop
      vertex 0 -3.5 1.3
      vertex 0.456841 -3.47006 0
      vertex 0 -3.5 0
    endloop
  endfacet
  facet normal -0.442288 0.896873 0
    outer loop
      vertex 1.75 -3.03109 0
      vertex 1.33939 -3.23358 1.3
      vertex 1.75 -3.03109 1.3
    endloop
  endfacet
  facet normal -0.442288 0.896873 0
    outer loop
      vertex 1.33939 -3.23358 1.3
      vertex 1.75 -3.03109 0
      vertex 1.33939 -3.23358 0
    endloop
  endfacet
  facet normal -0.659353 0.751833 0
    outer loop
      vertex 2.47487 -2.47487 0
      vertex 2.13066 -2.77674 1.3
      vertex 2.47487 -2.47487 1.3
    endloop
  endfacet
  facet normal -0.659353 0.751833 0
    outer loop
      vertex 2.13066 -2.77674 1.3
      vertex 2.47487 -2.47487 0
      vertex 2.13066 -2.77674 0
    endloop
  endfacet
  facet normal 0.896873 0.442288 0
    outer loop
      vertex -3.03109 -1.75 1.3
      vertex -3.23358 -1.33939 0
      vertex -3.23358 -1.33939 1.3
    endloop
  endfacet
  facet normal 0.896873 0.442288 0
    outer loop
      vertex -3.23358 -1.33939 0
      vertex -3.03109 -1.75 1.3
      vertex -3.03109 -1.75 0
    endloop
  endfacet
  facet normal -0.896873 0.442288 0
    outer loop
      vertex 3.03109 -1.75 0
      vertex 3.23358 -1.33939 1.3
      vertex 3.23358 -1.33939 0
    endloop
  endfacet
  facet normal -0.896873 0.442288 0
    outer loop
      vertex 3.23358 -1.33939 1.3
      vertex 3.03109 -1.75 0
      vertex 3.03109 -1.75 1.3
    endloop
  endfacet
  facet normal -0.659353 -0.751833 0
    outer loop
      vertex 2.13066 2.77674 0
      vertex 2.47487 2.47487 1.3
      vertex 2.13066 2.77674 1.3
    endloop
  endfacet
  facet normal -0.659353 -0.751833 -0
    outer loop
      vertex 2.47487 2.47487 1.3
      vertex 2.13066 2.77674 0
      vertex 2.47487 2.47487 0
    endloop
  endfacet
  facet normal -0.997859 0.0653967 0
    outer loop
      vertex 3.47006 -0.456841 0
      vertex 3.5 0 1.3
      vertex 3.5 0 0
    endloop
  endfacet
  facet normal -0.997859 0.0653967 0
    outer loop
      vertex 3.5 0 1.3
      vertex 3.47006 -0.456841 0
      vertex 3.47006 -0.456841 1.3
    endloop
  endfacet
  facet normal 0.555572 0.831468 -0
    outer loop
      vertex -1.75 -3.03109 0
      vertex -2.13066 -2.77674 1.3
      vertex -1.75 -3.03109 1.3
    endloop
  endfacet
  facet normal 0.555572 0.831468 0
    outer loop
      vertex -2.13066 -2.77674 1.3
      vertex -1.75 -3.03109 0
      vertex -2.13066 -2.77674 0
    endloop
  endfacet
  facet normal -0.896873 -0.442288 0
    outer loop
      vertex 3.23358 1.33939 0
      vertex 3.03109 1.75 1.3
      vertex 3.03109 1.75 0
    endloop
  endfacet
  facet normal -0.896873 -0.442288 0
    outer loop
      vertex 3.03109 1.75 1.3
      vertex 3.23358 1.33939 0
      vertex 3.23358 1.33939 1.3
    endloop
  endfacet
  facet normal -0.946931 -0.321437 0
    outer loop
      vertex 3.38074 0.905867 0
      vertex 3.23358 1.33939 1.3
      vertex 3.23358 1.33939 0
    endloop
  endfacet
  facet normal -0.946931 -0.321437 0
    outer loop
      vertex 3.23358 1.33939 1.3
      vertex 3.38074 0.905867 0
      vertex 3.38074 0.905867 1.3
    endloop
  endfacet
  facet normal 0.980784 0.195097 0
    outer loop
      vertex -3.38074 -0.905867 1.3
      vertex -3.47006 -0.456841 0
      vertex -3.47006 -0.456841 1.3
    endloop
  endfacet
  facet normal 0.980784 0.195097 0
    outer loop
      vertex -3.47006 -0.456841 0
      vertex -3.38074 -0.905867 1.3
      vertex -3.38074 -0.905867 0
    endloop
  endfacet
  facet normal 0.751833 0.659353 0
    outer loop
      vertex -2.47487 -2.47487 1.3
      vertex -2.77674 -2.13066 0
      vertex -2.77674 -2.13066 1.3
    endloop
  endfacet
  facet normal 0.751833 0.659353 0
    outer loop
      vertex -2.77674 -2.13066 0
      vertex -2.47487 -2.47487 1.3
      vertex -2.47487 -2.47487 0
    endloop
  endfacet
  facet normal 0 0 -1
    outer loop
      vertex 3.47006 -0.456841 1.3
      vertex 3.47006 0.456841 1.3
      vertex 3.5 0 1.3
    endloop
  endfacet
  facet normal 0 0 -1
    outer loop
      vertex 3.38074 -0.905867 1.3
      vertex 3.47006 0.456841 1.3
      vertex 3.47006 -0.456841 1.3
    endloop
  endfacet
  facet normal 0 0 -1
    outer loop
      vertex 3.38074 -0.905867 1.3
      vertex 3.38074 0.905867 1.3
      vertex 3.47006 0.456841 1.3
    endloop
  endfacet
  facet normal 0 0 -1
    outer loop
      vertex 3.23358 -1.33939 1.3
      vertex 3.38074 0.905867 1.3
      vertex 3.38074 -0.905867 1.3
    endloop
  endfacet
  facet normal 0 0 -1
    outer loop
      vertex 3.23358 -1.33939 1.3
      vertex 3.23358 1.33939 1.3
      vertex 3.38074 0.905867 1.3
    endloop
  endfacet
  facet normal 0 0 -1
    outer loop
      vertex 3.03109 -1.75 1.3
      vertex 3.23358 1.33939 1.3
      vertex 3.23358 -1.33939 1.3
    endloop
  endfacet
  facet normal 0 0 -1
    outer loop
      vertex 3.03109 -1.75 1.3
      vertex 3.03109 1.75 1.3
      vertex 3.23358 1.33939 1.3
    endloop
  endfacet
  facet normal 0 0 -1
    outer loop
      vertex 2.77674 -2.13066 1.3
      vertex 3.03109 1.75 1.3
      vertex 3.03109 -1.75 1.3
    endloop
  endfacet
  facet normal 0 0 -1
    outer loop
      vertex 2.77674 -2.13066 1.3
      vertex 2.77674 2.13066 1.3
      vertex 3.03109 1.75 1.3
    endloop
  endfacet
  facet normal 0 0 -1
    outer loop
      vertex 2.47487 -2.47487 1.3
      vertex 2.77674 2.13066 1.3
      vertex 2.77674 -2.13066 1.3
    endloop
  endfacet
  facet normal 0 0 -1
    outer loop
      vertex 2.47487 -2.47487 1.3
      vertex 2.47487 2.47487 1.3
      vertex 2.77674 2.13066 1.3
    endloop
  endfacet
  facet normal 0 0 -1
    outer loop
      vertex 2.13066 -2.77674 1.3
      vertex 2.47487 2.47487 1.3
      vertex 2.47487 -2.47487 1.3
    endloop
  endfacet
  facet normal 0 0 -1
    outer loop
      vertex 2.13066 -2.77674 1.3
      vertex 2.13066 2.77674 1.3
      vertex 2.47487 2.47487 1.3
    endloop
  endfacet
  facet normal 0 0 -1
    outer loop
      vertex 1.75 -3.03109 1.3
      vertex 2.13066 2.77674 1.3
      vertex 2.13066 -2.77674 1.3
    endloop
  endfacet
  facet normal 0 0 -1
    outer loop
      vertex 1.75 -3.03109 1.3
      vertex 1.75 3.03109 1.3
      vertex 2.13066 2.77674 1.3
    endloop
  endfacet
  facet normal 0 0 -1
    outer loop
      vertex 1.33939 -3.23358 1.3
      vertex 1.75 3.03109 1.3
      vertex 1.75 -3.03109 1.3
    endloop
  endfacet
  facet normal 0 0 -1
    outer loop
      vertex 1.33939 -3.23358 1.3
      vertex 1.33939 3.23358 1.3
      vertex 1.75 3.03109 1.3
    endloop
  endfacet
  facet normal 0 0 -1
    outer loop
      vertex 0.905867 -3.38074 1.3
      vertex 1.33939 3.23358 1.3
      vertex 1.33939 -3.23358 1.3
    endloop
  endfacet
  facet normal 0 0 -1
    outer loop
      vertex 0.905867 -3.38074 1.3
      vertex 0.905867 3.38074 1.3
      vertex 1.33939 3.23358 1.3
    endloop
  endfacet
  facet normal 0 0 -1
    outer loop
      vertex 0.456841 -3.47006 1.3
      vertex 0.905867 3.38074 1.3
      vertex 0.905867 -3.38074 1.3
    endloop
  endfacet
  facet normal 0 0 -1
    outer loop
      vertex 0.456841 -3.47006 1.3
      vertex 0.456841 3.47006 1.3
      vertex 0.905867 3.38074 1.3
    endloop
  endfacet
  facet normal 0 0 -1
    outer loop
      vertex 0 -3.5 1.3
      vertex 0.456841 3.47006 1.3
      vertex 0.456841 -3.47006 1.3
    endloop
  endfacet
  facet normal 0 0 -1
    outer loop
      vertex 0 -3.5 1.3
      vertex 0 3.5 1.3
      vertex 0.456841 3.47006 1.3
    endloop
  endfacet
  facet normal 0 0 -1
    outer loop
      vertex -0.456841 -3.47006 1.3
      vertex 0 3.5 1.3
      vertex 0 -3.5 1.3
    endloop
  endfacet
  facet normal 0 0 -1
    outer loop
      vertex -0.456841 -3.47006 1.3
      vertex -0.456841 3.47006 1.3
      vertex 0 3.5 1.3
    endloop
  endfacet
  facet normal 0 0 -1
    outer loop
      vertex -0.905867 -3.38074 1.3
      vertex -0.456841 3.47006 1.3
      vertex -0.456841 -3.47006 1.3
    endloop
  endfacet
  facet normal 0 0 -1
    outer loop
      vertex -0.905867 -3.38074 1.3
      vertex -0.905867 3.38074 1.3
      vertex -0.456841 3.47006 1.3
    endloop
  endfacet
  facet normal 0 0 -1
    outer loop
      vertex -1.33939 -3.23358 1.3
      vertex -0.905867 3.38074 1.3
      vertex -0.905867 -3.38074 1.3
    endloop
  endfacet
  facet normal 0 0 -1
    outer loop
      vertex -1.33939 -3.23358 1.3
      vertex -1.33939 3.23358 1.3
      vertex -0.905867 3.38074 1.3
    endloop
  endfacet
  facet normal 0 0 -1
    outer loop
      vertex -1.75 -3.03109 1.3
      vertex -1.33939 3.23358 1.3
      vertex -1.33939 -3.23358 1.3
    endloop
  endfacet
  facet normal 0 0 -1
    outer loop
      vertex -1.75 -3.03109 1.3
      vertex -1.75 3.03109 1.3
      vertex -1.33939 3.23358 1.3
    endloop
  endfacet
  facet normal 0 0 -1
    outer loop
      vertex -2.13066 -2.77674 1.3
      vertex -1.75 3.03109 1.3
      vertex -1.75 -3.03109 1.3
    endloop
  endfacet
  facet normal 0 0 -1
    outer loop
      vertex -2.13066 -2.77674 1.3
      vertex -2.13066 2.77674 1.3
      vertex -1.75 3.03109 1.3
    endloop
  endfacet
  facet normal 0 0 -1
    outer loop
      vertex -2.47487 -2.47487 1.3
      vertex -2.13066 2.77674 1.3
      vertex -2.13066 -2.77674 1.3
    endloop
  endfacet
  facet normal 0 0 -1
    outer loop
      vertex -2.47487 -2.47487 1.3
      vertex -2.47487 2.47487 1.3
      vertex -2.13066 2.77674 1.3
    endloop
  endfacet
  facet normal 0 0 -1
    outer loop
      vertex -2.77674 -2.13066 1.3
      vertex -2.47487 2.47487 1.3
      vertex -2.47487 -2.47487 1.3
    endloop
  endfacet
  facet normal 0 0 -1
    outer loop
      vertex -2.77674 -2.13066 1.3
      vertex -2.77674 2.13066 1.3
      vertex -2.47487 2.47487 1.3
    endloop
  endfacet
  facet normal 0 0 -1
    outer loop
      vertex -3.03109 -1.75 1.3
      vertex -2.77674 2.13066 1.3
      vertex -2.77674 -2.13066 1.3
    endloop
  endfacet
  facet normal 0 0 -1
    outer loop
      vertex -3.03109 -1.75 1.3
      vertex -3.03109 1.75 1.3
      vertex -2.77674 2.13066 1.3
    endloop
  endfacet
  facet normal 0 0 -1
    outer loop
      vertex -3.23358 -1.33939 1.3
      vertex -3.03109 1.75 1.3
      vertex -3.03109 -1.75 1.3
    endloop
  endfacet
  facet normal 0 0 -1
    outer loop
      vertex -3.23358 -1.33939 1.3
      vertex -3.23358 1.33939 1.3
      vertex -3.03109 1.75 1.3
    endloop
  endfacet
  facet normal 0 0 -1
    outer loop
      vertex -3.38074 -0.905867 1.3
      vertex -3.23358 1.33939 1.3
      vertex -3.23358 -1.33939 1.3
    endloop
  endfacet
  facet normal 0 0 -1
    outer loop
      vertex -3.38074 -0.905867 1.3
      vertex -3.38074 0.905867 1.3
      vertex -3.23358 1.33939 1.3
    endloop
  endfacet
  facet normal 0 0 -1
    outer loop
      vertex -3.47006 -0.456841 1.3
      vertex -3.38074 0.905867 1.3
      vertex -3.38074 -0.905867 1.3
    endloop
  endfacet
  facet normal 0 0 -1
    outer loop
      vertex -3.47006 -0.456841 1.3
      vertex -3.47006 0.456841 1.3
      vertex -3.38074 0.905867 1.3
    endloop
  endfacet
  facet normal 0 -0 -1
    outer loop
      vertex -3.47006 0.456841 1.3
      vertex -3.47006 -0.456841 1.3
      vertex -3.5 0 1.3
    endloop
  endfacet
  facet normal 0.195097 0.980784 -0
    outer loop
      vertex -0.456841 -3.47006 0
      vertex -0.905867 -3.38074 1.3
      vertex -0.456841 -3.47006 1.3
    endloop
  endfacet
  facet normal 0.195097 0.980784 0
    outer loop
      vertex -0.905867 -3.38074 1.3
      vertex -0.456841 -3.47006 0
      vertex -0.905867 -3.38074 0
    endloop
  endfacet
  facet normal 0.831468 -0.555572 0
    outer loop
      vertex -3.03109 1.75 1.3
      vertex -2.77674 2.13066 0
      vertex -2.77674 2.13066 1.3
    endloop
  endfacet
  facet normal 0.831468 -0.555572 0
    outer loop
      vertex -2.77674 2.13066 0
      vertex -3.03109 1.75 1.3
      vertex -3.03109 1.75 0
    endloop
  endfacet
  facet normal 0.0653967 0.997859 -0
    outer loop
      vertex 0 -3.5 0
      vertex -0.456841 -3.47006 1.3
      vertex 0 -3.5 1.3
    endloop
  endfacet
  facet normal 0.0653967 0.997859 0
    outer loop
      vertex -0.456841 -3.47006 1.3
      vertex 0 -3.5 0
      vertex -0.456841 -3.47006 0
    endloop
  endfacet
endsolid OpenSCAD_Model
