solid OpenSCAD_Model
  facet normal 0.659478 0.751724 -0
    outer loop
      vertex 87.1213 43.1213 0
      vertex 86.8263 43.3801 10.5
      vertex 87.1213 43.1213 10.5
    endloop
  endfacet
  facet normal 0.659478 0.751724 0
    outer loop
      vertex 86.8263 43.3801 10.5
      vertex 87.1213 43.1213 0
      vertex 86.8263 43.3801 0
    endloop
  endfacet
  facet normal -0.321442 -0.946929 0
    outer loop
      vertex 1.85195 0.228361 0
      vertex 2.22354 0.102222 10.5
      vertex 1.85195 0.228361 10.5
    endloop
  endfacet
  facet normal -0.321442 -0.946929 -0
    outer loop
      vertex 2.22354 0.102222 10.5
      vertex 1.85195 0.228361 0
      vertex 2.22354 0.102222 0
    endloop
  endfacet
  facet normal 0 0 1
    outer loop
      vertex 86.4 41 10.5
      vertex 88 41 10.5
      vertex 87.9743 41.3916 10.5
    endloop
  endfacet
  facet normal 0 0 1
    outer loop
      vertex 88 41 10.5
      vertex 86.4 41 10.5
      vertex 88 3 10.5
    endloop
  endfacet
  facet normal 0 0 1
    outer loop
      vertex 86.388 41.1827 10.5
      vertex 87.9743 41.3916 10.5
      vertex 87.8978 41.7765 10.5
    endloop
  endfacet
  facet normal 0 0 1
    outer loop
      vertex 86.4 3 10.5
      vertex 88 3 10.5
      vertex 86.4 41 10.5
    endloop
  endfacet
  facet normal 0 0 1
    outer loop
      vertex 86.3523 41.3623 10.5
      vertex 87.8978 41.7765 10.5
      vertex 87.7716 42.148 10.5
    endloop
  endfacet
  facet normal 0 0 1
    outer loop
      vertex 88 3 10.5
      vertex 86.4 3 10.5
      vertex 87.9743 2.60842 10.5
    endloop
  endfacet
  facet normal 0 0 1
    outer loop
      vertex 86.2934 41.5358 10.5
      vertex 87.7716 42.148 10.5
      vertex 87.5981 42.5 10.5
    endloop
  endfacet
  facet normal -0 0 1
    outer loop
      vertex 86.388 2.81726 10.5
      vertex 87.9743 2.60842 10.5
      vertex 86.4 3 10.5
    endloop
  endfacet
  facet normal 0 0 1
    outer loop
      vertex 86.2124 41.7 10.5
      vertex 87.5981 42.5 10.5
      vertex 87.3801 42.8263 10.5
    endloop
  endfacet
  facet normal 0 0 1
    outer loop
      vertex 87.9743 2.60842 10.5
      vertex 86.388 2.81726 10.5
      vertex 87.8978 2.22354 10.5
    endloop
  endfacet
  facet normal 0 0 1
    outer loop
      vertex 86.1107 41.8523 10.5
      vertex 87.3801 42.8263 10.5
      vertex 87.1213 43.1213 10.5
    endloop
  endfacet
  facet normal -0 0 1
    outer loop
      vertex 86.3523 2.63765 10.5
      vertex 87.8978 2.22354 10.5
      vertex 86.388 2.81726 10.5
    endloop
  endfacet
  facet normal 0 0 1
    outer loop
      vertex 85.9899 41.9899 10.5
      vertex 87.1213 43.1213 10.5
      vertex 86.8263 43.3801 10.5
    endloop
  endfacet
  facet normal 0 0 1
    outer loop
      vertex 87.8978 2.22354 10.5
      vertex 86.3523 2.63765 10.5
      vertex 87.7716 1.85195 10.5
    endloop
  endfacet
  facet normal 0 0 1
    outer loop
      vertex 85.8523 42.1107 10.5
      vertex 86.8263 43.3801 10.5
      vertex 86.5 43.5981 10.5
    endloop
  endfacet
  facet normal -0 0 1
    outer loop
      vertex 86.2934 2.46424 10.5
      vertex 87.7716 1.85195 10.5
      vertex 86.3523 2.63765 10.5
    endloop
  endfacet
  facet normal 0 0 1
    outer loop
      vertex 87.7716 1.85195 10.5
      vertex 86.2934 2.46424 10.5
      vertex 87.5981 1.5 10.5
    endloop
  endfacet
  facet normal 0 0 1
    outer loop
      vertex 87.9743 41.3916 10.5
      vertex 86.388 41.1827 10.5
      vertex 86.4 41 10.5
    endloop
  endfacet
  facet normal 0 0 1
    outer loop
      vertex 87.8978 41.7765 10.5
      vertex 86.3523 41.3623 10.5
      vertex 86.388 41.1827 10.5
    endloop
  endfacet
  facet normal 0 0 1
    outer loop
      vertex 87.7716 42.148 10.5
      vertex 86.2934 41.5358 10.5
      vertex 86.3523 41.3623 10.5
    endloop
  endfacet
  facet normal 0 0 1
    outer loop
      vertex 87.5981 42.5 10.5
      vertex 86.2124 41.7 10.5
      vertex 86.2934 41.5358 10.5
    endloop
  endfacet
  facet normal 0 0 1
    outer loop
      vertex 85.7 42.2124 10.5
      vertex 86.5 43.5981 10.5
      vertex 86.148 43.7716 10.5
    endloop
  endfacet
  facet normal 0 0 1
    outer loop
      vertex 87.3801 42.8263 10.5
      vertex 86.1107 41.8523 10.5
      vertex 86.2124 41.7 10.5
    endloop
  endfacet
  facet normal 0 0 1
    outer loop
      vertex 87.1213 43.1213 10.5
      vertex 85.9899 41.9899 10.5
      vertex 86.1107 41.8523 10.5
    endloop
  endfacet
  facet normal 0 0 1
    outer loop
      vertex 86.8263 43.3801 10.5
      vertex 85.8523 42.1107 10.5
      vertex 85.9899 41.9899 10.5
    endloop
  endfacet
  facet normal 0 0 1
    outer loop
      vertex 85.5358 42.2934 10.5
      vertex 86.148 43.7716 10.5
      vertex 85.7765 43.8978 10.5
    endloop
  endfacet
  facet normal 0 0 1
    outer loop
      vertex 86.5 43.5981 10.5
      vertex 85.7 42.2124 10.5
      vertex 85.8523 42.1107 10.5
    endloop
  endfacet
  facet normal 0 0 1
    outer loop
      vertex 86.148 43.7716 10.5
      vertex 85.5358 42.2934 10.5
      vertex 85.7 42.2124 10.5
    endloop
  endfacet
  facet normal 0 0 1
    outer loop
      vertex 85.3623 42.3523 10.5
      vertex 85.7765 43.8978 10.5
      vertex 85.3916 43.9743 10.5
    endloop
  endfacet
  facet normal 0 0 1
    outer loop
      vertex 85.7765 43.8978 10.5
      vertex 85.3623 42.3523 10.5
      vertex 85.5358 42.2934 10.5
    endloop
  endfacet
  facet normal 0 0 1
    outer loop
      vertex 85.3916 43.9743 10.5
      vertex 85.1827 42.388 10.5
      vertex 85.3623 42.3523 10.5
    endloop
  endfacet
  facet normal 0 0 1
    outer loop
      vertex 85 44 10.5
      vertex 85.1827 42.388 10.5
      vertex 85.3916 43.9743 10.5
    endloop
  endfacet
  facet normal 0 0 1
    outer loop
      vertex 85 44 10.5
      vertex 85 42.4 10.5
      vertex 85.1827 42.388 10.5
    endloop
  endfacet
  facet normal -0 0 1
    outer loop
      vertex 3 44 10.5
      vertex 85 42.4 10.5
      vertex 85 44 10.5
    endloop
  endfacet
  facet normal 0 0 1
    outer loop
      vertex 3 44 10.5
      vertex 3 42.4 10.5
      vertex 85 42.4 10.5
    endloop
  endfacet
  facet normal 0 0 1
    outer loop
      vertex 3 44 10.5
      vertex 2.81726 42.388 10.5
      vertex 3 42.4 10.5
    endloop
  endfacet
  facet normal -0 0 1
    outer loop
      vertex 2.60842 43.9743 10.5
      vertex 2.81726 42.388 10.5
      vertex 3 44 10.5
    endloop
  endfacet
  facet normal 0 0 1
    outer loop
      vertex 2.81726 42.388 10.5
      vertex 2.60842 43.9743 10.5
      vertex 2.63765 42.3523 10.5
    endloop
  endfacet
  facet normal -0 0 1
    outer loop
      vertex 2.22354 43.8978 10.5
      vertex 2.63765 42.3523 10.5
      vertex 2.60842 43.9743 10.5
    endloop
  endfacet
  facet normal 0 0 1
    outer loop
      vertex 2.63765 42.3523 10.5
      vertex 2.22354 43.8978 10.5
      vertex 2.46424 42.2934 10.5
    endloop
  endfacet
  facet normal -0 0 1
    outer loop
      vertex 1.85195 43.7716 10.5
      vertex 2.46424 42.2934 10.5
      vertex 2.22354 43.8978 10.5
    endloop
  endfacet
  facet normal 0 0 1
    outer loop
      vertex 2.46424 42.2934 10.5
      vertex 1.85195 43.7716 10.5
      vertex 2.3 42.2124 10.5
    endloop
  endfacet
  facet normal -0 0 1
    outer loop
      vertex 1.5 43.5981 10.5
      vertex 2.3 42.2124 10.5
      vertex 1.85195 43.7716 10.5
    endloop
  endfacet
  facet normal 0 0 1
    outer loop
      vertex 2.3 42.2124 10.5
      vertex 1.5 43.5981 10.5
      vertex 2.14773 42.1107 10.5
    endloop
  endfacet
  facet normal -0 0 1
    outer loop
      vertex 1.17372 43.3801 10.5
      vertex 2.14773 42.1107 10.5
      vertex 1.5 43.5981 10.5
    endloop
  endfacet
  facet normal 0 0 1
    outer loop
      vertex 2.14773 42.1107 10.5
      vertex 1.17372 43.3801 10.5
      vertex 2.01005 41.9899 10.5
    endloop
  endfacet
  facet normal -0 0 1
    outer loop
      vertex 0.878679 43.1213 10.5
      vertex 2.01005 41.9899 10.5
      vertex 1.17372 43.3801 10.5
    endloop
  endfacet
  facet normal 0 0 1
    outer loop
      vertex 2.01005 41.9899 10.5
      vertex 0.878679 43.1213 10.5
      vertex 1.8893 41.8523 10.5
    endloop
  endfacet
  facet normal -0 0 1
    outer loop
      vertex 0.61994 42.8263 10.5
      vertex 1.8893 41.8523 10.5
      vertex 0.878679 43.1213 10.5
    endloop
  endfacet
  facet normal 0 0 1
    outer loop
      vertex 1.78756 41.7 10.5
      vertex 0.401923 42.5 10.5
      vertex 1.70657 41.5358 10.5
    endloop
  endfacet
  facet normal -0 0 1
    outer loop
      vertex 0.401923 42.5 10.5
      vertex 1.78756 41.7 10.5
      vertex 0.61994 42.8263 10.5
    endloop
  endfacet
  facet normal 0 0 1
    outer loop
      vertex 1.8893 41.8523 10.5
      vertex 0.61994 42.8263 10.5
      vertex 1.78756 41.7 10.5
    endloop
  endfacet
  facet normal -0 0 1
    outer loop
      vertex 86.2124 2.3 10.5
      vertex 87.5981 1.5 10.5
      vertex 86.2934 2.46424 10.5
    endloop
  endfacet
  facet normal 0 0 1
    outer loop
      vertex 87.5981 1.5 10.5
      vertex 86.2124 2.3 10.5
      vertex 87.3801 1.17372 10.5
    endloop
  endfacet
  facet normal -0 0 1
    outer loop
      vertex 86.1107 2.14773 10.5
      vertex 87.3801 1.17372 10.5
      vertex 86.2124 2.3 10.5
    endloop
  endfacet
  facet normal 0 0 1
    outer loop
      vertex 87.3801 1.17372 10.5
      vertex 86.1107 2.14773 10.5
      vertex 87.1213 0.878679 10.5
    endloop
  endfacet
  facet normal -0 0 1
    outer loop
      vertex 85.9899 2.01005 10.5
      vertex 87.1213 0.878679 10.5
      vertex 86.1107 2.14773 10.5
    endloop
  endfacet
  facet normal 0 0 1
    outer loop
      vertex 87.1213 0.878679 10.5
      vertex 85.9899 2.01005 10.5
      vertex 86.8263 0.61994 10.5
    endloop
  endfacet
  facet normal -0 0 1
    outer loop
      vertex 85.8523 1.8893 10.5
      vertex 86.8263 0.61994 10.5
      vertex 85.9899 2.01005 10.5
    endloop
  endfacet
  facet normal 0 0 1
    outer loop
      vertex 86.8263 0.61994 10.5
      vertex 85.8523 1.8893 10.5
      vertex 86.5 0.401923 10.5
    endloop
  endfacet
  facet normal -0 0 1
    outer loop
      vertex 85.7 1.78756 10.5
      vertex 86.5 0.401923 10.5
      vertex 85.8523 1.8893 10.5
    endloop
  endfacet
  facet normal 0 0 1
    outer loop
      vertex 86.5 0.401923 10.5
      vertex 85.7 1.78756 10.5
      vertex 86.148 0.228361 10.5
    endloop
  endfacet
  facet normal -0 0 1
    outer loop
      vertex 85.5358 1.70657 10.5
      vertex 86.148 0.228361 10.5
      vertex 85.7 1.78756 10.5
    endloop
  endfacet
  facet normal 0 0 1
    outer loop
      vertex 86.148 0.228361 10.5
      vertex 85.5358 1.70657 10.5
      vertex 85.7765 0.102222 10.5
    endloop
  endfacet
  facet normal -0 0 1
    outer loop
      vertex 85.3623 1.6477 10.5
      vertex 85.7765 0.102222 10.5
      vertex 85.5358 1.70657 10.5
    endloop
  endfacet
  facet normal 0 0 1
    outer loop
      vertex 85.7765 0.102222 10.5
      vertex 85.3623 1.6477 10.5
      vertex 85.3916 0.0256653 10.5
    endloop
  endfacet
  facet normal -0 0 1
    outer loop
      vertex 85.1827 1.61198 10.5
      vertex 85.3916 0.0256653 10.5
      vertex 85.3623 1.6477 10.5
    endloop
  endfacet
  facet normal -0 0 1
    outer loop
      vertex 85 1.6 10.5
      vertex 85.3916 0.0256653 10.5
      vertex 85.1827 1.61198 10.5
    endloop
  endfacet
  facet normal 0 0 1
    outer loop
      vertex 85 1.6 10.5
      vertex 85 0 10.5
      vertex 85.3916 0.0256653 10.5
    endloop
  endfacet
  facet normal 0 0 1
    outer loop
      vertex 85 1.6 10.5
      vertex 3 0 10.5
      vertex 85 0 10.5
    endloop
  endfacet
  facet normal -0 0 1
    outer loop
      vertex 3 1.6 10.5
      vertex 3 0 10.5
      vertex 85 1.6 10.5
    endloop
  endfacet
  facet normal 0 0 1
    outer loop
      vertex 2.81726 1.61198 10.5
      vertex 3 0 10.5
      vertex 3 1.6 10.5
    endloop
  endfacet
  facet normal 0 0 1
    outer loop
      vertex 2.60842 0.0256653 10.5
      vertex 2.81726 1.61198 10.5
      vertex 2.63765 1.6477 10.5
    endloop
  endfacet
  facet normal 0 0 1
    outer loop
      vertex 2.81726 1.61198 10.5
      vertex 2.60842 0.0256653 10.5
      vertex 3 0 10.5
    endloop
  endfacet
  facet normal 0 0 1
    outer loop
      vertex 2.22354 0.102222 10.5
      vertex 2.63765 1.6477 10.5
      vertex 2.46424 1.70657 10.5
    endloop
  endfacet
  facet normal 0 0 1
    outer loop
      vertex 1.85195 0.228361 10.5
      vertex 2.46424 1.70657 10.5
      vertex 2.3 1.78756 10.5
    endloop
  endfacet
  facet normal 0 0 1
    outer loop
      vertex 2.63765 1.6477 10.5
      vertex 2.22354 0.102222 10.5
      vertex 2.60842 0.0256653 10.5
    endloop
  endfacet
  facet normal 0 0 1
    outer loop
      vertex 1.5 0.401923 10.5
      vertex 2.3 1.78756 10.5
      vertex 2.14773 1.8893 10.5
    endloop
  endfacet
  facet normal 0 0 1
    outer loop
      vertex 1.17372 0.61994 10.5
      vertex 2.14773 1.8893 10.5
      vertex 2.01005 2.01005 10.5
    endloop
  endfacet
  facet normal 0 0 1
    outer loop
      vertex 0.878679 0.878679 10.5
      vertex 2.01005 2.01005 10.5
      vertex 1.8893 2.14773 10.5
    endloop
  endfacet
  facet normal 0 0 1
    outer loop
      vertex 2.46424 1.70657 10.5
      vertex 1.85195 0.228361 10.5
      vertex 2.22354 0.102222 10.5
    endloop
  endfacet
  facet normal 0 0 1
    outer loop
      vertex 0.61994 1.17372 10.5
      vertex 1.8893 2.14773 10.5
      vertex 1.78756 2.3 10.5
    endloop
  endfacet
  facet normal 0 0 1
    outer loop
      vertex 0.401923 1.5 10.5
      vertex 1.78756 2.3 10.5
      vertex 1.70657 2.46424 10.5
    endloop
  endfacet
  facet normal 0 0 1
    outer loop
      vertex 0.228361 1.85195 10.5
      vertex 1.70657 2.46424 10.5
      vertex 1.6477 2.63765 10.5
    endloop
  endfacet
  facet normal 0 0 1
    outer loop
      vertex 0.102222 2.22354 10.5
      vertex 1.6477 2.63765 10.5
      vertex 1.61198 2.81726 10.5
    endloop
  endfacet
  facet normal 0 0 1
    outer loop
      vertex 2.3 1.78756 10.5
      vertex 1.5 0.401923 10.5
      vertex 1.85195 0.228361 10.5
    endloop
  endfacet
  facet normal 0 0 1
    outer loop
      vertex 0.0256653 2.60842 10.5
      vertex 1.61198 2.81726 10.5
      vertex 1.6 3 10.5
    endloop
  endfacet
  facet normal 0 0 1
    outer loop
      vertex 1.6 41 10.5
      vertex 0 41 10.5
      vertex 1.6 3 10.5
    endloop
  endfacet
  facet normal -0 0 1
    outer loop
      vertex 0.228361 42.148 10.5
      vertex 1.70657 41.5358 10.5
      vertex 0.401923 42.5 10.5
    endloop
  endfacet
  facet normal 0 0 1
    outer loop
      vertex 0 3 10.5
      vertex 1.6 3 10.5
      vertex 0 41 10.5
    endloop
  endfacet
  facet normal 0 0 1
    outer loop
      vertex 1.70657 41.5358 10.5
      vertex 0.228361 42.148 10.5
      vertex 1.6477 41.3623 10.5
    endloop
  endfacet
  facet normal 0 -0 1
    outer loop
      vertex 0.0256653 2.60842 10.5
      vertex 1.6 3 10.5
      vertex 0 3 10.5
    endloop
  endfacet
  facet normal -0 0 1
    outer loop
      vertex 0.102222 41.7765 10.5
      vertex 1.6477 41.3623 10.5
      vertex 0.228361 42.148 10.5
    endloop
  endfacet
  facet normal 0 0 1
    outer loop
      vertex 2.14773 1.8893 10.5
      vertex 1.17372 0.61994 10.5
      vertex 1.5 0.401923 10.5
    endloop
  endfacet
  facet normal 0 0 1
    outer loop
      vertex 1.6477 41.3623 10.5
      vertex 0.102222 41.7765 10.5
      vertex 1.61198 41.1827 10.5
    endloop
  endfacet
  facet normal 0 0 1
    outer loop
      vertex 2.01005 2.01005 10.5
      vertex 0.878679 0.878679 10.5
      vertex 1.17372 0.61994 10.5
    endloop
  endfacet
  facet normal -0 0 1
    outer loop
      vertex 0.0256653 41.3916 10.5
      vertex 1.61198 41.1827 10.5
      vertex 0.102222 41.7765 10.5
    endloop
  endfacet
  facet normal 0 0 1
    outer loop
      vertex 1.8893 2.14773 10.5
      vertex 0.61994 1.17372 10.5
      vertex 0.878679 0.878679 10.5
    endloop
  endfacet
  facet normal 0 0 1
    outer loop
      vertex 1.61198 41.1827 10.5
      vertex 0.0256653 41.3916 10.5
      vertex 1.6 41 10.5
    endloop
  endfacet
  facet normal 0 0 1
    outer loop
      vertex 1.78756 2.3 10.5
      vertex 0.401923 1.5 10.5
      vertex 0.61994 1.17372 10.5
    endloop
  endfacet
  facet normal 0 0 1
    outer loop
      vertex 1.6 41 10.5
      vertex 0.0256653 41.3916 10.5
      vertex 0 41 10.5
    endloop
  endfacet
  facet normal 0 0 1
    outer loop
      vertex 1.70657 2.46424 10.5
      vertex 0.228361 1.85195 10.5
      vertex 0.401923 1.5 10.5
    endloop
  endfacet
  facet normal 0 0 1
    outer loop
      vertex 1.6477 2.63765 10.5
      vertex 0.102222 2.22354 10.5
      vertex 0.228361 1.85195 10.5
    endloop
  endfacet
  facet normal 0 0 1
    outer loop
      vertex 1.61198 2.81726 10.5
      vertex 0.0256653 2.60842 10.5
      vertex 0.102222 2.22354 10.5
    endloop
  endfacet
  facet normal 0 0 1
    outer loop
      vertex 7.85 6.5 10.5
      vertex 10.1 6.5 10.5
      vertex 10.0692 6.96989 10.5
    endloop
  endfacet
  facet normal 0 0 1
    outer loop
      vertex 7.83845 6.67621 10.5
      vertex 10.0692 6.96989 10.5
      vertex 9.97733 7.43175 10.5
    endloop
  endfacet
  facet normal 0 0 1
    outer loop
      vertex 10.1 6.5 10.5
      vertex 7.85 6.5 10.5
      vertex 10.0692 6.03011 10.5
    endloop
  endfacet
  facet normal 0 0 1
    outer loop
      vertex 7.804 6.84941 10.5
      vertex 9.97733 7.43175 10.5
      vertex 9.82597 7.87766 10.5
    endloop
  endfacet
  facet normal -0 0 1
    outer loop
      vertex 7.83845 6.32379 10.5
      vertex 10.0692 6.03011 10.5
      vertex 7.85 6.5 10.5
    endloop
  endfacet
  facet normal 0 0 1
    outer loop
      vertex 7.74724 7.01662 10.5
      vertex 9.82597 7.87766 10.5
      vertex 9.61769 8.3 10.5
    endloop
  endfacet
  facet normal 0 0 1
    outer loop
      vertex 10.0692 6.03011 10.5
      vertex 7.83845 6.32379 10.5
      vertex 9.97733 5.56825 10.5
    endloop
  endfacet
  facet normal 0 0 1
    outer loop
      vertex 7.66913 7.175 10.5
      vertex 9.61769 8.3 10.5
      vertex 9.35607 8.69154 10.5
    endloop
  endfacet
  facet normal -0 0 1
    outer loop
      vertex 7.804 6.15059 10.5
      vertex 9.97733 5.56825 10.5
      vertex 7.83845 6.32379 10.5
    endloop
  endfacet
  facet normal 0 0 1
    outer loop
      vertex 7.57103 7.32183 10.5
      vertex 9.35607 8.69154 10.5
      vertex 9.04558 9.04558 10.5
    endloop
  endfacet
  facet normal 0 0 1
    outer loop
      vertex 9.97733 5.56825 10.5
      vertex 7.804 6.15059 10.5
      vertex 9.82597 5.12234 10.5
    endloop
  endfacet
  facet normal 0 0 1
    outer loop
      vertex 7.45459 7.45459 10.5
      vertex 9.04558 9.04558 10.5
      vertex 8.69154 9.35607 10.5
    endloop
  endfacet
  facet normal -0 0 1
    outer loop
      vertex 7.74724 5.98338 10.5
      vertex 9.82597 5.12234 10.5
      vertex 7.804 6.15059 10.5
    endloop
  endfacet
  facet normal 0 0 1
    outer loop
      vertex 7.32183 7.57103 10.5
      vertex 8.69154 9.35607 10.5
      vertex 8.3 9.61769 10.5
    endloop
  endfacet
  facet normal 0 0 1
    outer loop
      vertex 9.82597 5.12234 10.5
      vertex 7.74724 5.98338 10.5
      vertex 9.61769 4.7 10.5
    endloop
  endfacet
  facet normal 0 0 1
    outer loop
      vertex 7.175 7.66913 10.5
      vertex 8.3 9.61769 10.5
      vertex 7.87766 9.82597 10.5
    endloop
  endfacet
  facet normal -0 0 1
    outer loop
      vertex 7.66913 5.825 10.5
      vertex 9.61769 4.7 10.5
      vertex 7.74724 5.98338 10.5
    endloop
  endfacet
  facet normal 0 0 1
    outer loop
      vertex 9.61769 4.7 10.5
      vertex 7.66913 5.825 10.5
      vertex 9.35607 4.30846 10.5
    endloop
  endfacet
  facet normal 0 0 1
    outer loop
      vertex 10.0692 6.96989 10.5
      vertex 7.83845 6.67621 10.5
      vertex 7.85 6.5 10.5
    endloop
  endfacet
  facet normal 0 0 1
    outer loop
      vertex 9.97733 7.43175 10.5
      vertex 7.804 6.84941 10.5
      vertex 7.83845 6.67621 10.5
    endloop
  endfacet
  facet normal 0 0 1
    outer loop
      vertex 9.82597 7.87766 10.5
      vertex 7.74724 7.01662 10.5
      vertex 7.804 6.84941 10.5
    endloop
  endfacet
  facet normal 0 0 1
    outer loop
      vertex 9.61769 8.3 10.5
      vertex 7.66913 7.175 10.5
      vertex 7.74724 7.01662 10.5
    endloop
  endfacet
  facet normal 0 0 1
    outer loop
      vertex 9.35607 8.69154 10.5
      vertex 7.57103 7.32183 10.5
      vertex 7.66913 7.175 10.5
    endloop
  endfacet
  facet normal 0 0 1
    outer loop
      vertex 9.04558 9.04558 10.5
      vertex 7.45459 7.45459 10.5
      vertex 7.57103 7.32183 10.5
    endloop
  endfacet
  facet normal 0 0 1
    outer loop
      vertex 7.01662 7.74724 10.5
      vertex 7.87766 9.82597 10.5
      vertex 7.43175 9.97733 10.5
    endloop
  endfacet
  facet normal 0 0 1
    outer loop
      vertex 8.69154 9.35607 10.5
      vertex 7.32183 7.57103 10.5
      vertex 7.45459 7.45459 10.5
    endloop
  endfacet
  facet normal 0 0 1
    outer loop
      vertex 8.3 9.61769 10.5
      vertex 7.175 7.66913 10.5
      vertex 7.32183 7.57103 10.5
    endloop
  endfacet
  facet normal 0 0 1
    outer loop
      vertex 7.87766 9.82597 10.5
      vertex 7.01662 7.74724 10.5
      vertex 7.175 7.66913 10.5
    endloop
  endfacet
  facet normal 0 0 1
    outer loop
      vertex 6.84941 7.804 10.5
      vertex 7.43175 9.97733 10.5
      vertex 6.96989 10.0692 10.5
    endloop
  endfacet
  facet normal 0 0 1
    outer loop
      vertex 7.43175 9.97733 10.5
      vertex 6.84941 7.804 10.5
      vertex 7.01662 7.74724 10.5
    endloop
  endfacet
  facet normal 0 0 1
    outer loop
      vertex 6.96989 10.0692 10.5
      vertex 6.67621 7.83845 10.5
      vertex 6.84941 7.804 10.5
    endloop
  endfacet
  facet normal 0 0 1
    outer loop
      vertex 6.5 10.1 10.5
      vertex 6.67621 7.83845 10.5
      vertex 6.96989 10.0692 10.5
    endloop
  endfacet
  facet normal 0 0 1
    outer loop
      vertex 6.5 10.1 10.5
      vertex 6.5 7.85 10.5
      vertex 6.67621 7.83845 10.5
    endloop
  endfacet
  facet normal 0 0 1
    outer loop
      vertex 6.5 10.1 10.5
      vertex 6.32379 7.83845 10.5
      vertex 6.5 7.85 10.5
    endloop
  endfacet
  facet normal -0 0 1
    outer loop
      vertex 6.03011 10.0692 10.5
      vertex 6.32379 7.83845 10.5
      vertex 6.5 10.1 10.5
    endloop
  endfacet
  facet normal 0 0 1
    outer loop
      vertex 6.32379 7.83845 10.5
      vertex 6.03011 10.0692 10.5
      vertex 6.15059 7.804 10.5
    endloop
  endfacet
  facet normal -0 0 1
    outer loop
      vertex 5.56825 9.97733 10.5
      vertex 6.15059 7.804 10.5
      vertex 6.03011 10.0692 10.5
    endloop
  endfacet
  facet normal 0 0 1
    outer loop
      vertex 6.15059 7.804 10.5
      vertex 5.56825 9.97733 10.5
      vertex 5.98338 7.74724 10.5
    endloop
  endfacet
  facet normal -0 0 1
    outer loop
      vertex 5.12234 9.82597 10.5
      vertex 5.98338 7.74724 10.5
      vertex 5.56825 9.97733 10.5
    endloop
  endfacet
  facet normal 0 0 1
    outer loop
      vertex 5.98338 7.74724 10.5
      vertex 5.12234 9.82597 10.5
      vertex 5.825 7.66913 10.5
    endloop
  endfacet
  facet normal -0 0 1
    outer loop
      vertex 4.7 9.61769 10.5
      vertex 5.825 7.66913 10.5
      vertex 5.12234 9.82597 10.5
    endloop
  endfacet
  facet normal 0 0 1
    outer loop
      vertex 5.825 7.66913 10.5
      vertex 4.7 9.61769 10.5
      vertex 5.67817 7.57103 10.5
    endloop
  endfacet
  facet normal -0 0 1
    outer loop
      vertex 4.30846 9.35607 10.5
      vertex 5.67817 7.57103 10.5
      vertex 4.7 9.61769 10.5
    endloop
  endfacet
  facet normal 0 0 1
    outer loop
      vertex 5.67817 7.57103 10.5
      vertex 4.30846 9.35607 10.5
      vertex 5.54541 7.45459 10.5
    endloop
  endfacet
  facet normal -0 0 1
    outer loop
      vertex 3.95442 9.04558 10.5
      vertex 5.54541 7.45459 10.5
      vertex 4.30846 9.35607 10.5
    endloop
  endfacet
  facet normal 0 0 1
    outer loop
      vertex 5.54541 7.45459 10.5
      vertex 3.95442 9.04558 10.5
      vertex 5.42897 7.32183 10.5
    endloop
  endfacet
  facet normal 0 0 1
    outer loop
      vertex 5.42897 7.32183 10.5
      vertex 3.64393 8.69154 10.5
      vertex 5.33086 7.175 10.5
    endloop
  endfacet
  facet normal -0 0 1
    outer loop
      vertex 3.64393 8.69154 10.5
      vertex 5.42897 7.32183 10.5
      vertex 3.95442 9.04558 10.5
    endloop
  endfacet
  facet normal -0 0 1
    outer loop
      vertex 7.57103 5.67817 10.5
      vertex 9.35607 4.30846 10.5
      vertex 7.66913 5.825 10.5
    endloop
  endfacet
  facet normal 0 0 1
    outer loop
      vertex 9.35607 4.30846 10.5
      vertex 7.57103 5.67817 10.5
      vertex 9.04558 3.95442 10.5
    endloop
  endfacet
  facet normal -0 0 1
    outer loop
      vertex 7.45459 5.54541 10.5
      vertex 9.04558 3.95442 10.5
      vertex 7.57103 5.67817 10.5
    endloop
  endfacet
  facet normal 0 0 1
    outer loop
      vertex 9.04558 3.95442 10.5
      vertex 7.45459 5.54541 10.5
      vertex 8.69154 3.64393 10.5
    endloop
  endfacet
  facet normal -0 0 1
    outer loop
      vertex 7.32183 5.42897 10.5
      vertex 8.69154 3.64393 10.5
      vertex 7.45459 5.54541 10.5
    endloop
  endfacet
  facet normal 0 0 1
    outer loop
      vertex 8.69154 3.64393 10.5
      vertex 7.32183 5.42897 10.5
      vertex 8.3 3.38231 10.5
    endloop
  endfacet
  facet normal -0 0 1
    outer loop
      vertex 7.175 5.33086 10.5
      vertex 8.3 3.38231 10.5
      vertex 7.32183 5.42897 10.5
    endloop
  endfacet
  facet normal 0 0 1
    outer loop
      vertex 8.3 3.38231 10.5
      vertex 7.175 5.33086 10.5
      vertex 7.87766 3.17403 10.5
    endloop
  endfacet
  facet normal -0 0 1
    outer loop
      vertex 7.01662 5.25276 10.5
      vertex 7.87766 3.17403 10.5
      vertex 7.175 5.33086 10.5
    endloop
  endfacet
  facet normal 0 0 1
    outer loop
      vertex 7.87766 3.17403 10.5
      vertex 7.01662 5.25276 10.5
      vertex 7.43175 3.02267 10.5
    endloop
  endfacet
  facet normal 0 0 1
    outer loop
      vertex 4.7 3.38231 10.5
      vertex 5.825 5.33086 10.5
      vertex 5.67817 5.42897 10.5
    endloop
  endfacet
  facet normal 0 0 1
    outer loop
      vertex 5.825 5.33086 10.5
      vertex 5.56825 3.02267 10.5
      vertex 5.6822 3 10.5
    endloop
  endfacet
  facet normal 0 0 1
    outer loop
      vertex 4.30846 3.64393 10.5
      vertex 5.67817 5.42897 10.5
      vertex 5.54541 5.54541 10.5
    endloop
  endfacet
  facet normal 0 0 1
    outer loop
      vertex 3.95442 3.95442 10.5
      vertex 5.54541 5.54541 10.5
      vertex 5.42897 5.67817 10.5
    endloop
  endfacet
  facet normal 0 0 1
    outer loop
      vertex 3.64393 4.30846 10.5
      vertex 5.42897 5.67817 10.5
      vertex 5.33086 5.825 10.5
    endloop
  endfacet
  facet normal 0 0 1
    outer loop
      vertex 3.38231 4.7 10.5
      vertex 5.33086 5.825 10.5
      vertex 5.25276 5.98338 10.5
    endloop
  endfacet
  facet normal 0 0 1
    outer loop
      vertex 3.17403 5.12234 10.5
      vertex 5.25276 5.98338 10.5
      vertex 5.196 6.15059 10.5
    endloop
  endfacet
  facet normal 0 0 1
    outer loop
      vertex 3 5.6822 10.5
      vertex 5.196 6.15059 10.5
      vertex 5.16155 6.32379 10.5
    endloop
  endfacet
  facet normal 0 0 1
    outer loop
      vertex 5.825 5.33086 10.5
      vertex 5.12234 3.17403 10.5
      vertex 5.56825 3.02267 10.5
    endloop
  endfacet
  facet normal 0 0 1
    outer loop
      vertex 3 5.6822 10.5
      vertex 5.16155 6.32379 10.5
      vertex 5.15 6.5 10.5
    endloop
  endfacet
  facet normal -0 0 1
    outer loop
      vertex 3.38231 8.3 10.5
      vertex 5.33086 7.175 10.5
      vertex 3.64393 8.69154 10.5
    endloop
  endfacet
  facet normal 0 0 1
    outer loop
      vertex 5.33086 7.175 10.5
      vertex 3.38231 8.3 10.5
      vertex 5.25276 7.01662 10.5
    endloop
  endfacet
  facet normal 0 0 1
    outer loop
      vertex 5.825 5.33086 10.5
      vertex 4.7 3.38231 10.5
      vertex 5.12234 3.17403 10.5
    endloop
  endfacet
  facet normal -0 0 1
    outer loop
      vertex 3.17403 7.87766 10.5
      vertex 5.25276 7.01662 10.5
      vertex 3.38231 8.3 10.5
    endloop
  endfacet
  facet normal 0 0 1
    outer loop
      vertex 5.67817 5.42897 10.5
      vertex 4.30846 3.64393 10.5
      vertex 4.7 3.38231 10.5
    endloop
  endfacet
  facet normal 0 0 1
    outer loop
      vertex 5.25276 7.01662 10.5
      vertex 3.17403 7.87766 10.5
      vertex 5.196 6.84941 10.5
    endloop
  endfacet
  facet normal 0 0 1
    outer loop
      vertex 5.54541 5.54541 10.5
      vertex 3.95442 3.95442 10.5
      vertex 4.30846 3.64393 10.5
    endloop
  endfacet
  facet normal -0 0 1
    outer loop
      vertex 3.02267 7.43175 10.5
      vertex 5.196 6.84941 10.5
      vertex 3.17403 7.87766 10.5
    endloop
  endfacet
  facet normal 0 0 1
    outer loop
      vertex 5.42897 5.67817 10.5
      vertex 3.64393 4.30846 10.5
      vertex 3.95442 3.95442 10.5
    endloop
  endfacet
  facet normal -0 0 1
    outer loop
      vertex 3 7.31779 10.5
      vertex 5.196 6.84941 10.5
      vertex 3.02267 7.43175 10.5
    endloop
  endfacet
  facet normal 0 0 1
    outer loop
      vertex 5.33086 5.825 10.5
      vertex 3.38231 4.7 10.5
      vertex 3.64393 4.30846 10.5
    endloop
  endfacet
  facet normal 0 0 1
    outer loop
      vertex 5.196 6.84941 10.5
      vertex 3 7.31779 10.5
      vertex 5.16155 6.67621 10.5
    endloop
  endfacet
  facet normal 0 0 1
    outer loop
      vertex 3 5.6822 10.5
      vertex 5.15 6.5 10.5
      vertex 3 7.31779 10.5
    endloop
  endfacet
  facet normal 0 0 1
    outer loop
      vertex 5.16155 6.67621 10.5
      vertex 3 7.31779 10.5
      vertex 5.15 6.5 10.5
    endloop
  endfacet
  facet normal 0 0 1
    outer loop
      vertex 5.196 6.15059 10.5
      vertex 3 5.6822 10.5
      vertex 3.02267 5.56825 10.5
    endloop
  endfacet
  facet normal 0 0 1
    outer loop
      vertex 5.25276 5.98338 10.5
      vertex 3.17403 5.12234 10.5
      vertex 3.38231 4.7 10.5
    endloop
  endfacet
  facet normal 0 0 1
    outer loop
      vertex 5.196 6.15059 10.5
      vertex 3.02267 5.56825 10.5
      vertex 3.17403 5.12234 10.5
    endloop
  endfacet
  facet normal 0 0 1
    outer loop
      vertex 7.85 37.5 10.5
      vertex 10.1 37.5 10.5
      vertex 10.0692 37.9699 10.5
    endloop
  endfacet
  facet normal 0 0 1
    outer loop
      vertex 7.83845 37.6762 10.5
      vertex 10.0692 37.9699 10.5
      vertex 9.97733 38.4317 10.5
    endloop
  endfacet
  facet normal 0 0 1
    outer loop
      vertex 10.1 37.5 10.5
      vertex 7.85 37.5 10.5
      vertex 10.0692 37.0301 10.5
    endloop
  endfacet
  facet normal 0 0 1
    outer loop
      vertex 7.804 37.8494 10.5
      vertex 9.97733 38.4317 10.5
      vertex 9.82597 38.8777 10.5
    endloop
  endfacet
  facet normal -0 0 1
    outer loop
      vertex 7.83845 37.3238 10.5
      vertex 10.0692 37.0301 10.5
      vertex 7.85 37.5 10.5
    endloop
  endfacet
  facet normal 0 0 1
    outer loop
      vertex 7.74724 38.0166 10.5
      vertex 9.82597 38.8777 10.5
      vertex 9.61769 39.3 10.5
    endloop
  endfacet
  facet normal 0 0 1
    outer loop
      vertex 10.0692 37.0301 10.5
      vertex 7.83845 37.3238 10.5
      vertex 9.97733 36.5683 10.5
    endloop
  endfacet
  facet normal 0 0 1
    outer loop
      vertex 7.66913 38.175 10.5
      vertex 9.61769 39.3 10.5
      vertex 9.35607 39.6915 10.5
    endloop
  endfacet
  facet normal -0 0 1
    outer loop
      vertex 7.804 37.1506 10.5
      vertex 9.97733 36.5683 10.5
      vertex 7.83845 37.3238 10.5
    endloop
  endfacet
  facet normal 0 0 1
    outer loop
      vertex 7.57103 38.3218 10.5
      vertex 9.35607 39.6915 10.5
      vertex 9.04558 40.0456 10.5
    endloop
  endfacet
  facet normal 0 0 1
    outer loop
      vertex 9.97733 36.5683 10.5
      vertex 7.804 37.1506 10.5
      vertex 9.82597 36.1223 10.5
    endloop
  endfacet
  facet normal 0 0 1
    outer loop
      vertex 7.45459 38.4546 10.5
      vertex 9.04558 40.0456 10.5
      vertex 8.69154 40.3561 10.5
    endloop
  endfacet
  facet normal -0 0 1
    outer loop
      vertex 7.74724 36.9834 10.5
      vertex 9.82597 36.1223 10.5
      vertex 7.804 37.1506 10.5
    endloop
  endfacet
  facet normal 0 0 1
    outer loop
      vertex 7.32183 38.571 10.5
      vertex 8.69154 40.3561 10.5
      vertex 8.3 40.6177 10.5
    endloop
  endfacet
  facet normal 0 0 1
    outer loop
      vertex 9.82597 36.1223 10.5
      vertex 7.74724 36.9834 10.5
      vertex 9.61769 35.7 10.5
    endloop
  endfacet
  facet normal 0 0 1
    outer loop
      vertex 7.175 38.6691 10.5
      vertex 8.3 40.6177 10.5
      vertex 7.87766 40.826 10.5
    endloop
  endfacet
  facet normal -0 0 1
    outer loop
      vertex 7.66913 36.825 10.5
      vertex 9.61769 35.7 10.5
      vertex 7.74724 36.9834 10.5
    endloop
  endfacet
  facet normal 0 0 1
    outer loop
      vertex 9.61769 35.7 10.5
      vertex 7.66913 36.825 10.5
      vertex 9.35607 35.3085 10.5
    endloop
  endfacet
  facet normal 0 0 1
    outer loop
      vertex 10.0692 37.9699 10.5
      vertex 7.83845 37.6762 10.5
      vertex 7.85 37.5 10.5
    endloop
  endfacet
  facet normal 0 0 1
    outer loop
      vertex 9.97733 38.4317 10.5
      vertex 7.804 37.8494 10.5
      vertex 7.83845 37.6762 10.5
    endloop
  endfacet
  facet normal 0 0 1
    outer loop
      vertex 9.82597 38.8777 10.5
      vertex 7.74724 38.0166 10.5
      vertex 7.804 37.8494 10.5
    endloop
  endfacet
  facet normal 0 0 1
    outer loop
      vertex 9.61769 39.3 10.5
      vertex 7.66913 38.175 10.5
      vertex 7.74724 38.0166 10.5
    endloop
  endfacet
  facet normal 0 0 1
    outer loop
      vertex 9.35607 39.6915 10.5
      vertex 7.57103 38.3218 10.5
      vertex 7.66913 38.175 10.5
    endloop
  endfacet
  facet normal 0 0 1
    outer loop
      vertex 9.04558 40.0456 10.5
      vertex 7.45459 38.4546 10.5
      vertex 7.57103 38.3218 10.5
    endloop
  endfacet
  facet normal 0 0 1
    outer loop
      vertex 7.01662 38.7472 10.5
      vertex 7.87766 40.826 10.5
      vertex 7.43175 40.9773 10.5
    endloop
  endfacet
  facet normal 0 0 1
    outer loop
      vertex 8.69154 40.3561 10.5
      vertex 7.32183 38.571 10.5
      vertex 7.45459 38.4546 10.5
    endloop
  endfacet
  facet normal 0 0 1
    outer loop
      vertex 6.84941 38.804 10.5
      vertex 7.43175 40.9773 10.5
      vertex 7.31779 41 10.5
    endloop
  endfacet
  facet normal 0 0 1
    outer loop
      vertex 8.3 40.6177 10.5
      vertex 7.175 38.6691 10.5
      vertex 7.32183 38.571 10.5
    endloop
  endfacet
  facet normal -0 0 1
    outer loop
      vertex 7.57103 36.6782 10.5
      vertex 9.35607 35.3085 10.5
      vertex 7.66913 36.825 10.5
    endloop
  endfacet
  facet normal 0 0 1
    outer loop
      vertex 9.35607 35.3085 10.5
      vertex 7.57103 36.6782 10.5
      vertex 9.04558 34.9544 10.5
    endloop
  endfacet
  facet normal -0 0 1
    outer loop
      vertex 7.45459 36.5454 10.5
      vertex 9.04558 34.9544 10.5
      vertex 7.57103 36.6782 10.5
    endloop
  endfacet
  facet normal 0 0 1
    outer loop
      vertex 9.04558 34.9544 10.5
      vertex 7.45459 36.5454 10.5
      vertex 8.69154 34.6439 10.5
    endloop
  endfacet
  facet normal -0 0 1
    outer loop
      vertex 7.32183 36.429 10.5
      vertex 8.69154 34.6439 10.5
      vertex 7.45459 36.5454 10.5
    endloop
  endfacet
  facet normal 0 0 1
    outer loop
      vertex 8.69154 34.6439 10.5
      vertex 7.32183 36.429 10.5
      vertex 8.3 34.3823 10.5
    endloop
  endfacet
  facet normal -0 0 1
    outer loop
      vertex 7.175 36.3309 10.5
      vertex 8.3 34.3823 10.5
      vertex 7.32183 36.429 10.5
    endloop
  endfacet
  facet normal 0 0 1
    outer loop
      vertex 8.3 34.3823 10.5
      vertex 7.175 36.3309 10.5
      vertex 7.87766 34.174 10.5
    endloop
  endfacet
  facet normal -0 0 1
    outer loop
      vertex 7.01662 36.2528 10.5
      vertex 7.87766 34.174 10.5
      vertex 7.175 36.3309 10.5
    endloop
  endfacet
  facet normal 0 0 1
    outer loop
      vertex 7.87766 34.174 10.5
      vertex 7.01662 36.2528 10.5
      vertex 7.43175 34.0227 10.5
    endloop
  endfacet
  facet normal -0 0 1
    outer loop
      vertex 6.84941 36.196 10.5
      vertex 7.43175 34.0227 10.5
      vertex 7.01662 36.2528 10.5
    endloop
  endfacet
  facet normal 0 0 1
    outer loop
      vertex 7.43175 34.0227 10.5
      vertex 6.84941 36.196 10.5
      vertex 6.96989 33.9308 10.5
    endloop
  endfacet
  facet normal -0 0 1
    outer loop
      vertex 6.67621 36.1615 10.5
      vertex 6.96989 33.9308 10.5
      vertex 6.84941 36.196 10.5
    endloop
  endfacet
  facet normal -0 0 1
    outer loop
      vertex 6.5 36.15 10.5
      vertex 6.96989 33.9308 10.5
      vertex 6.67621 36.1615 10.5
    endloop
  endfacet
  facet normal 0 0 1
    outer loop
      vertex 6.5 36.15 10.5
      vertex 6.5 33.9 10.5
      vertex 6.96989 33.9308 10.5
    endloop
  endfacet
  facet normal 0 0 1
    outer loop
      vertex 6.32379 36.1615 10.5
      vertex 6.5 33.9 10.5
      vertex 6.5 36.15 10.5
    endloop
  endfacet
  facet normal 0 0 1
    outer loop
      vertex 6.03011 33.9308 10.5
      vertex 6.32379 36.1615 10.5
      vertex 6.15059 36.196 10.5
    endloop
  endfacet
  facet normal 0 0 1
    outer loop
      vertex 6.32379 36.1615 10.5
      vertex 6.03011 33.9308 10.5
      vertex 6.5 33.9 10.5
    endloop
  endfacet
  facet normal 0 0 1
    outer loop
      vertex 5.56825 34.0227 10.5
      vertex 6.15059 36.196 10.5
      vertex 5.98338 36.2528 10.5
    endloop
  endfacet
  facet normal 0 0 1
    outer loop
      vertex 5.12234 34.174 10.5
      vertex 5.98338 36.2528 10.5
      vertex 5.825 36.3309 10.5
    endloop
  endfacet
  facet normal 0 0 1
    outer loop
      vertex 4.7 34.3823 10.5
      vertex 5.825 36.3309 10.5
      vertex 5.67817 36.429 10.5
    endloop
  endfacet
  facet normal 0 0 1
    outer loop
      vertex 6.15059 36.196 10.5
      vertex 5.56825 34.0227 10.5
      vertex 6.03011 33.9308 10.5
    endloop
  endfacet
  facet normal 0 0 1
    outer loop
      vertex 4.30846 34.6439 10.5
      vertex 5.67817 36.429 10.5
      vertex 5.54541 36.5454 10.5
    endloop
  endfacet
  facet normal 0 0 1
    outer loop
      vertex 3.95442 34.9544 10.5
      vertex 5.54541 36.5454 10.5
      vertex 5.42897 36.6782 10.5
    endloop
  endfacet
  facet normal 0 0 1
    outer loop
      vertex 3.64393 35.3085 10.5
      vertex 5.42897 36.6782 10.5
      vertex 5.33086 36.825 10.5
    endloop
  endfacet
  facet normal 0 0 1
    outer loop
      vertex 3.38231 35.7 10.5
      vertex 5.33086 36.825 10.5
      vertex 5.25276 36.9834 10.5
    endloop
  endfacet
  facet normal 0 0 1
    outer loop
      vertex 3.17403 36.1223 10.5
      vertex 5.25276 36.9834 10.5
      vertex 5.196 37.1506 10.5
    endloop
  endfacet
  facet normal 0 0 1
    outer loop
      vertex 3 36.6822 10.5
      vertex 5.196 37.1506 10.5
      vertex 5.16155 37.3238 10.5
    endloop
  endfacet
  facet normal 0 0 1
    outer loop
      vertex 5.98338 36.2528 10.5
      vertex 5.12234 34.174 10.5
      vertex 5.56825 34.0227 10.5
    endloop
  endfacet
  facet normal 0 0 1
    outer loop
      vertex 3 36.6822 10.5
      vertex 5.16155 37.3238 10.5
      vertex 5.15 37.5 10.5
    endloop
  endfacet
  facet normal -0 0 1
    outer loop
      vertex 3.38231 39.3 10.5
      vertex 5.33086 38.175 10.5
      vertex 3.64393 39.6915 10.5
    endloop
  endfacet
  facet normal 0 0 1
    outer loop
      vertex 5.33086 38.175 10.5
      vertex 3.38231 39.3 10.5
      vertex 5.25276 38.0166 10.5
    endloop
  endfacet
  facet normal 0 0 1
    outer loop
      vertex 5.825 36.3309 10.5
      vertex 4.7 34.3823 10.5
      vertex 5.12234 34.174 10.5
    endloop
  endfacet
  facet normal -0 0 1
    outer loop
      vertex 3.17403 38.8777 10.5
      vertex 5.25276 38.0166 10.5
      vertex 3.38231 39.3 10.5
    endloop
  endfacet
  facet normal 0 0 1
    outer loop
      vertex 5.67817 36.429 10.5
      vertex 4.30846 34.6439 10.5
      vertex 4.7 34.3823 10.5
    endloop
  endfacet
  facet normal 0 0 1
    outer loop
      vertex 5.25276 38.0166 10.5
      vertex 3.17403 38.8777 10.5
      vertex 5.196 37.8494 10.5
    endloop
  endfacet
  facet normal 0 0 1
    outer loop
      vertex 5.54541 36.5454 10.5
      vertex 3.95442 34.9544 10.5
      vertex 4.30846 34.6439 10.5
    endloop
  endfacet
  facet normal -0 0 1
    outer loop
      vertex 3.02267 38.4317 10.5
      vertex 5.196 37.8494 10.5
      vertex 3.17403 38.8777 10.5
    endloop
  endfacet
  facet normal 0 0 1
    outer loop
      vertex 5.42897 36.6782 10.5
      vertex 3.64393 35.3085 10.5
      vertex 3.95442 34.9544 10.5
    endloop
  endfacet
  facet normal -0 0 1
    outer loop
      vertex 3 38.3178 10.5
      vertex 5.196 37.8494 10.5
      vertex 3.02267 38.4317 10.5
    endloop
  endfacet
  facet normal 0 0 1
    outer loop
      vertex 5.33086 36.825 10.5
      vertex 3.38231 35.7 10.5
      vertex 3.64393 35.3085 10.5
    endloop
  endfacet
  facet normal 0 0 1
    outer loop
      vertex 5.196 37.8494 10.5
      vertex 3 38.3178 10.5
      vertex 5.16155 37.6762 10.5
    endloop
  endfacet
  facet normal 0 0 1
    outer loop
      vertex 3 36.6822 10.5
      vertex 5.15 37.5 10.5
      vertex 3 38.3178 10.5
    endloop
  endfacet
  facet normal 0 0 1
    outer loop
      vertex 5.16155 37.6762 10.5
      vertex 3 38.3178 10.5
      vertex 5.15 37.5 10.5
    endloop
  endfacet
  facet normal 0 0 1
    outer loop
      vertex 5.196 37.1506 10.5
      vertex 3 36.6822 10.5
      vertex 3.02267 36.5683 10.5
    endloop
  endfacet
  facet normal 0 0 1
    outer loop
      vertex 5.25276 36.9834 10.5
      vertex 3.17403 36.1223 10.5
      vertex 3.38231 35.7 10.5
    endloop
  endfacet
  facet normal 0 0 1
    outer loop
      vertex 5.196 37.1506 10.5
      vertex 3.02267 36.5683 10.5
      vertex 3.17403 36.1223 10.5
    endloop
  endfacet
  facet normal -0 0 1
    outer loop
      vertex 5.12234 40.826 10.5
      vertex 5.98338 38.7472 10.5
      vertex 5.56825 40.9773 10.5
    endloop
  endfacet
  facet normal 0 0 1
    outer loop
      vertex 5.98338 38.7472 10.5
      vertex 5.12234 40.826 10.5
      vertex 5.825 38.6691 10.5
    endloop
  endfacet
  facet normal -0 0 1
    outer loop
      vertex 4.7 40.6177 10.5
      vertex 5.825 38.6691 10.5
      vertex 5.12234 40.826 10.5
    endloop
  endfacet
  facet normal 0 0 1
    outer loop
      vertex 5.825 38.6691 10.5
      vertex 4.7 40.6177 10.5
      vertex 5.67817 38.571 10.5
    endloop
  endfacet
  facet normal -0 0 1
    outer loop
      vertex 4.30846 40.3561 10.5
      vertex 5.67817 38.571 10.5
      vertex 4.7 40.6177 10.5
    endloop
  endfacet
  facet normal 0 0 1
    outer loop
      vertex 5.67817 38.571 10.5
      vertex 4.30846 40.3561 10.5
      vertex 5.54541 38.4546 10.5
    endloop
  endfacet
  facet normal -0 0 1
    outer loop
      vertex 3.95442 40.0456 10.5
      vertex 5.54541 38.4546 10.5
      vertex 4.30846 40.3561 10.5
    endloop
  endfacet
  facet normal 0 0 1
    outer loop
      vertex 5.54541 38.4546 10.5
      vertex 3.95442 40.0456 10.5
      vertex 5.42897 38.3218 10.5
    endloop
  endfacet
  facet normal 0 0 1
    outer loop
      vertex 5.42897 38.3218 10.5
      vertex 3.64393 39.6915 10.5
      vertex 5.33086 38.175 10.5
    endloop
  endfacet
  facet normal -0 0 1
    outer loop
      vertex 3.64393 39.6915 10.5
      vertex 5.42897 38.3218 10.5
      vertex 3.95442 40.0456 10.5
    endloop
  endfacet
  facet normal 0 0 1
    outer loop
      vertex 79.7 3.38231 10.5
      vertex 80.825 5.33086 10.5
      vertex 80.6782 5.42897 10.5
    endloop
  endfacet
  facet normal 0 0 1
    outer loop
      vertex 80.825 5.33086 10.5
      vertex 80.5683 3.02267 10.5
      vertex 80.6822 3 10.5
    endloop
  endfacet
  facet normal 0 0 1
    outer loop
      vertex 79.3085 3.64393 10.5
      vertex 80.6782 5.42897 10.5
      vertex 80.5454 5.54541 10.5
    endloop
  endfacet
  facet normal 0 0 1
    outer loop
      vertex 78.9544 3.95442 10.5
      vertex 80.5454 5.54541 10.5
      vertex 80.429 5.67817 10.5
    endloop
  endfacet
  facet normal 0 0 1
    outer loop
      vertex 78.6439 4.30846 10.5
      vertex 80.429 5.67817 10.5
      vertex 80.3309 5.825 10.5
    endloop
  endfacet
  facet normal 0 0 1
    outer loop
      vertex 78.3823 4.7 10.5
      vertex 80.3309 5.825 10.5
      vertex 80.2528 5.98338 10.5
    endloop
  endfacet
  facet normal 0 0 1
    outer loop
      vertex 78.174 5.12234 10.5
      vertex 80.2528 5.98338 10.5
      vertex 80.196 6.15059 10.5
    endloop
  endfacet
  facet normal 0 0 1
    outer loop
      vertex 78.0227 5.56825 10.5
      vertex 80.196 6.15059 10.5
      vertex 80.1615 6.32379 10.5
    endloop
  endfacet
  facet normal 0 0 1
    outer loop
      vertex 80.825 5.33086 10.5
      vertex 80.1223 3.17403 10.5
      vertex 80.5683 3.02267 10.5
    endloop
  endfacet
  facet normal 0 0 1
    outer loop
      vertex 77.9308 6.03011 10.5
      vertex 80.1615 6.32379 10.5
      vertex 80.15 6.5 10.5
    endloop
  endfacet
  facet normal -0 0 1
    outer loop
      vertex 78.3823 8.3 10.5
      vertex 80.3309 7.175 10.5
      vertex 78.6439 8.69154 10.5
    endloop
  endfacet
  facet normal 0 0 1
    outer loop
      vertex 80.3309 7.175 10.5
      vertex 78.3823 8.3 10.5
      vertex 80.2528 7.01662 10.5
    endloop
  endfacet
  facet normal 0 0 1
    outer loop
      vertex 80.825 5.33086 10.5
      vertex 79.7 3.38231 10.5
      vertex 80.1223 3.17403 10.5
    endloop
  endfacet
  facet normal -0 0 1
    outer loop
      vertex 78.174 7.87766 10.5
      vertex 80.2528 7.01662 10.5
      vertex 78.3823 8.3 10.5
    endloop
  endfacet
  facet normal 0 0 1
    outer loop
      vertex 80.6782 5.42897 10.5
      vertex 79.3085 3.64393 10.5
      vertex 79.7 3.38231 10.5
    endloop
  endfacet
  facet normal 0 0 1
    outer loop
      vertex 80.2528 7.01662 10.5
      vertex 78.174 7.87766 10.5
      vertex 80.196 6.84941 10.5
    endloop
  endfacet
  facet normal 0 0 1
    outer loop
      vertex 80.5454 5.54541 10.5
      vertex 78.9544 3.95442 10.5
      vertex 79.3085 3.64393 10.5
    endloop
  endfacet
  facet normal -0 0 1
    outer loop
      vertex 78.0227 7.43175 10.5
      vertex 80.196 6.84941 10.5
      vertex 78.174 7.87766 10.5
    endloop
  endfacet
  facet normal 0 0 1
    outer loop
      vertex 80.429 5.67817 10.5
      vertex 78.6439 4.30846 10.5
      vertex 78.9544 3.95442 10.5
    endloop
  endfacet
  facet normal 0 0 1
    outer loop
      vertex 80.196 6.84941 10.5
      vertex 78.0227 7.43175 10.5
      vertex 80.1615 6.67621 10.5
    endloop
  endfacet
  facet normal 0 0 1
    outer loop
      vertex 80.3309 5.825 10.5
      vertex 78.3823 4.7 10.5
      vertex 78.6439 4.30846 10.5
    endloop
  endfacet
  facet normal -0 0 1
    outer loop
      vertex 77.9308 6.96989 10.5
      vertex 80.1615 6.67621 10.5
      vertex 78.0227 7.43175 10.5
    endloop
  endfacet
  facet normal 0 0 1
    outer loop
      vertex 80.2528 5.98338 10.5
      vertex 78.174 5.12234 10.5
      vertex 78.3823 4.7 10.5
    endloop
  endfacet
  facet normal 0 0 1
    outer loop
      vertex 80.1615 6.67621 10.5
      vertex 77.9308 6.96989 10.5
      vertex 80.15 6.5 10.5
    endloop
  endfacet
  facet normal 0 0 1
    outer loop
      vertex 80.196 6.15059 10.5
      vertex 78.0227 5.56825 10.5
      vertex 78.174 5.12234 10.5
    endloop
  endfacet
  facet normal 0 0 1
    outer loop
      vertex 77.9 6.5 10.5
      vertex 80.15 6.5 10.5
      vertex 77.9308 6.96989 10.5
    endloop
  endfacet
  facet normal 0 0 1
    outer loop
      vertex 80.1615 6.32379 10.5
      vertex 77.9308 6.03011 10.5
      vertex 78.0227 5.56825 10.5
    endloop
  endfacet
  facet normal 0 0 1
    outer loop
      vertex 80.15 6.5 10.5
      vertex 77.9 6.5 10.5
      vertex 77.9308 6.03011 10.5
    endloop
  endfacet
  facet normal -0 0 1
    outer loop
      vertex 80.1223 40.826 10.5
      vertex 80.9834 38.7472 10.5
      vertex 80.5683 40.9773 10.5
    endloop
  endfacet
  facet normal 0 0 1
    outer loop
      vertex 80.9834 38.7472 10.5
      vertex 80.1223 40.826 10.5
      vertex 80.825 38.6691 10.5
    endloop
  endfacet
  facet normal -0 0 1
    outer loop
      vertex 79.7 40.6177 10.5
      vertex 80.825 38.6691 10.5
      vertex 80.1223 40.826 10.5
    endloop
  endfacet
  facet normal 0 0 1
    outer loop
      vertex 80.825 38.6691 10.5
      vertex 79.7 40.6177 10.5
      vertex 80.6782 38.571 10.5
    endloop
  endfacet
  facet normal -0 0 1
    outer loop
      vertex 79.3085 40.3561 10.5
      vertex 80.6782 38.571 10.5
      vertex 79.7 40.6177 10.5
    endloop
  endfacet
  facet normal 0 0 1
    outer loop
      vertex 80.6782 38.571 10.5
      vertex 79.3085 40.3561 10.5
      vertex 80.5454 38.4546 10.5
    endloop
  endfacet
  facet normal -0 0 1
    outer loop
      vertex 78.9544 40.0456 10.5
      vertex 80.5454 38.4546 10.5
      vertex 79.3085 40.3561 10.5
    endloop
  endfacet
  facet normal 0 0 1
    outer loop
      vertex 80.5454 38.4546 10.5
      vertex 78.9544 40.0456 10.5
      vertex 80.429 38.3218 10.5
    endloop
  endfacet
  facet normal 0 0 1
    outer loop
      vertex 80.429 38.3218 10.5
      vertex 78.6439 39.6915 10.5
      vertex 80.3309 38.175 10.5
    endloop
  endfacet
  facet normal -0 0 1
    outer loop
      vertex 78.6439 39.6915 10.5
      vertex 80.429 38.3218 10.5
      vertex 78.9544 40.0456 10.5
    endloop
  endfacet
  facet normal 0 0 1
    outer loop
      vertex 82.804 6.84941 10.5
      vertex 85 7.31779 10.5
      vertex 84.9773 7.43175 10.5
    endloop
  endfacet
  facet normal 0 0 1
    outer loop
      vertex 85 7.31779 10.5
      vertex 82.85 6.5 10.5
      vertex 85 5.68221 10.5
    endloop
  endfacet
  facet normal 0 0 1
    outer loop
      vertex 82.804 6.84941 10.5
      vertex 84.9773 7.43175 10.5
      vertex 84.826 7.87766 10.5
    endloop
  endfacet
  facet normal -0 0 1
    outer loop
      vertex 82.8384 6.32379 10.5
      vertex 85 5.68221 10.5
      vertex 82.85 6.5 10.5
    endloop
  endfacet
  facet normal 0 0 1
    outer loop
      vertex 82.7472 7.01662 10.5
      vertex 84.826 7.87766 10.5
      vertex 84.6177 8.3 10.5
    endloop
  endfacet
  facet normal -0 0 1
    outer loop
      vertex 82.804 6.15059 10.5
      vertex 85 5.68221 10.5
      vertex 82.8384 6.32379 10.5
    endloop
  endfacet
  facet normal 0 0 1
    outer loop
      vertex 82.6691 7.175 10.5
      vertex 84.6177 8.3 10.5
      vertex 84.3561 8.69154 10.5
    endloop
  endfacet
  facet normal 0 0 1
    outer loop
      vertex 85 5.68221 10.5
      vertex 82.804 6.15059 10.5
      vertex 84.9773 5.56825 10.5
    endloop
  endfacet
  facet normal 0 0 1
    outer loop
      vertex 82.571 7.32183 10.5
      vertex 84.3561 8.69154 10.5
      vertex 84.0456 9.04558 10.5
    endloop
  endfacet
  facet normal 0 0 1
    outer loop
      vertex 84.9773 5.56825 10.5
      vertex 82.804 6.15059 10.5
      vertex 84.826 5.12234 10.5
    endloop
  endfacet
  facet normal 0 0 1
    outer loop
      vertex 82.4546 7.45459 10.5
      vertex 84.0456 9.04558 10.5
      vertex 83.6915 9.35607 10.5
    endloop
  endfacet
  facet normal -0 0 1
    outer loop
      vertex 82.7472 5.98338 10.5
      vertex 84.826 5.12234 10.5
      vertex 82.804 6.15059 10.5
    endloop
  endfacet
  facet normal 0 0 1
    outer loop
      vertex 82.3218 7.57103 10.5
      vertex 83.6915 9.35607 10.5
      vertex 83.3 9.61769 10.5
    endloop
  endfacet
  facet normal 0 0 1
    outer loop
      vertex 84.826 5.12234 10.5
      vertex 82.7472 5.98338 10.5
      vertex 84.6177 4.7 10.5
    endloop
  endfacet
  facet normal 0 0 1
    outer loop
      vertex 82.175 7.66913 10.5
      vertex 83.3 9.61769 10.5
      vertex 82.8777 9.82597 10.5
    endloop
  endfacet
  facet normal -0 0 1
    outer loop
      vertex 82.6691 5.825 10.5
      vertex 84.6177 4.7 10.5
      vertex 82.7472 5.98338 10.5
    endloop
  endfacet
  facet normal 0 0 1
    outer loop
      vertex 84.6177 4.7 10.5
      vertex 82.6691 5.825 10.5
      vertex 84.3561 4.30846 10.5
    endloop
  endfacet
  facet normal 0 0 1
    outer loop
      vertex 85 7.31779 10.5
      vertex 82.8384 6.67621 10.5
      vertex 82.85 6.5 10.5
    endloop
  endfacet
  facet normal 0 0 1
    outer loop
      vertex 85 7.31779 10.5
      vertex 82.804 6.84941 10.5
      vertex 82.8384 6.67621 10.5
    endloop
  endfacet
  facet normal 0 0 1
    outer loop
      vertex 84.826 7.87766 10.5
      vertex 82.7472 7.01662 10.5
      vertex 82.804 6.84941 10.5
    endloop
  endfacet
  facet normal 0 0 1
    outer loop
      vertex 84.6177 8.3 10.5
      vertex 82.6691 7.175 10.5
      vertex 82.7472 7.01662 10.5
    endloop
  endfacet
  facet normal 0 0 1
    outer loop
      vertex 84.3561 8.69154 10.5
      vertex 82.571 7.32183 10.5
      vertex 82.6691 7.175 10.5
    endloop
  endfacet
  facet normal 0 0 1
    outer loop
      vertex 84.0456 9.04558 10.5
      vertex 82.4546 7.45459 10.5
      vertex 82.571 7.32183 10.5
    endloop
  endfacet
  facet normal 0 0 1
    outer loop
      vertex 82.0166 7.74724 10.5
      vertex 82.8777 9.82597 10.5
      vertex 82.4317 9.97733 10.5
    endloop
  endfacet
  facet normal 0 0 1
    outer loop
      vertex 83.6915 9.35607 10.5
      vertex 82.3218 7.57103 10.5
      vertex 82.4546 7.45459 10.5
    endloop
  endfacet
  facet normal 0 0 1
    outer loop
      vertex 83.3 9.61769 10.5
      vertex 82.175 7.66913 10.5
      vertex 82.3218 7.57103 10.5
    endloop
  endfacet
  facet normal 0 0 1
    outer loop
      vertex 82.8777 9.82597 10.5
      vertex 82.0166 7.74724 10.5
      vertex 82.175 7.66913 10.5
    endloop
  endfacet
  facet normal 0 0 1
    outer loop
      vertex 81.8494 7.804 10.5
      vertex 82.4317 9.97733 10.5
      vertex 81.9699 10.0692 10.5
    endloop
  endfacet
  facet normal 0 0 1
    outer loop
      vertex 82.4317 9.97733 10.5
      vertex 81.8494 7.804 10.5
      vertex 82.0166 7.74724 10.5
    endloop
  endfacet
  facet normal 0 0 1
    outer loop
      vertex 81.9699 10.0692 10.5
      vertex 81.6762 7.83845 10.5
      vertex 81.8494 7.804 10.5
    endloop
  endfacet
  facet normal 0 0 1
    outer loop
      vertex 81.5 10.1 10.5
      vertex 81.6762 7.83845 10.5
      vertex 81.9699 10.0692 10.5
    endloop
  endfacet
  facet normal 0 0 1
    outer loop
      vertex 81.5 10.1 10.5
      vertex 81.5 7.85 10.5
      vertex 81.6762 7.83845 10.5
    endloop
  endfacet
  facet normal 0 0 1
    outer loop
      vertex 81.5 10.1 10.5
      vertex 81.3238 7.83845 10.5
      vertex 81.5 7.85 10.5
    endloop
  endfacet
  facet normal -0 0 1
    outer loop
      vertex 81.0301 10.0692 10.5
      vertex 81.3238 7.83845 10.5
      vertex 81.5 10.1 10.5
    endloop
  endfacet
  facet normal 0 0 1
    outer loop
      vertex 81.3238 7.83845 10.5
      vertex 81.0301 10.0692 10.5
      vertex 81.1506 7.804 10.5
    endloop
  endfacet
  facet normal -0 0 1
    outer loop
      vertex 80.5683 9.97733 10.5
      vertex 81.1506 7.804 10.5
      vertex 81.0301 10.0692 10.5
    endloop
  endfacet
  facet normal 0 0 1
    outer loop
      vertex 81.1506 7.804 10.5
      vertex 80.5683 9.97733 10.5
      vertex 80.9834 7.74724 10.5
    endloop
  endfacet
  facet normal -0 0 1
    outer loop
      vertex 80.1223 9.82597 10.5
      vertex 80.9834 7.74724 10.5
      vertex 80.5683 9.97733 10.5
    endloop
  endfacet
  facet normal 0 0 1
    outer loop
      vertex 80.9834 7.74724 10.5
      vertex 80.1223 9.82597 10.5
      vertex 80.825 7.66913 10.5
    endloop
  endfacet
  facet normal -0 0 1
    outer loop
      vertex 79.7 9.61769 10.5
      vertex 80.825 7.66913 10.5
      vertex 80.1223 9.82597 10.5
    endloop
  endfacet
  facet normal 0 0 1
    outer loop
      vertex 80.825 7.66913 10.5
      vertex 79.7 9.61769 10.5
      vertex 80.6782 7.57103 10.5
    endloop
  endfacet
  facet normal -0 0 1
    outer loop
      vertex 79.3085 9.35607 10.5
      vertex 80.6782 7.57103 10.5
      vertex 79.7 9.61769 10.5
    endloop
  endfacet
  facet normal 0 0 1
    outer loop
      vertex 80.6782 7.57103 10.5
      vertex 79.3085 9.35607 10.5
      vertex 80.5454 7.45459 10.5
    endloop
  endfacet
  facet normal -0 0 1
    outer loop
      vertex 78.9544 9.04558 10.5
      vertex 80.5454 7.45459 10.5
      vertex 79.3085 9.35607 10.5
    endloop
  endfacet
  facet normal 0 0 1
    outer loop
      vertex 80.5454 7.45459 10.5
      vertex 78.9544 9.04558 10.5
      vertex 80.429 7.32183 10.5
    endloop
  endfacet
  facet normal 0 0 1
    outer loop
      vertex 80.429 7.32183 10.5
      vertex 78.6439 8.69154 10.5
      vertex 80.3309 7.175 10.5
    endloop
  endfacet
  facet normal -0 0 1
    outer loop
      vertex 78.6439 8.69154 10.5
      vertex 80.429 7.32183 10.5
      vertex 78.9544 9.04558 10.5
    endloop
  endfacet
  facet normal 0 0 1
    outer loop
      vertex 82.804 37.8494 10.5
      vertex 85 38.3178 10.5
      vertex 84.9773 38.4317 10.5
    endloop
  endfacet
  facet normal 0 0 1
    outer loop
      vertex 85 38.3178 10.5
      vertex 82.85 37.5 10.5
      vertex 85 36.6822 10.5
    endloop
  endfacet
  facet normal 0 0 1
    outer loop
      vertex 82.804 37.8494 10.5
      vertex 84.9773 38.4317 10.5
      vertex 84.826 38.8777 10.5
    endloop
  endfacet
  facet normal -0 0 1
    outer loop
      vertex 82.8384 37.3238 10.5
      vertex 85 36.6822 10.5
      vertex 82.85 37.5 10.5
    endloop
  endfacet
  facet normal 0 0 1
    outer loop
      vertex 82.7472 38.0166 10.5
      vertex 84.826 38.8777 10.5
      vertex 84.6177 39.3 10.5
    endloop
  endfacet
  facet normal -0 0 1
    outer loop
      vertex 82.804 37.1506 10.5
      vertex 85 36.6822 10.5
      vertex 82.8384 37.3238 10.5
    endloop
  endfacet
  facet normal 0 0 1
    outer loop
      vertex 82.6691 38.175 10.5
      vertex 84.6177 39.3 10.5
      vertex 84.3561 39.6915 10.5
    endloop
  endfacet
  facet normal 0 0 1
    outer loop
      vertex 85 36.6822 10.5
      vertex 82.804 37.1506 10.5
      vertex 84.9773 36.5683 10.5
    endloop
  endfacet
  facet normal 0 0 1
    outer loop
      vertex 82.571 38.3218 10.5
      vertex 84.3561 39.6915 10.5
      vertex 84.0456 40.0456 10.5
    endloop
  endfacet
  facet normal 0 0 1
    outer loop
      vertex 84.9773 36.5683 10.5
      vertex 82.804 37.1506 10.5
      vertex 84.826 36.1223 10.5
    endloop
  endfacet
  facet normal 0 0 1
    outer loop
      vertex 82.4546 38.4546 10.5
      vertex 84.0456 40.0456 10.5
      vertex 83.6915 40.3561 10.5
    endloop
  endfacet
  facet normal -0 0 1
    outer loop
      vertex 82.7472 36.9834 10.5
      vertex 84.826 36.1223 10.5
      vertex 82.804 37.1506 10.5
    endloop
  endfacet
  facet normal 0 0 1
    outer loop
      vertex 82.3218 38.571 10.5
      vertex 83.6915 40.3561 10.5
      vertex 83.3 40.6177 10.5
    endloop
  endfacet
  facet normal 0 0 1
    outer loop
      vertex 84.826 36.1223 10.5
      vertex 82.7472 36.9834 10.5
      vertex 84.6177 35.7 10.5
    endloop
  endfacet
  facet normal 0 0 1
    outer loop
      vertex 82.175 38.6691 10.5
      vertex 83.3 40.6177 10.5
      vertex 82.8777 40.826 10.5
    endloop
  endfacet
  facet normal -0 0 1
    outer loop
      vertex 82.6691 36.825 10.5
      vertex 84.6177 35.7 10.5
      vertex 82.7472 36.9834 10.5
    endloop
  endfacet
  facet normal 0 0 1
    outer loop
      vertex 84.6177 35.7 10.5
      vertex 82.6691 36.825 10.5
      vertex 84.3561 35.3085 10.5
    endloop
  endfacet
  facet normal 0 0 1
    outer loop
      vertex 85 38.3178 10.5
      vertex 82.8384 37.6762 10.5
      vertex 82.85 37.5 10.5
    endloop
  endfacet
  facet normal 0 0 1
    outer loop
      vertex 85 38.3178 10.5
      vertex 82.804 37.8494 10.5
      vertex 82.8384 37.6762 10.5
    endloop
  endfacet
  facet normal 0 0 1
    outer loop
      vertex 84.826 38.8777 10.5
      vertex 82.7472 38.0166 10.5
      vertex 82.804 37.8494 10.5
    endloop
  endfacet
  facet normal 0 0 1
    outer loop
      vertex 84.6177 39.3 10.5
      vertex 82.6691 38.175 10.5
      vertex 82.7472 38.0166 10.5
    endloop
  endfacet
  facet normal 0 0 1
    outer loop
      vertex 84.3561 39.6915 10.5
      vertex 82.571 38.3218 10.5
      vertex 82.6691 38.175 10.5
    endloop
  endfacet
  facet normal 0 0 1
    outer loop
      vertex 84.0456 40.0456 10.5
      vertex 82.4546 38.4546 10.5
      vertex 82.571 38.3218 10.5
    endloop
  endfacet
  facet normal 0 0 1
    outer loop
      vertex 82.0166 38.7472 10.5
      vertex 82.8777 40.826 10.5
      vertex 82.4317 40.9773 10.5
    endloop
  endfacet
  facet normal 0 0 1
    outer loop
      vertex 83.6915 40.3561 10.5
      vertex 82.3218 38.571 10.5
      vertex 82.4546 38.4546 10.5
    endloop
  endfacet
  facet normal 0 0 1
    outer loop
      vertex 81.8494 38.804 10.5
      vertex 82.4317 40.9773 10.5
      vertex 82.3178 41 10.5
    endloop
  endfacet
  facet normal 0 0 1
    outer loop
      vertex 83.3 40.6177 10.5
      vertex 82.175 38.6691 10.5
      vertex 82.3218 38.571 10.5
    endloop
  endfacet
  facet normal 0 0 1
    outer loop
      vertex 85.4 41 10.5
      vertex 84.9872 39.6958 10.5
      vertex 85 39.5 10.5
    endloop
  endfacet
  facet normal 0 0 1
    outer loop
      vertex 85.4 41 10.5
      vertex 84.9489 39.8882 10.5
      vertex 84.9872 39.6958 10.5
    endloop
  endfacet
  facet normal 0 0 1
    outer loop
      vertex 85.4 41 10.5
      vertex 84.8858 40.074 10.5
      vertex 84.9489 39.8882 10.5
    endloop
  endfacet
  facet normal 0 0 1
    outer loop
      vertex 85.4 41 10.5
      vertex 84.799 40.25 10.5
      vertex 84.8858 40.074 10.5
    endloop
  endfacet
  facet normal 0 0 1
    outer loop
      vertex 85.4 41 10.5
      vertex 84.69 40.4131 10.5
      vertex 84.799 40.25 10.5
    endloop
  endfacet
  facet normal 0 0 1
    outer loop
      vertex 85.4 41 10.5
      vertex 84.5607 40.5607 10.5
      vertex 84.69 40.4131 10.5
    endloop
  endfacet
  facet normal 0 0 1
    outer loop
      vertex 85 41.4 10.5
      vertex 84.4131 40.69 10.5
      vertex 84.5607 40.5607 10.5
    endloop
  endfacet
  facet normal 0 0 1
    outer loop
      vertex 85 41.4 10.5
      vertex 84.25 40.799 10.5
      vertex 84.4131 40.69 10.5
    endloop
  endfacet
  facet normal 0 0 1
    outer loop
      vertex 85 41.4 10.5
      vertex 84.074 40.8858 10.5
      vertex 84.25 40.799 10.5
    endloop
  endfacet
  facet normal 0 0 1
    outer loop
      vertex 85 41.4 10.5
      vertex 83.8882 40.9489 10.5
      vertex 84.074 40.8858 10.5
    endloop
  endfacet
  facet normal 0 0 1
    outer loop
      vertex 85 41.4 10.5
      vertex 83.6958 40.9872 10.5
      vertex 83.8882 40.9489 10.5
    endloop
  endfacet
  facet normal 0 0 1
    outer loop
      vertex 85 41.4 10.5
      vertex 83.5 41 10.5
      vertex 83.6958 40.9872 10.5
    endloop
  endfacet
  facet normal 0 0 1
    outer loop
      vertex 85 41.4 10.5
      vertex 82.3178 41 10.5
      vertex 83.5 41 10.5
    endloop
  endfacet
  facet normal 0 0 1
    outer loop
      vertex 82.8777 40.826 10.5
      vertex 82.0166 38.7472 10.5
      vertex 82.175 38.6691 10.5
    endloop
  endfacet
  facet normal 0 0 1
    outer loop
      vertex 82.4317 40.9773 10.5
      vertex 81.8494 38.804 10.5
      vertex 82.0166 38.7472 10.5
    endloop
  endfacet
  facet normal 0 0 1
    outer loop
      vertex 82.3178 41 10.5
      vertex 81.6762 38.8385 10.5
      vertex 81.8494 38.804 10.5
    endloop
  endfacet
  facet normal 0 0 1
    outer loop
      vertex 82.3178 41 10.5
      vertex 81.5 38.85 10.5
      vertex 81.6762 38.8385 10.5
    endloop
  endfacet
  facet normal -0 0 1
    outer loop
      vertex 80.6822 41 10.5
      vertex 81.5 38.85 10.5
      vertex 82.3178 41 10.5
    endloop
  endfacet
  facet normal 0 0 1
    outer loop
      vertex 81.5 38.85 10.5
      vertex 80.6822 41 10.5
      vertex 81.3238 38.8385 10.5
    endloop
  endfacet
  facet normal 0 0 1
    outer loop
      vertex 81.3238 38.8385 10.5
      vertex 80.6822 41 10.5
      vertex 81.1506 38.804 10.5
    endloop
  endfacet
  facet normal -0 0 1
    outer loop
      vertex 80.5683 40.9773 10.5
      vertex 81.1506 38.804 10.5
      vertex 80.6822 41 10.5
    endloop
  endfacet
  facet normal 0 0 1
    outer loop
      vertex 81.1506 38.804 10.5
      vertex 80.5683 40.9773 10.5
      vertex 80.9834 38.7472 10.5
    endloop
  endfacet
  facet normal 0 0 1
    outer loop
      vertex 85 41.4 10.5
      vertex 80.6822 41 10.5
      vertex 82.3178 41 10.5
    endloop
  endfacet
  facet normal 0 0 1
    outer loop
      vertex 85 41.4 10.5
      vertex 7.31779 41 10.5
      vertex 80.6822 41 10.5
    endloop
  endfacet
  facet normal 0 0 1
    outer loop
      vertex 7.87766 40.826 10.5
      vertex 7.01662 38.7472 10.5
      vertex 7.175 38.6691 10.5
    endloop
  endfacet
  facet normal 0 0 1
    outer loop
      vertex 7.43175 40.9773 10.5
      vertex 6.84941 38.804 10.5
      vertex 7.01662 38.7472 10.5
    endloop
  endfacet
  facet normal 0 0 1
    outer loop
      vertex 7.31779 41 10.5
      vertex 6.67621 38.8385 10.5
      vertex 6.84941 38.804 10.5
    endloop
  endfacet
  facet normal 0 0 1
    outer loop
      vertex 7.31779 41 10.5
      vertex 6.5 38.85 10.5
      vertex 6.67621 38.8385 10.5
    endloop
  endfacet
  facet normal -0 0 1
    outer loop
      vertex 5.68221 41 10.5
      vertex 6.5 38.85 10.5
      vertex 7.31779 41 10.5
    endloop
  endfacet
  facet normal 0 0 1
    outer loop
      vertex 6.5 38.85 10.5
      vertex 5.68221 41 10.5
      vertex 6.32379 38.8385 10.5
    endloop
  endfacet
  facet normal 0 0 1
    outer loop
      vertex 6.32379 38.8385 10.5
      vertex 5.68221 41 10.5
      vertex 6.15059 38.804 10.5
    endloop
  endfacet
  facet normal -0 0 1
    outer loop
      vertex 5.56825 40.9773 10.5
      vertex 6.15059 38.804 10.5
      vertex 5.68221 41 10.5
    endloop
  endfacet
  facet normal 0 0 1
    outer loop
      vertex 6.15059 38.804 10.5
      vertex 5.56825 40.9773 10.5
      vertex 5.98338 38.7472 10.5
    endloop
  endfacet
  facet normal -0 0 1
    outer loop
      vertex 3 41.4 10.5
      vertex 7.31779 41 10.5
      vertex 85 41.4 10.5
    endloop
  endfacet
  facet normal 0 0 1
    outer loop
      vertex 7.31779 41 10.5
      vertex 3 41.4 10.5
      vertex 5.68221 41 10.5
    endloop
  endfacet
  facet normal 0 0 1
    outer loop
      vertex 2.6 41 10.5
      vertex 3 38.3178 10.5
      vertex 3 39.5 10.5
    endloop
  endfacet
  facet normal 0 0 1
    outer loop
      vertex 3 38.3178 10.5
      vertex 2.6 41 10.5
      vertex 3 36.6822 10.5
    endloop
  endfacet
  facet normal 0 0 1
    outer loop
      vertex 3 36.6822 10.5
      vertex 2.6 41 10.5
      vertex 3 7.31779 10.5
    endloop
  endfacet
  facet normal 0 0 1
    outer loop
      vertex 2.6 3 10.5
      vertex 3 7.31779 10.5
      vertex 2.6 41 10.5
    endloop
  endfacet
  facet normal 0 0 1
    outer loop
      vertex 3.01283 39.6958 10.5
      vertex 2.6 41 10.5
      vertex 3 39.5 10.5
    endloop
  endfacet
  facet normal 0 0 1
    outer loop
      vertex 3.05111 39.8882 10.5
      vertex 2.6 41 10.5
      vertex 3.01283 39.6958 10.5
    endloop
  endfacet
  facet normal 0 0 1
    outer loop
      vertex 3.11418 40.074 10.5
      vertex 2.6 41 10.5
      vertex 3.05111 39.8882 10.5
    endloop
  endfacet
  facet normal 0 0 1
    outer loop
      vertex 3.20096 40.25 10.5
      vertex 2.6 41 10.5
      vertex 3.11418 40.074 10.5
    endloop
  endfacet
  facet normal 0 0 1
    outer loop
      vertex 3.30997 40.4131 10.5
      vertex 2.6 41 10.5
      vertex 3.20096 40.25 10.5
    endloop
  endfacet
  facet normal 0 0 1
    outer loop
      vertex 3.43934 40.5607 10.5
      vertex 2.6 41 10.5
      vertex 3.30997 40.4131 10.5
    endloop
  endfacet
  facet normal -0 0 1
    outer loop
      vertex 2.6 41 10.5
      vertex 3.43934 40.5607 10.5
      vertex 3 41.4 10.5
    endloop
  endfacet
  facet normal 0 0 1
    outer loop
      vertex 3.58686 40.69 10.5
      vertex 3 41.4 10.5
      vertex 3.43934 40.5607 10.5
    endloop
  endfacet
  facet normal 0 0 1
    outer loop
      vertex 3.75 40.799 10.5
      vertex 3 41.4 10.5
      vertex 3.58686 40.69 10.5
    endloop
  endfacet
  facet normal 0 0 1
    outer loop
      vertex 3.92597 40.8858 10.5
      vertex 3 41.4 10.5
      vertex 3.75 40.799 10.5
    endloop
  endfacet
  facet normal 0 0 1
    outer loop
      vertex 4.11177 40.9489 10.5
      vertex 3 41.4 10.5
      vertex 3.92597 40.8858 10.5
    endloop
  endfacet
  facet normal 0 0 1
    outer loop
      vertex 4.30421 40.9872 10.5
      vertex 3 41.4 10.5
      vertex 4.11177 40.9489 10.5
    endloop
  endfacet
  facet normal 0 0 1
    outer loop
      vertex 4.5 41 10.5
      vertex 3 41.4 10.5
      vertex 4.30421 40.9872 10.5
    endloop
  endfacet
  facet normal 0 0 1
    outer loop
      vertex 5.68221 41 10.5
      vertex 3 41.4 10.5
      vertex 4.5 41 10.5
    endloop
  endfacet
  facet normal 0 0 1
    outer loop
      vertex 85 41.4 10.5
      vertex 85.4 41 10.5
      vertex 85.3966 41.0522 10.5
    endloop
  endfacet
  facet normal 0 0 1
    outer loop
      vertex 85.4 41 10.5
      vertex 85 36.6822 10.5
      vertex 85.4 3 10.5
    endloop
  endfacet
  facet normal 0 0 1
    outer loop
      vertex 85 41.4 10.5
      vertex 85.3966 41.0522 10.5
      vertex 85.3864 41.1035 10.5
    endloop
  endfacet
  facet normal -0 0 1
    outer loop
      vertex 85 7.31779 10.5
      vertex 85.4 3 10.5
      vertex 85 36.6822 10.5
    endloop
  endfacet
  facet normal 0 0 1
    outer loop
      vertex 85 41.4 10.5
      vertex 85.3864 41.1035 10.5
      vertex 85.3696 41.1531 10.5
    endloop
  endfacet
  facet normal -0 0 1
    outer loop
      vertex 85 5.68221 10.5
      vertex 85.4 3 10.5
      vertex 85 7.31779 10.5
    endloop
  endfacet
  facet normal 0 0 1
    outer loop
      vertex 85 41.4 10.5
      vertex 85.3696 41.1531 10.5
      vertex 85.3464 41.2 10.5
    endloop
  endfacet
  facet normal -0 0 1
    outer loop
      vertex 85 4.5 10.5
      vertex 85.4 3 10.5
      vertex 85 5.68221 10.5
    endloop
  endfacet
  facet normal 0 0 1
    outer loop
      vertex 85 41.4 10.5
      vertex 85.3464 41.2 10.5
      vertex 85.3173 41.2435 10.5
    endloop
  endfacet
  facet normal -0 0 1
    outer loop
      vertex 84.9872 4.30421 10.5
      vertex 85.4 3 10.5
      vertex 85 4.5 10.5
    endloop
  endfacet
  facet normal 0 0 1
    outer loop
      vertex 85 41.4 10.5
      vertex 85.3173 41.2435 10.5
      vertex 85.2828 41.2828 10.5
    endloop
  endfacet
  facet normal -0 0 1
    outer loop
      vertex 84.9489 4.11177 10.5
      vertex 85.4 3 10.5
      vertex 84.9872 4.30421 10.5
    endloop
  endfacet
  facet normal 0 0 1
    outer loop
      vertex 85 41.4 10.5
      vertex 85.2828 41.2828 10.5
      vertex 85.2435 41.3173 10.5
    endloop
  endfacet
  facet normal -0 0 1
    outer loop
      vertex 84.8858 3.92597 10.5
      vertex 85.4 3 10.5
      vertex 84.9489 4.11177 10.5
    endloop
  endfacet
  facet normal 0 0 1
    outer loop
      vertex 85 41.4 10.5
      vertex 85.2435 41.3173 10.5
      vertex 85.2 41.3464 10.5
    endloop
  endfacet
  facet normal -0 0 1
    outer loop
      vertex 84.799 3.75 10.5
      vertex 85.4 3 10.5
      vertex 84.8858 3.92597 10.5
    endloop
  endfacet
  facet normal 0 0 1
    outer loop
      vertex 85 41.4 10.5
      vertex 85.2 41.3464 10.5
      vertex 85.1531 41.3696 10.5
    endloop
  endfacet
  facet normal -0 0 1
    outer loop
      vertex 84.69 3.58686 10.5
      vertex 85.4 3 10.5
      vertex 84.799 3.75 10.5
    endloop
  endfacet
  facet normal 0 0 1
    outer loop
      vertex 85 41.4 10.5
      vertex 85.1531 41.3696 10.5
      vertex 85.1035 41.3864 10.5
    endloop
  endfacet
  facet normal -0 0 1
    outer loop
      vertex 84.5607 3.43934 10.5
      vertex 85.4 3 10.5
      vertex 84.69 3.58686 10.5
    endloop
  endfacet
  facet normal 0 0 1
    outer loop
      vertex 85 41.4 10.5
      vertex 85.1035 41.3864 10.5
      vertex 85.0522 41.3966 10.5
    endloop
  endfacet
  facet normal 0 -0 1
    outer loop
      vertex 85 2.6 10.5
      vertex 85.4 3 10.5
      vertex 84.5607 3.43934 10.5
    endloop
  endfacet
  facet normal 0 0 1
    outer loop
      vertex 84.5607 40.5607 10.5
      vertex 85.4 41 10.5
      vertex 85 41.4 10.5
    endloop
  endfacet
  facet normal 0 0 1
    outer loop
      vertex 85.4 41 10.5
      vertex 85 39.5 10.5
      vertex 85 38.3178 10.5
    endloop
  endfacet
  facet normal 0 0 1
    outer loop
      vertex 85.4 41 10.5
      vertex 85 38.3178 10.5
      vertex 85 36.6822 10.5
    endloop
  endfacet
  facet normal 0 0 1
    outer loop
      vertex 85.4 3 10.5
      vertex 85 2.6 10.5
      vertex 85.3966 2.94779 10.5
    endloop
  endfacet
  facet normal 0 0 1
    outer loop
      vertex 85.3966 2.94779 10.5
      vertex 85 2.6 10.5
      vertex 85.3864 2.89647 10.5
    endloop
  endfacet
  facet normal 0 0 1
    outer loop
      vertex 85.3864 2.89647 10.5
      vertex 85 2.6 10.5
      vertex 85.3696 2.84693 10.5
    endloop
  endfacet
  facet normal 0 0 1
    outer loop
      vertex 85.3696 2.84693 10.5
      vertex 85 2.6 10.5
      vertex 85.3464 2.8 10.5
    endloop
  endfacet
  facet normal 0 0 1
    outer loop
      vertex 85.3464 2.8 10.5
      vertex 85 2.6 10.5
      vertex 85.3173 2.75649 10.5
    endloop
  endfacet
  facet normal 0 0 1
    outer loop
      vertex 85.3173 2.75649 10.5
      vertex 85 2.6 10.5
      vertex 85.2828 2.71716 10.5
    endloop
  endfacet
  facet normal 0 0 1
    outer loop
      vertex 85.2828 2.71716 10.5
      vertex 85 2.6 10.5
      vertex 85.2435 2.68266 10.5
    endloop
  endfacet
  facet normal 0 0 1
    outer loop
      vertex 85.2435 2.68266 10.5
      vertex 85 2.6 10.5
      vertex 85.2 2.65359 10.5
    endloop
  endfacet
  facet normal 0 0 1
    outer loop
      vertex 85.2 2.65359 10.5
      vertex 85 2.6 10.5
      vertex 85.1531 2.63045 10.5
    endloop
  endfacet
  facet normal 0 0 1
    outer loop
      vertex 85.1531 2.63045 10.5
      vertex 85 2.6 10.5
      vertex 85.1035 2.61363 10.5
    endloop
  endfacet
  facet normal 0 0 1
    outer loop
      vertex 85.1035 2.61363 10.5
      vertex 85 2.6 10.5
      vertex 85.0522 2.60342 10.5
    endloop
  endfacet
  facet normal -0 0 1
    outer loop
      vertex 84.4131 3.30997 10.5
      vertex 85 2.6 10.5
      vertex 84.5607 3.43934 10.5
    endloop
  endfacet
  facet normal -0 0 1
    outer loop
      vertex 84.25 3.20096 10.5
      vertex 85 2.6 10.5
      vertex 84.4131 3.30997 10.5
    endloop
  endfacet
  facet normal -0 0 1
    outer loop
      vertex 84.074 3.11418 10.5
      vertex 85 2.6 10.5
      vertex 84.25 3.20096 10.5
    endloop
  endfacet
  facet normal -0 0 1
    outer loop
      vertex 83.8882 3.05111 10.5
      vertex 85 2.6 10.5
      vertex 84.074 3.11418 10.5
    endloop
  endfacet
  facet normal -0 0 1
    outer loop
      vertex 83.6958 3.01283 10.5
      vertex 85 2.6 10.5
      vertex 83.8882 3.05111 10.5
    endloop
  endfacet
  facet normal -0 0 1
    outer loop
      vertex 83.5 3 10.5
      vertex 85 2.6 10.5
      vertex 83.6958 3.01283 10.5
    endloop
  endfacet
  facet normal -0 0 1
    outer loop
      vertex 82.3178 3 10.5
      vertex 85 2.6 10.5
      vertex 83.5 3 10.5
    endloop
  endfacet
  facet normal -0 0 1
    outer loop
      vertex 81.8494 5.196 10.5
      vertex 82.4317 3.02267 10.5
      vertex 82.0166 5.25276 10.5
    endloop
  endfacet
  facet normal 0 0 1
    outer loop
      vertex 82.4317 3.02267 10.5
      vertex 81.8494 5.196 10.5
      vertex 82.3178 3 10.5
    endloop
  endfacet
  facet normal -0 0 1
    outer loop
      vertex 81.6762 5.16155 10.5
      vertex 82.3178 3 10.5
      vertex 81.8494 5.196 10.5
    endloop
  endfacet
  facet normal -0 0 1
    outer loop
      vertex 81.5 5.15 10.5
      vertex 82.3178 3 10.5
      vertex 81.6762 5.16155 10.5
    endloop
  endfacet
  facet normal 0 0 1
    outer loop
      vertex 80.6822 3 10.5
      vertex 81.5 5.15 10.5
      vertex 81.3238 5.16155 10.5
    endloop
  endfacet
  facet normal 0 0 1
    outer loop
      vertex 80.6822 3 10.5
      vertex 81.3238 5.16155 10.5
      vertex 81.1506 5.196 10.5
    endloop
  endfacet
  facet normal 0 0 1
    outer loop
      vertex 80.6822 3 10.5
      vertex 81.1506 5.196 10.5
      vertex 80.9834 5.25276 10.5
    endloop
  endfacet
  facet normal 0 0 1
    outer loop
      vertex 80.6822 3 10.5
      vertex 80.9834 5.25276 10.5
      vertex 80.825 5.33086 10.5
    endloop
  endfacet
  facet normal 0 0 1
    outer loop
      vertex 81.5 5.15 10.5
      vertex 80.6822 3 10.5
      vertex 82.3178 3 10.5
    endloop
  endfacet
  facet normal -0 0 1
    outer loop
      vertex 80.6822 3 10.5
      vertex 85 2.6 10.5
      vertex 82.3178 3 10.5
    endloop
  endfacet
  facet normal -0 0 1
    outer loop
      vertex 7.31779 3 10.5
      vertex 85 2.6 10.5
      vertex 80.6822 3 10.5
    endloop
  endfacet
  facet normal -0 0 1
    outer loop
      vertex 6.84941 5.196 10.5
      vertex 7.43175 3.02267 10.5
      vertex 7.01662 5.25276 10.5
    endloop
  endfacet
  facet normal 0 0 1
    outer loop
      vertex 7.43175 3.02267 10.5
      vertex 6.84941 5.196 10.5
      vertex 7.31779 3 10.5
    endloop
  endfacet
  facet normal -0 0 1
    outer loop
      vertex 6.67621 5.16155 10.5
      vertex 7.31779 3 10.5
      vertex 6.84941 5.196 10.5
    endloop
  endfacet
  facet normal -0 0 1
    outer loop
      vertex 6.5 5.15 10.5
      vertex 7.31779 3 10.5
      vertex 6.67621 5.16155 10.5
    endloop
  endfacet
  facet normal 0 0 1
    outer loop
      vertex 5.6822 3 10.5
      vertex 6.5 5.15 10.5
      vertex 6.32379 5.16155 10.5
    endloop
  endfacet
  facet normal 0 0 1
    outer loop
      vertex 5.6822 3 10.5
      vertex 6.32379 5.16155 10.5
      vertex 6.15059 5.196 10.5
    endloop
  endfacet
  facet normal 0 0 1
    outer loop
      vertex 5.6822 3 10.5
      vertex 6.15059 5.196 10.5
      vertex 5.98338 5.25276 10.5
    endloop
  endfacet
  facet normal 0 0 1
    outer loop
      vertex 5.6822 3 10.5
      vertex 5.98338 5.25276 10.5
      vertex 5.825 5.33086 10.5
    endloop
  endfacet
  facet normal 0 0 1
    outer loop
      vertex 6.5 5.15 10.5
      vertex 5.6822 3 10.5
      vertex 7.31779 3 10.5
    endloop
  endfacet
  facet normal 0 0 1
    outer loop
      vertex 3 2.6 10.5
      vertex 7.31779 3 10.5
      vertex 5.6822 3 10.5
    endloop
  endfacet
  facet normal 0 0 1
    outer loop
      vertex 3 2.6 10.5
      vertex 5.6822 3 10.5
      vertex 4.5 3 10.5
    endloop
  endfacet
  facet normal 0 0 1
    outer loop
      vertex 7.31779 3 10.5
      vertex 3 2.6 10.5
      vertex 85 2.6 10.5
    endloop
  endfacet
  facet normal 0 0 1
    outer loop
      vertex 4.30421 3.01283 10.5
      vertex 3 2.6 10.5
      vertex 4.5 3 10.5
    endloop
  endfacet
  facet normal 0 0 1
    outer loop
      vertex 4.11177 3.05111 10.5
      vertex 3 2.6 10.5
      vertex 4.30421 3.01283 10.5
    endloop
  endfacet
  facet normal 0 0 1
    outer loop
      vertex 3.92597 3.11418 10.5
      vertex 3 2.6 10.5
      vertex 4.11177 3.05111 10.5
    endloop
  endfacet
  facet normal 0 0 1
    outer loop
      vertex 3.75 3.20096 10.5
      vertex 3 2.6 10.5
      vertex 3.92597 3.11418 10.5
    endloop
  endfacet
  facet normal 0 0 1
    outer loop
      vertex 3.58686 3.30997 10.5
      vertex 3 2.6 10.5
      vertex 3.75 3.20096 10.5
    endloop
  endfacet
  facet normal 0 0 1
    outer loop
      vertex 3.43934 3.43934 10.5
      vertex 3 2.6 10.5
      vertex 3.58686 3.30997 10.5
    endloop
  endfacet
  facet normal 0 0 1
    outer loop
      vertex 2.6 3 10.5
      vertex 3.43934 3.43934 10.5
      vertex 3.30997 3.58686 10.5
    endloop
  endfacet
  facet normal 0 0 1
    outer loop
      vertex 2.6 3 10.5
      vertex 3.30997 3.58686 10.5
      vertex 3.20096 3.75 10.5
    endloop
  endfacet
  facet normal 0 0 1
    outer loop
      vertex 2.6 3 10.5
      vertex 3.20096 3.75 10.5
      vertex 3.11418 3.92597 10.5
    endloop
  endfacet
  facet normal 0 0 1
    outer loop
      vertex 2.6 3 10.5
      vertex 3.11418 3.92597 10.5
      vertex 3.05111 4.11177 10.5
    endloop
  endfacet
  facet normal 0 0 1
    outer loop
      vertex 2.6 3 10.5
      vertex 3.05111 4.11177 10.5
      vertex 3.01283 4.30421 10.5
    endloop
  endfacet
  facet normal 0 0 1
    outer loop
      vertex 2.6 3 10.5
      vertex 3.01283 4.30421 10.5
      vertex 3 4.5 10.5
    endloop
  endfacet
  facet normal 0 0 1
    outer loop
      vertex 3 7.31779 10.5
      vertex 2.6 3 10.5
      vertex 3 5.6822 10.5
    endloop
  endfacet
  facet normal 0 0 1
    outer loop
      vertex 2.6 41 10.5
      vertex 3 41.4 10.5
      vertex 2.94779 41.3966 10.5
    endloop
  endfacet
  facet normal 0 0 1
    outer loop
      vertex 3 5.6822 10.5
      vertex 2.6 3 10.5
      vertex 3 4.5 10.5
    endloop
  endfacet
  facet normal 0 0 1
    outer loop
      vertex 2.6 41 10.5
      vertex 2.94779 41.3966 10.5
      vertex 2.89647 41.3864 10.5
    endloop
  endfacet
  facet normal 0 0 1
    outer loop
      vertex 3.43934 3.43934 10.5
      vertex 2.6 3 10.5
      vertex 3 2.6 10.5
    endloop
  endfacet
  facet normal 0 0 1
    outer loop
      vertex 2.6 41 10.5
      vertex 2.89647 41.3864 10.5
      vertex 2.84693 41.3696 10.5
    endloop
  endfacet
  facet normal 0 0 1
    outer loop
      vertex 3 2.6 10.5
      vertex 2.6 3 10.5
      vertex 2.94779 2.60342 10.5
    endloop
  endfacet
  facet normal 0 0 1
    outer loop
      vertex 2.6 41 10.5
      vertex 2.84693 41.3696 10.5
      vertex 2.8 41.3464 10.5
    endloop
  endfacet
  facet normal 0 0 1
    outer loop
      vertex 2.94779 2.60342 10.5
      vertex 2.6 3 10.5
      vertex 2.89647 2.61363 10.5
    endloop
  endfacet
  facet normal 0 0 1
    outer loop
      vertex 2.6 41 10.5
      vertex 2.8 41.3464 10.5
      vertex 2.75649 41.3173 10.5
    endloop
  endfacet
  facet normal 0 0 1
    outer loop
      vertex 2.89647 2.61363 10.5
      vertex 2.6 3 10.5
      vertex 2.84693 2.63045 10.5
    endloop
  endfacet
  facet normal 0 0 1
    outer loop
      vertex 2.6 41 10.5
      vertex 2.75649 41.3173 10.5
      vertex 2.71716 41.2828 10.5
    endloop
  endfacet
  facet normal 0 0 1
    outer loop
      vertex 2.84693 2.63045 10.5
      vertex 2.6 3 10.5
      vertex 2.8 2.65359 10.5
    endloop
  endfacet
  facet normal 0 0 1
    outer loop
      vertex 2.6 41 10.5
      vertex 2.71716 41.2828 10.5
      vertex 2.68266 41.2435 10.5
    endloop
  endfacet
  facet normal 0 0 1
    outer loop
      vertex 2.8 2.65359 10.5
      vertex 2.6 3 10.5
      vertex 2.75649 2.68266 10.5
    endloop
  endfacet
  facet normal 0 0 1
    outer loop
      vertex 2.6 41 10.5
      vertex 2.68266 41.2435 10.5
      vertex 2.65359 41.2 10.5
    endloop
  endfacet
  facet normal 0 0 1
    outer loop
      vertex 2.75649 2.68266 10.5
      vertex 2.6 3 10.5
      vertex 2.71716 2.71716 10.5
    endloop
  endfacet
  facet normal 0 0 1
    outer loop
      vertex 2.6 41 10.5
      vertex 2.65359 41.2 10.5
      vertex 2.63045 41.1531 10.5
    endloop
  endfacet
  facet normal 0 0 1
    outer loop
      vertex 2.71716 2.71716 10.5
      vertex 2.6 3 10.5
      vertex 2.68266 2.75649 10.5
    endloop
  endfacet
  facet normal 0 0 1
    outer loop
      vertex 2.6 41 10.5
      vertex 2.63045 41.1531 10.5
      vertex 2.61363 41.1035 10.5
    endloop
  endfacet
  facet normal 0 0 1
    outer loop
      vertex 2.68266 2.75649 10.5
      vertex 2.6 3 10.5
      vertex 2.65359 2.8 10.5
    endloop
  endfacet
  facet normal 0 0 1
    outer loop
      vertex 2.6 41 10.5
      vertex 2.61363 41.1035 10.5
      vertex 2.60342 41.0522 10.5
    endloop
  endfacet
  facet normal 0 0 1
    outer loop
      vertex 2.65359 2.8 10.5
      vertex 2.6 3 10.5
      vertex 2.63045 2.84693 10.5
    endloop
  endfacet
  facet normal 0 0 1
    outer loop
      vertex 2.63045 2.84693 10.5
      vertex 2.6 3 10.5
      vertex 2.61363 2.89647 10.5
    endloop
  endfacet
  facet normal 0 0 1
    outer loop
      vertex 2.61363 2.89647 10.5
      vertex 2.6 3 10.5
      vertex 2.60342 2.94779 10.5
    endloop
  endfacet
  facet normal -0 0 1
    outer loop
      vertex 82.571 36.6782 10.5
      vertex 84.3561 35.3085 10.5
      vertex 82.6691 36.825 10.5
    endloop
  endfacet
  facet normal 0 0 1
    outer loop
      vertex 84.3561 35.3085 10.5
      vertex 82.571 36.6782 10.5
      vertex 84.0456 34.9544 10.5
    endloop
  endfacet
  facet normal -0 0 1
    outer loop
      vertex 82.4546 36.5454 10.5
      vertex 84.0456 34.9544 10.5
      vertex 82.571 36.6782 10.5
    endloop
  endfacet
  facet normal 0 0 1
    outer loop
      vertex 84.0456 34.9544 10.5
      vertex 82.4546 36.5454 10.5
      vertex 83.6915 34.6439 10.5
    endloop
  endfacet
  facet normal -0 0 1
    outer loop
      vertex 82.3218 36.429 10.5
      vertex 83.6915 34.6439 10.5
      vertex 82.4546 36.5454 10.5
    endloop
  endfacet
  facet normal 0 0 1
    outer loop
      vertex 83.6915 34.6439 10.5
      vertex 82.3218 36.429 10.5
      vertex 83.3 34.3823 10.5
    endloop
  endfacet
  facet normal -0 0 1
    outer loop
      vertex 82.175 36.3309 10.5
      vertex 83.3 34.3823 10.5
      vertex 82.3218 36.429 10.5
    endloop
  endfacet
  facet normal 0 0 1
    outer loop
      vertex 83.3 34.3823 10.5
      vertex 82.175 36.3309 10.5
      vertex 82.8777 34.174 10.5
    endloop
  endfacet
  facet normal -0 0 1
    outer loop
      vertex 82.0166 36.2528 10.5
      vertex 82.8777 34.174 10.5
      vertex 82.175 36.3309 10.5
    endloop
  endfacet
  facet normal 0 0 1
    outer loop
      vertex 82.8777 34.174 10.5
      vertex 82.0166 36.2528 10.5
      vertex 82.4317 34.0227 10.5
    endloop
  endfacet
  facet normal -0 0 1
    outer loop
      vertex 81.8494 36.196 10.5
      vertex 82.4317 34.0227 10.5
      vertex 82.0166 36.2528 10.5
    endloop
  endfacet
  facet normal 0 0 1
    outer loop
      vertex 82.4317 34.0227 10.5
      vertex 81.8494 36.196 10.5
      vertex 81.9699 33.9308 10.5
    endloop
  endfacet
  facet normal -0 0 1
    outer loop
      vertex 81.6762 36.1615 10.5
      vertex 81.9699 33.9308 10.5
      vertex 81.8494 36.196 10.5
    endloop
  endfacet
  facet normal -0 0 1
    outer loop
      vertex 81.5 36.15 10.5
      vertex 81.9699 33.9308 10.5
      vertex 81.6762 36.1615 10.5
    endloop
  endfacet
  facet normal 0 0 1
    outer loop
      vertex 81.5 36.15 10.5
      vertex 81.5 33.9 10.5
      vertex 81.9699 33.9308 10.5
    endloop
  endfacet
  facet normal 0 0 1
    outer loop
      vertex 81.3238 36.1615 10.5
      vertex 81.5 33.9 10.5
      vertex 81.5 36.15 10.5
    endloop
  endfacet
  facet normal 0 0 1
    outer loop
      vertex 81.0301 33.9308 10.5
      vertex 81.3238 36.1615 10.5
      vertex 81.1506 36.196 10.5
    endloop
  endfacet
  facet normal 0 0 1
    outer loop
      vertex 81.3238 36.1615 10.5
      vertex 81.0301 33.9308 10.5
      vertex 81.5 33.9 10.5
    endloop
  endfacet
  facet normal 0 0 1
    outer loop
      vertex 80.5683 34.0227 10.5
      vertex 81.1506 36.196 10.5
      vertex 80.9834 36.2528 10.5
    endloop
  endfacet
  facet normal 0 0 1
    outer loop
      vertex 80.1223 34.174 10.5
      vertex 80.9834 36.2528 10.5
      vertex 80.825 36.3309 10.5
    endloop
  endfacet
  facet normal 0 0 1
    outer loop
      vertex 79.7 34.3823 10.5
      vertex 80.825 36.3309 10.5
      vertex 80.6782 36.429 10.5
    endloop
  endfacet
  facet normal 0 0 1
    outer loop
      vertex 81.1506 36.196 10.5
      vertex 80.5683 34.0227 10.5
      vertex 81.0301 33.9308 10.5
    endloop
  endfacet
  facet normal 0 0 1
    outer loop
      vertex 79.3085 34.6439 10.5
      vertex 80.6782 36.429 10.5
      vertex 80.5454 36.5454 10.5
    endloop
  endfacet
  facet normal 0 0 1
    outer loop
      vertex 78.9544 34.9544 10.5
      vertex 80.5454 36.5454 10.5
      vertex 80.429 36.6782 10.5
    endloop
  endfacet
  facet normal 0 0 1
    outer loop
      vertex 78.6439 35.3085 10.5
      vertex 80.429 36.6782 10.5
      vertex 80.3309 36.825 10.5
    endloop
  endfacet
  facet normal 0 0 1
    outer loop
      vertex 78.3823 35.7 10.5
      vertex 80.3309 36.825 10.5
      vertex 80.2528 36.9834 10.5
    endloop
  endfacet
  facet normal 0 0 1
    outer loop
      vertex 78.174 36.1223 10.5
      vertex 80.2528 36.9834 10.5
      vertex 80.196 37.1506 10.5
    endloop
  endfacet
  facet normal 0 0 1
    outer loop
      vertex 78.0227 36.5683 10.5
      vertex 80.196 37.1506 10.5
      vertex 80.1615 37.3238 10.5
    endloop
  endfacet
  facet normal 0 0 1
    outer loop
      vertex 80.9834 36.2528 10.5
      vertex 80.1223 34.174 10.5
      vertex 80.5683 34.0227 10.5
    endloop
  endfacet
  facet normal 0 0 1
    outer loop
      vertex 77.9308 37.0301 10.5
      vertex 80.1615 37.3238 10.5
      vertex 80.15 37.5 10.5
    endloop
  endfacet
  facet normal -0 0 1
    outer loop
      vertex 78.3823 39.3 10.5
      vertex 80.3309 38.175 10.5
      vertex 78.6439 39.6915 10.5
    endloop
  endfacet
  facet normal 0 0 1
    outer loop
      vertex 80.3309 38.175 10.5
      vertex 78.3823 39.3 10.5
      vertex 80.2528 38.0166 10.5
    endloop
  endfacet
  facet normal 0 0 1
    outer loop
      vertex 80.825 36.3309 10.5
      vertex 79.7 34.3823 10.5
      vertex 80.1223 34.174 10.5
    endloop
  endfacet
  facet normal -0 0 1
    outer loop
      vertex 78.174 38.8777 10.5
      vertex 80.2528 38.0166 10.5
      vertex 78.3823 39.3 10.5
    endloop
  endfacet
  facet normal 0 0 1
    outer loop
      vertex 80.6782 36.429 10.5
      vertex 79.3085 34.6439 10.5
      vertex 79.7 34.3823 10.5
    endloop
  endfacet
  facet normal 0 0 1
    outer loop
      vertex 80.2528 38.0166 10.5
      vertex 78.174 38.8777 10.5
      vertex 80.196 37.8494 10.5
    endloop
  endfacet
  facet normal 0 0 1
    outer loop
      vertex 80.5454 36.5454 10.5
      vertex 78.9544 34.9544 10.5
      vertex 79.3085 34.6439 10.5
    endloop
  endfacet
  facet normal -0 0 1
    outer loop
      vertex 78.0227 38.4317 10.5
      vertex 80.196 37.8494 10.5
      vertex 78.174 38.8777 10.5
    endloop
  endfacet
  facet normal 0 0 1
    outer loop
      vertex 80.429 36.6782 10.5
      vertex 78.6439 35.3085 10.5
      vertex 78.9544 34.9544 10.5
    endloop
  endfacet
  facet normal 0 0 1
    outer loop
      vertex 80.196 37.8494 10.5
      vertex 78.0227 38.4317 10.5
      vertex 80.1615 37.6762 10.5
    endloop
  endfacet
  facet normal 0 0 1
    outer loop
      vertex 80.3309 36.825 10.5
      vertex 78.3823 35.7 10.5
      vertex 78.6439 35.3085 10.5
    endloop
  endfacet
  facet normal -0 0 1
    outer loop
      vertex 77.9308 37.9699 10.5
      vertex 80.1615 37.6762 10.5
      vertex 78.0227 38.4317 10.5
    endloop
  endfacet
  facet normal 0 0 1
    outer loop
      vertex 80.2528 36.9834 10.5
      vertex 78.174 36.1223 10.5
      vertex 78.3823 35.7 10.5
    endloop
  endfacet
  facet normal 0 0 1
    outer loop
      vertex 80.1615 37.6762 10.5
      vertex 77.9308 37.9699 10.5
      vertex 80.15 37.5 10.5
    endloop
  endfacet
  facet normal 0 0 1
    outer loop
      vertex 80.196 37.1506 10.5
      vertex 78.0227 36.5683 10.5
      vertex 78.174 36.1223 10.5
    endloop
  endfacet
  facet normal 0 0 1
    outer loop
      vertex 77.9 37.5 10.5
      vertex 80.15 37.5 10.5
      vertex 77.9308 37.9699 10.5
    endloop
  endfacet
  facet normal 0 0 1
    outer loop
      vertex 80.1615 37.3238 10.5
      vertex 77.9308 37.0301 10.5
      vertex 78.0227 36.5683 10.5
    endloop
  endfacet
  facet normal 0 0 1
    outer loop
      vertex 80.15 37.5 10.5
      vertex 77.9 37.5 10.5
      vertex 77.9308 37.0301 10.5
    endloop
  endfacet
  facet normal -0 0 1
    outer loop
      vertex 82.571 5.67817 10.5
      vertex 84.3561 4.30846 10.5
      vertex 82.6691 5.825 10.5
    endloop
  endfacet
  facet normal 0 0 1
    outer loop
      vertex 84.3561 4.30846 10.5
      vertex 82.571 5.67817 10.5
      vertex 84.0456 3.95442 10.5
    endloop
  endfacet
  facet normal -0 0 1
    outer loop
      vertex 82.4546 5.54541 10.5
      vertex 84.0456 3.95442 10.5
      vertex 82.571 5.67817 10.5
    endloop
  endfacet
  facet normal 0 0 1
    outer loop
      vertex 84.0456 3.95442 10.5
      vertex 82.4546 5.54541 10.5
      vertex 83.6915 3.64393 10.5
    endloop
  endfacet
  facet normal -0 0 1
    outer loop
      vertex 82.3218 5.42897 10.5
      vertex 83.6915 3.64393 10.5
      vertex 82.4546 5.54541 10.5
    endloop
  endfacet
  facet normal 0 0 1
    outer loop
      vertex 83.6915 3.64393 10.5
      vertex 82.3218 5.42897 10.5
      vertex 83.3 3.38231 10.5
    endloop
  endfacet
  facet normal -0 0 1
    outer loop
      vertex 82.175 5.33086 10.5
      vertex 83.3 3.38231 10.5
      vertex 82.3218 5.42897 10.5
    endloop
  endfacet
  facet normal 0 0 1
    outer loop
      vertex 83.3 3.38231 10.5
      vertex 82.175 5.33086 10.5
      vertex 82.8777 3.17403 10.5
    endloop
  endfacet
  facet normal -0 0 1
    outer loop
      vertex 82.0166 5.25276 10.5
      vertex 82.8777 3.17403 10.5
      vertex 82.175 5.33086 10.5
    endloop
  endfacet
  facet normal 0 0 1
    outer loop
      vertex 82.8777 3.17403 10.5
      vertex 82.0166 5.25276 10.5
      vertex 82.4317 3.02267 10.5
    endloop
  endfacet
  facet normal -0.997859 -0.0654026 0
    outer loop
      vertex 0.0256653 2.60842 0
      vertex 0 3 10.5
      vertex 0 3 0
    endloop
  endfacet
  facet normal -0.997859 -0.0654026 0
    outer loop
      vertex 0 3 10.5
      vertex 0.0256653 2.60842 0
      vertex 0.0256653 2.60842 10.5
    endloop
  endfacet
  facet normal 0.65939 -0.751801 0
    outer loop
      vertex 86.8263 0.61994 0
      vertex 87.1213 0.878679 10.5
      vertex 86.8263 0.61994 10.5
    endloop
  endfacet
  facet normal 0.65939 -0.751801 0
    outer loop
      vertex 87.1213 0.878679 10.5
      vertex 86.8263 0.61994 0
      vertex 87.1213 0.878679 0
    endloop
  endfacet
  facet normal -0.831481 0.555553 0
    outer loop
      vertex 0.401923 42.5 0
      vertex 0.61994 42.8263 10.5
      vertex 0.61994 42.8263 0
    endloop
  endfacet
  facet normal -0.831481 0.555553 0
    outer loop
      vertex 0.61994 42.8263 10.5
      vertex 0.401923 42.5 0
      vertex 0.401923 42.5 10.5
    endloop
  endfacet
  facet normal 0.321651 0.946858 -0
    outer loop
      vertex 86.148 43.7716 0
      vertex 85.7765 43.8978 10.5
      vertex 86.148 43.7716 10.5
    endloop
  endfacet
  facet normal 0.321651 0.946858 0
    outer loop
      vertex 85.7765 43.8978 10.5
      vertex 86.148 43.7716 0
      vertex 85.7765 43.8978 0
    endloop
  endfacet
  facet normal -0.980786 -0.195089 0
    outer loop
      vertex 0.102222 2.22354 0
      vertex 0.0256653 2.60842 10.5
      vertex 0.0256653 2.60842 0
    endloop
  endfacet
  facet normal -0.980786 -0.195089 0
    outer loop
      vertex 0.0256653 2.60842 10.5
      vertex 0.102222 2.22354 0
      vertex 0.102222 2.22354 10.5
    endloop
  endfacet
  facet normal 0.997853 -0.0654906 0
    outer loop
      vertex 87.9743 2.60842 10.5
      vertex 88 3 0
      vertex 88 3 10.5
    endloop
  endfacet
  facet normal 0.997853 -0.0654906 0
    outer loop
      vertex 88 3 0
      vertex 87.9743 2.60842 10.5
      vertex 87.9743 2.60842 0
    endloop
  endfacet
  facet normal -0.44216 0.896936 0
    outer loop
      vertex 1.85195 43.7716 0
      vertex 1.5 43.5981 10.5
      vertex 1.85195 43.7716 10.5
    endloop
  endfacet
  facet normal -0.44216 0.896936 0
    outer loop
      vertex 1.5 43.5981 10.5
      vertex 1.85195 43.7716 0
      vertex 1.5 43.5981 0
    endloop
  endfacet
  facet normal 0.946882 -0.321582 0
    outer loop
      vertex 87.7716 1.85195 10.5
      vertex 87.8978 2.22354 0
      vertex 87.8978 2.22354 10.5
    endloop
  endfacet
  facet normal 0.946882 -0.321582 0
    outer loop
      vertex 87.8978 2.22354 0
      vertex 87.7716 1.85195 10.5
      vertex 87.7716 1.85195 0
    endloop
  endfacet
  facet normal 0.896961 0.44211 0
    outer loop
      vertex 87.7716 42.148 10.5
      vertex 87.5981 42.5 0
      vertex 87.5981 42.5 10.5
    endloop
  endfacet
  facet normal 0.896961 0.44211 0
    outer loop
      vertex 87.5981 42.5 0
      vertex 87.7716 42.148 10.5
      vertex 87.7716 42.148 0
    endloop
  endfacet
  facet normal -0.555547 0.831485 0
    outer loop
      vertex 1.5 43.5981 0
      vertex 1.17372 43.3801 10.5
      vertex 1.5 43.5981 10.5
    endloop
  endfacet
  facet normal -0.555547 0.831485 0
    outer loop
      vertex 1.17372 43.3801 10.5
      vertex 1.5 43.5981 0
      vertex 1.17372 43.3801 0
    endloop
  endfacet
  facet normal 0 -1 0
    outer loop
      vertex 3 0 0
      vertex 85 0 10.5
      vertex 3 0 10.5
    endloop
  endfacet
  facet normal 0 -1 -0
    outer loop
      vertex 85 0 10.5
      vertex 3 0 0
      vertex 85 0 0
    endloop
  endfacet
  facet normal -1 0 0
    outer loop
      vertex 0 3 0
      vertex 0 41 10.5
      vertex 0 41 0
    endloop
  endfacet
  facet normal -1 -0 0
    outer loop
      vertex 0 41 10.5
      vertex 0 3 0
      vertex 0 3 10.5
    endloop
  endfacet
  facet normal 0.751724 0.659478 0
    outer loop
      vertex 87.3801 42.8263 10.5
      vertex 87.1213 43.1213 0
      vertex 87.1213 43.1213 10.5
    endloop
  endfacet
  facet normal 0.751724 0.659478 0
    outer loop
      vertex 87.1213 43.1213 0
      vertex 87.3801 42.8263 10.5
      vertex 87.3801 42.8263 0
    endloop
  endfacet
  facet normal -0.195089 -0.980786 0
    outer loop
      vertex 2.22354 0.102222 0
      vertex 2.60842 0.0256653 10.5
      vertex 2.22354 0.102222 10.5
    endloop
  endfacet
  facet normal -0.195089 -0.980786 -0
    outer loop
      vertex 2.60842 0.0256653 10.5
      vertex 2.22354 0.102222 0
      vertex 2.60842 0.0256653 0
    endloop
  endfacet
  facet normal 0.831501 0.555523 0
    outer loop
      vertex 87.5981 42.5 10.5
      vertex 87.3801 42.8263 0
      vertex 87.3801 42.8263 10.5
    endloop
  endfacet
  facet normal 0.831501 0.555523 0
    outer loop
      vertex 87.3801 42.8263 0
      vertex 87.5981 42.5 10.5
      vertex 87.5981 42.5 0
    endloop
  endfacet
  facet normal 1 -0 0
    outer loop
      vertex 88 3 10.5
      vertex 88 41 0
      vertex 88 41 10.5
    endloop
  endfacet
  facet normal 1 0 0
    outer loop
      vertex 88 41 0
      vertex 88 3 10.5
      vertex 88 3 0
    endloop
  endfacet
  facet normal -0.751801 0.65939 0
    outer loop
      vertex 0.61994 42.8263 0
      vertex 0.878679 43.1213 10.5
      vertex 0.878679 43.1213 0
    endloop
  endfacet
  facet normal -0.751801 0.65939 0
    outer loop
      vertex 0.878679 43.1213 10.5
      vertex 0.61994 42.8263 0
      vertex 0.61994 42.8263 10.5
    endloop
  endfacet
  facet normal -0.896898 0.442237 0
    outer loop
      vertex 0.228361 42.148 0
      vertex 0.401923 42.5 10.5
      vertex 0.401923 42.5 0
    endloop
  endfacet
  facet normal -0.896898 0.442237 0
    outer loop
      vertex 0.401923 42.5 10.5
      vertex 0.228361 42.148 0
      vertex 0.228361 42.148 10.5
    endloop
  endfacet
  facet normal 0.946858 0.321651 0
    outer loop
      vertex 87.8978 41.7765 10.5
      vertex 87.7716 42.148 0
      vertex 87.7716 42.148 10.5
    endloop
  endfacet
  facet normal 0.946858 0.321651 0
    outer loop
      vertex 87.7716 42.148 0
      vertex 87.8978 41.7765 10.5
      vertex 87.8978 41.7765 0
    endloop
  endfacet
  facet normal 0.831485 -0.555547 0
    outer loop
      vertex 87.3801 1.17372 10.5
      vertex 87.5981 1.5 0
      vertex 87.5981 1.5 10.5
    endloop
  endfacet
  facet normal 0.831485 -0.555547 0
    outer loop
      vertex 87.5981 1.5 0
      vertex 87.3801 1.17372 10.5
      vertex 87.3801 1.17372 0
    endloop
  endfacet
  facet normal -0.0654906 0.997853 0
    outer loop
      vertex 3 44 0
      vertex 2.60842 43.9743 10.5
      vertex 3 44 10.5
    endloop
  endfacet
  facet normal -0.0654906 0.997853 0
    outer loop
      vertex 2.60842 43.9743 10.5
      vertex 3 44 0
      vertex 2.60842 43.9743 0
    endloop
  endfacet
  facet normal -0.946905 0.321512 0
    outer loop
      vertex 0.102222 41.7765 0
      vertex 0.228361 42.148 10.5
      vertex 0.228361 42.148 0
    endloop
  endfacet
  facet normal -0.946905 0.321512 0
    outer loop
      vertex 0.228361 42.148 10.5
      vertex 0.102222 41.7765 0
      vertex 0.102222 41.7765 10.5
    endloop
  endfacet
  facet normal 0.555553 -0.831481 0
    outer loop
      vertex 86.5 0.401923 0
      vertex 86.8263 0.61994 10.5
      vertex 86.5 0.401923 10.5
    endloop
  endfacet
  facet normal 0.555553 -0.831481 0
    outer loop
      vertex 86.8263 0.61994 10.5
      vertex 86.5 0.401923 0
      vertex 86.8263 0.61994 0
    endloop
  endfacet
  facet normal 0 1 -0
    outer loop
      vertex 85 44 0
      vertex 3 44 10.5
      vertex 85 44 10.5
    endloop
  endfacet
  facet normal 0 1 0
    outer loop
      vertex 3 44 10.5
      vertex 85 44 0
      vertex 3 44 0
    endloop
  endfacet
  facet normal 0.44211 0.896961 -0
    outer loop
      vertex 86.5 43.5981 0
      vertex 86.148 43.7716 10.5
      vertex 86.5 43.5981 10.5
    endloop
  endfacet
  facet normal 0.44211 0.896961 0
    outer loop
      vertex 86.148 43.7716 10.5
      vertex 86.5 43.5981 0
      vertex 86.148 43.7716 0
    endloop
  endfacet
  facet normal -0.442288 -0.896873 0
    outer loop
      vertex 1.5 0.401923 0
      vertex 1.85195 0.228361 10.5
      vertex 1.5 0.401923 10.5
    endloop
  endfacet
  facet normal -0.442288 -0.896873 -0
    outer loop
      vertex 1.85195 0.228361 10.5
      vertex 1.5 0.401923 0
      vertex 1.85195 0.228361 0
    endloop
  endfacet
  facet normal 0.980813 -0.19495 0
    outer loop
      vertex 87.8978 2.22354 10.5
      vertex 87.9743 2.60842 0
      vertex 87.9743 2.60842 10.5
    endloop
  endfacet
  facet normal 0.980813 -0.19495 0
    outer loop
      vertex 87.9743 2.60842 0
      vertex 87.8978 2.22354 10.5
      vertex 87.8978 2.22354 0
    endloop
  endfacet
  facet normal -0.751846 -0.659339 0
    outer loop
      vertex 0.878679 0.878679 0
      vertex 0.61994 1.17372 10.5
      vertex 0.61994 1.17372 0
    endloop
  endfacet
  facet normal -0.751846 -0.659339 0
    outer loop
      vertex 0.61994 1.17372 10.5
      vertex 0.878679 0.878679 0
      vertex 0.878679 0.878679 10.5
    endloop
  endfacet
  facet normal 0.19494 0.980815 -0
    outer loop
      vertex 85.7765 43.8978 0
      vertex 85.3916 43.9743 10.5
      vertex 85.7765 43.8978 10.5
    endloop
  endfacet
  facet normal 0.19494 0.980815 0
    outer loop
      vertex 85.3916 43.9743 10.5
      vertex 85.7765 43.8978 0
      vertex 85.3916 43.9743 0
    endloop
  endfacet
  facet normal -0.831465 -0.555577 0
    outer loop
      vertex 0.61994 1.17372 0
      vertex 0.401923 1.5 10.5
      vertex 0.401923 1.5 0
    endloop
  endfacet
  facet normal -0.831465 -0.555577 0
    outer loop
      vertex 0.401923 1.5 10.5
      vertex 0.61994 1.17372 0
      vertex 0.61994 1.17372 10.5
    endloop
  endfacet
  facet normal -0 0 -1
    outer loop
      vertex 8.93935 9.93935 0
      vertex 7.175 7.66913 0
      vertex 8.80997 10.0869 0
    endloop
  endfacet
  facet normal 0 0 -1
    outer loop
      vertex 8.5 33 0
      vertex 7.83845 37.3238 0
      vertex 7.85 37.5 0
    endloop
  endfacet
  facet normal 0 0 -1
    outer loop
      vertex 7.01662 7.74724 0
      vertex 8.80997 10.0869 0
      vertex 7.175 7.66913 0
    endloop
  endfacet
  facet normal 0 0 -1
    outer loop
      vertex 8.5 33 0
      vertex 7.804 37.1506 0
      vertex 7.83845 37.3238 0
    endloop
  endfacet
  facet normal -0 0 -1
    outer loop
      vertex 8.80997 10.0869 0
      vertex 7.01662 7.74724 0
      vertex 8.70096 10.25 0
    endloop
  endfacet
  facet normal 0 0 -1
    outer loop
      vertex 8.5 33 0
      vertex 7.74724 36.9834 0
      vertex 7.804 37.1506 0
    endloop
  endfacet
  facet normal 0 0 -1
    outer loop
      vertex 6.84941 7.804 0
      vertex 8.70096 10.25 0
      vertex 7.01662 7.74724 0
    endloop
  endfacet
  facet normal 0 0 -1
    outer loop
      vertex 8.5 33 0
      vertex 7.66913 36.825 0
      vertex 7.74724 36.9834 0
    endloop
  endfacet
  facet normal 0 0 -1
    outer loop
      vertex 6.67621 7.83845 0
      vertex 8.70096 10.25 0
      vertex 6.84941 7.804 0
    endloop
  endfacet
  facet normal 0 0 -1
    outer loop
      vertex 8.5 33 0
      vertex 7.57103 36.6782 0
      vertex 7.66913 36.825 0
    endloop
  endfacet
  facet normal -0 0 -1
    outer loop
      vertex 8.70096 10.25 0
      vertex 6.67621 7.83845 0
      vertex 8.61418 10.426 0
    endloop
  endfacet
  facet normal 0 0 -1
    outer loop
      vertex 8.5 33 0
      vertex 7.45459 36.5454 0
      vertex 7.57103 36.6782 0
    endloop
  endfacet
  facet normal 0 0 -1
    outer loop
      vertex 6.5 7.85 0
      vertex 8.61418 10.426 0
      vertex 6.67621 7.83845 0
    endloop
  endfacet
  facet normal 0 0 -1
    outer loop
      vertex 8.5 33 0
      vertex 7.32183 36.429 0
      vertex 7.45459 36.5454 0
    endloop
  endfacet
  facet normal -0 0 -1
    outer loop
      vertex 8.61418 10.426 0
      vertex 6.5 7.85 0
      vertex 8.55112 10.6118 0
    endloop
  endfacet
  facet normal 0 0 -1
    outer loop
      vertex 8.5 33 0
      vertex 7.175 36.3309 0
      vertex 7.32183 36.429 0
    endloop
  endfacet
  facet normal 0 0 -1
    outer loop
      vertex 6.32379 7.83845 0
      vertex 8.55112 10.6118 0
      vertex 6.5 7.85 0
    endloop
  endfacet
  facet normal 0 0 -1
    outer loop
      vertex 8.5 33 0
      vertex 7.01662 36.2528 0
      vertex 7.175 36.3309 0
    endloop
  endfacet
  facet normal -0 0 -1
    outer loop
      vertex 8.55112 10.6118 0
      vertex 6.32379 7.83845 0
      vertex 8.51283 10.8042 0
    endloop
  endfacet
  facet normal 0 0 -1
    outer loop
      vertex 8.5 33 0
      vertex 6.84941 36.196 0
      vertex 7.01662 36.2528 0
    endloop
  endfacet
  facet normal 0 0 -1
    outer loop
      vertex 6.15059 7.804 0
      vertex 8.51283 10.8042 0
      vertex 6.32379 7.83845 0
    endloop
  endfacet
  facet normal 0 0 -1
    outer loop
      vertex 8.5 33 0
      vertex 6.67621 36.1615 0
      vertex 6.84941 36.196 0
    endloop
  endfacet
  facet normal -0 0 -1
    outer loop
      vertex 8.51283 10.8042 0
      vertex 6.15059 7.804 0
      vertex 8.5 11 0
    endloop
  endfacet
  facet normal 0 0 -1
    outer loop
      vertex 8.5 33 0
      vertex 6.5 36.15 0
      vertex 6.67621 36.1615 0
    endloop
  endfacet
  facet normal 0 0 -1
    outer loop
      vertex 5.98338 7.74724 0
      vertex 8.5 11 0
      vertex 6.15059 7.804 0
    endloop
  endfacet
  facet normal 0 0 -1
    outer loop
      vertex 8.5 33 0
      vertex 6.32379 36.1615 0
      vertex 6.5 36.15 0
    endloop
  endfacet
  facet normal 0 0 -1
    outer loop
      vertex 5.825 7.66913 0
      vertex 8.5 11 0
      vertex 5.98338 7.74724 0
    endloop
  endfacet
  facet normal 0 0 -1
    outer loop
      vertex 8.5 33 0
      vertex 6.15059 36.196 0
      vertex 6.32379 36.1615 0
    endloop
  endfacet
  facet normal 0 0 -1
    outer loop
      vertex 5.67817 7.57103 0
      vertex 8.5 11 0
      vertex 5.825 7.66913 0
    endloop
  endfacet
  facet normal 0 0 -1
    outer loop
      vertex 8.5 33 0
      vertex 5.98338 36.2528 0
      vertex 6.15059 36.196 0
    endloop
  endfacet
  facet normal 0 0 -1
    outer loop
      vertex 5.54541 7.45459 0
      vertex 8.5 11 0
      vertex 5.67817 7.57103 0
    endloop
  endfacet
  facet normal 0 0 -1
    outer loop
      vertex 8.5 33 0
      vertex 5.825 36.3309 0
      vertex 5.98338 36.2528 0
    endloop
  endfacet
  facet normal -0 0 -1
    outer loop
      vertex 8.5 11 0
      vertex 5.54541 7.45459 0
      vertex 8.5 33 0
    endloop
  endfacet
  facet normal 0 0 -1
    outer loop
      vertex 8.5 33 0
      vertex 5.67817 36.429 0
      vertex 5.825 36.3309 0
    endloop
  endfacet
  facet normal 0 0 -1
    outer loop
      vertex 5.54541 36.5454 0
      vertex 8.5 33 0
      vertex 5.54541 7.45459 0
    endloop
  endfacet
  facet normal 0 0 -1
    outer loop
      vertex 8.5 33 0
      vertex 5.54541 36.5454 0
      vertex 5.67817 36.429 0
    endloop
  endfacet
  facet normal 0 0 -1
    outer loop
      vertex 0 3 0
      vertex 5.54541 7.45459 0
      vertex 5.42897 7.32183 0
    endloop
  endfacet
  facet normal -0 0 -1
    outer loop
      vertex 5.54541 7.45459 0
      vertex 0 3 0
      vertex 5.54541 36.5454 0
    endloop
  endfacet
  facet normal 0 0 -1
    outer loop
      vertex 0 3 0
      vertex 5.42897 7.32183 0
      vertex 5.33086 7.175 0
    endloop
  endfacet
  facet normal 0 0 -1
    outer loop
      vertex 0 41 0
      vertex 5.54541 36.5454 0
      vertex 0 3 0
    endloop
  endfacet
  facet normal 0 0 -1
    outer loop
      vertex 0 3 0
      vertex 5.33086 7.175 0
      vertex 5.25276 7.01662 0
    endloop
  endfacet
  facet normal 0 0 -1
    outer loop
      vertex 5.54541 36.5454 0
      vertex 0 41 0
      vertex 5.42897 36.6782 0
    endloop
  endfacet
  facet normal 0 0 -1
    outer loop
      vertex 0 3 0
      vertex 5.25276 7.01662 0
      vertex 5.196 6.84941 0
    endloop
  endfacet
  facet normal 0 0 -1
    outer loop
      vertex 5.42897 36.6782 0
      vertex 0 41 0
      vertex 5.33086 36.825 0
    endloop
  endfacet
  facet normal 0 0 -1
    outer loop
      vertex 0 3 0
      vertex 5.196 6.84941 0
      vertex 5.16155 6.67621 0
    endloop
  endfacet
  facet normal 0 0 -1
    outer loop
      vertex 5.33086 36.825 0
      vertex 0 41 0
      vertex 5.25276 36.9834 0
    endloop
  endfacet
  facet normal 0 0 -1
    outer loop
      vertex 0 3 0
      vertex 5.16155 6.67621 0
      vertex 5.15 6.5 0
    endloop
  endfacet
  facet normal 0 0 -1
    outer loop
      vertex 5.25276 36.9834 0
      vertex 0 41 0
      vertex 5.196 37.1506 0
    endloop
  endfacet
  facet normal 0 0 -1
    outer loop
      vertex 82.7472 7.01662 0
      vertex 88 3 0
      vertex 82.804 6.84941 0
    endloop
  endfacet
  facet normal 0 0 -1
    outer loop
      vertex 88 41 0
      vertex 82.8384 37.3238 0
      vertex 82.85 37.5 0
    endloop
  endfacet
  facet normal 0 0 -1
    outer loop
      vertex 82.6691 7.175 0
      vertex 88 3 0
      vertex 82.7472 7.01662 0
    endloop
  endfacet
  facet normal 0 0 -1
    outer loop
      vertex 88 41 0
      vertex 82.804 37.1506 0
      vertex 82.8384 37.3238 0
    endloop
  endfacet
  facet normal 0 0 -1
    outer loop
      vertex 82.571 7.32183 0
      vertex 88 3 0
      vertex 82.6691 7.175 0
    endloop
  endfacet
  facet normal 0 0 -1
    outer loop
      vertex 88 41 0
      vertex 82.7472 36.9834 0
      vertex 82.804 37.1506 0
    endloop
  endfacet
  facet normal 0 0 -1
    outer loop
      vertex 82.4546 7.45459 0
      vertex 88 3 0
      vertex 82.571 7.32183 0
    endloop
  endfacet
  facet normal 0 0 -1
    outer loop
      vertex 88 41 0
      vertex 82.6691 36.825 0
      vertex 82.7472 36.9834 0
    endloop
  endfacet
  facet normal 0 0 -1
    outer loop
      vertex 88 3 0
      vertex 82.4546 7.45459 0
      vertex 88 41 0
    endloop
  endfacet
  facet normal 0 0 -1
    outer loop
      vertex 88 41 0
      vertex 82.571 36.6782 0
      vertex 82.6691 36.825 0
    endloop
  endfacet
  facet normal 0 0 -1
    outer loop
      vertex 82.4546 36.5454 0
      vertex 88 41 0
      vertex 82.4546 7.45459 0
    endloop
  endfacet
  facet normal 0 0 -1
    outer loop
      vertex 88 41 0
      vertex 82.4546 36.5454 0
      vertex 82.571 36.6782 0
    endloop
  endfacet
  facet normal 0 0 -1
    outer loop
      vertex 79.5 11 0
      vertex 82.4546 7.45459 0
      vertex 82.3218 7.57103 0
    endloop
  endfacet
  facet normal 0 0 -1
    outer loop
      vertex 82.4546 7.45459 0
      vertex 79.5 11 0
      vertex 82.4546 36.5454 0
    endloop
  endfacet
  facet normal 0 0 -1
    outer loop
      vertex 79.5 11 0
      vertex 82.3218 7.57103 0
      vertex 82.175 7.66913 0
    endloop
  endfacet
  facet normal 0 0 -1
    outer loop
      vertex 79.5 33 0
      vertex 82.4546 36.5454 0
      vertex 79.5 11 0
    endloop
  endfacet
  facet normal 0 0 -1
    outer loop
      vertex 79.5 11 0
      vertex 82.175 7.66913 0
      vertex 82.0166 7.74724 0
    endloop
  endfacet
  facet normal 0 0 -1
    outer loop
      vertex 82.4546 36.5454 0
      vertex 79.5 33 0
      vertex 82.3218 36.429 0
    endloop
  endfacet
  facet normal 0 0 -1
    outer loop
      vertex 79.5 11 0
      vertex 82.0166 7.74724 0
      vertex 81.8494 7.804 0
    endloop
  endfacet
  facet normal 0 0 -1
    outer loop
      vertex 82.3218 36.429 0
      vertex 79.5 33 0
      vertex 82.175 36.3309 0
    endloop
  endfacet
  facet normal 0 0 -1
    outer loop
      vertex 79.4872 10.8042 0
      vertex 81.8494 7.804 0
      vertex 81.6762 7.83845 0
    endloop
  endfacet
  facet normal 0 0 -1
    outer loop
      vertex 82.175 36.3309 0
      vertex 79.5 33 0
      vertex 82.0166 36.2528 0
    endloop
  endfacet
  facet normal 0 0 -1
    outer loop
      vertex 79.4489 10.6118 0
      vertex 81.6762 7.83845 0
      vertex 81.5 7.85 0
    endloop
  endfacet
  facet normal 0 0 -1
    outer loop
      vertex 82.0166 36.2528 0
      vertex 79.5 33 0
      vertex 81.8494 36.196 0
    endloop
  endfacet
  facet normal 0 0 -1
    outer loop
      vertex 79.3858 10.426 0
      vertex 81.5 7.85 0
      vertex 81.3238 7.83845 0
    endloop
  endfacet
  facet normal 0 0 -1
    outer loop
      vertex 79.4872 33.1958 0
      vertex 81.8494 36.196 0
      vertex 79.5 33 0
    endloop
  endfacet
  facet normal 0 0 -1
    outer loop
      vertex 79.299 10.25 0
      vertex 81.3238 7.83845 0
      vertex 81.1506 7.804 0
    endloop
  endfacet
  facet normal 0 0 -1
    outer loop
      vertex 81.8494 36.196 0
      vertex 79.4872 33.1958 0
      vertex 81.6762 36.1615 0
    endloop
  endfacet
  facet normal 0 0 -1
    outer loop
      vertex 79.299 10.25 0
      vertex 81.1506 7.804 0
      vertex 80.9834 7.74724 0
    endloop
  endfacet
  facet normal 0 0 -1
    outer loop
      vertex 79.4489 33.3882 0
      vertex 81.6762 36.1615 0
      vertex 79.4872 33.1958 0
    endloop
  endfacet
  facet normal 0 0 -1
    outer loop
      vertex 79.19 10.0869 0
      vertex 80.9834 7.74724 0
      vertex 80.825 7.66913 0
    endloop
  endfacet
  facet normal 0 0 -1
    outer loop
      vertex 81.6762 36.1615 0
      vertex 79.4489 33.3882 0
      vertex 81.5 36.15 0
    endloop
  endfacet
  facet normal 0 0 -1
    outer loop
      vertex 79.0607 9.93935 0
      vertex 80.825 7.66913 0
      vertex 80.6782 7.57103 0
    endloop
  endfacet
  facet normal 0 0 -1
    outer loop
      vertex 79.3858 33.574 0
      vertex 81.5 36.15 0
      vertex 79.4489 33.3882 0
    endloop
  endfacet
  facet normal 0 0 -1
    outer loop
      vertex 78.9131 9.80997 0
      vertex 80.6782 7.57103 0
      vertex 80.5454 7.45459 0
    endloop
  endfacet
  facet normal -0 0 -1
    outer loop
      vertex 81.5 36.15 0
      vertex 79.3858 33.574 0
      vertex 81.3238 36.1615 0
    endloop
  endfacet
  facet normal 0 0 -1
    outer loop
      vertex 78.75 9.70096 0
      vertex 80.5454 7.45459 0
      vertex 80.429 7.32183 0
    endloop
  endfacet
  facet normal 0 0 -1
    outer loop
      vertex 79.299 33.75 0
      vertex 81.3238 36.1615 0
      vertex 79.3858 33.574 0
    endloop
  endfacet
  facet normal 0 0 -1
    outer loop
      vertex 78.574 9.61418 0
      vertex 80.429 7.32183 0
      vertex 80.3309 7.175 0
    endloop
  endfacet
  facet normal -0 0 -1
    outer loop
      vertex 81.3238 36.1615 0
      vertex 79.299 33.75 0
      vertex 81.1506 36.196 0
    endloop
  endfacet
  facet normal 0 0 -1
    outer loop
      vertex 78.3882 9.55112 0
      vertex 80.3309 7.175 0
      vertex 80.2528 7.01662 0
    endloop
  endfacet
  facet normal -0 0 -1
    outer loop
      vertex 81.1506 36.196 0
      vertex 79.299 33.75 0
      vertex 80.9834 36.2528 0
    endloop
  endfacet
  facet normal 0 0 -1
    outer loop
      vertex 78.1958 9.51283 0
      vertex 80.2528 7.01662 0
      vertex 80.196 6.84941 0
    endloop
  endfacet
  facet normal 0 0 -1
    outer loop
      vertex 79.19 33.9131 0
      vertex 80.9834 36.2528 0
      vertex 79.299 33.75 0
    endloop
  endfacet
  facet normal 0 0 -1
    outer loop
      vertex 78 9.5 0
      vertex 80.196 6.84941 0
      vertex 80.1615 6.67621 0
    endloop
  endfacet
  facet normal -0 0 -1
    outer loop
      vertex 80.9834 36.2528 0
      vertex 79.19 33.9131 0
      vertex 80.825 36.3309 0
    endloop
  endfacet
  facet normal 0 0 -1
    outer loop
      vertex 78 9.5 0
      vertex 80.1615 6.67621 0
      vertex 80.15 6.5 0
    endloop
  endfacet
  facet normal 0 0 -1
    outer loop
      vertex 79.0607 34.0607 0
      vertex 80.825 36.3309 0
      vertex 79.19 33.9131 0
    endloop
  endfacet
  facet normal 0 0 -1
    outer loop
      vertex 85 0 0
      vertex 88 3 0
      vertex 87.9743 2.60842 0
    endloop
  endfacet
  facet normal 0 0 -1
    outer loop
      vertex 82.8384 6.67621 0
      vertex 88 3 0
      vertex 82.85 6.5 0
    endloop
  endfacet
  facet normal 0 0 -1
    outer loop
      vertex 85 0 0
      vertex 87.9743 2.60842 0
      vertex 87.8978 2.22354 0
    endloop
  endfacet
  facet normal 0 0 -1
    outer loop
      vertex 82.804 6.84941 0
      vertex 88 3 0
      vertex 82.8384 6.67621 0
    endloop
  endfacet
  facet normal 0 0 -1
    outer loop
      vertex 85 0 0
      vertex 87.8978 2.22354 0
      vertex 87.7716 1.85195 0
    endloop
  endfacet
  facet normal 0 0 -1
    outer loop
      vertex 82.8384 37.6762 0
      vertex 88 41 0
      vertex 82.85 37.5 0
    endloop
  endfacet
  facet normal 0 0 -1
    outer loop
      vertex 85 0 0
      vertex 87.7716 1.85195 0
      vertex 87.5981 1.5 0
    endloop
  endfacet
  facet normal 0 0 -1
    outer loop
      vertex 82.804 37.8494 0
      vertex 88 41 0
      vertex 82.8384 37.6762 0
    endloop
  endfacet
  facet normal 0 0 -1
    outer loop
      vertex 85 0 0
      vertex 87.5981 1.5 0
      vertex 87.3801 1.17372 0
    endloop
  endfacet
  facet normal 0 0 -1
    outer loop
      vertex 82.7472 38.0166 0
      vertex 88 41 0
      vertex 82.804 37.8494 0
    endloop
  endfacet
  facet normal 0 0 -1
    outer loop
      vertex 85 0 0
      vertex 87.3801 1.17372 0
      vertex 87.1213 0.878679 0
    endloop
  endfacet
  facet normal 0 0 -1
    outer loop
      vertex 82.6691 38.175 0
      vertex 88 41 0
      vertex 82.7472 38.0166 0
    endloop
  endfacet
  facet normal 0 0 -1
    outer loop
      vertex 85 0 0
      vertex 87.1213 0.878679 0
      vertex 86.8263 0.61994 0
    endloop
  endfacet
  facet normal 0 0 -1
    outer loop
      vertex 82.571 38.3218 0
      vertex 88 41 0
      vertex 82.6691 38.175 0
    endloop
  endfacet
  facet normal 0 0 -1
    outer loop
      vertex 85 0 0
      vertex 86.8263 0.61994 0
      vertex 86.5 0.401923 0
    endloop
  endfacet
  facet normal 0 0 -1
    outer loop
      vertex 82.4546 38.4546 0
      vertex 88 41 0
      vertex 82.571 38.3218 0
    endloop
  endfacet
  facet normal 0 0 -1
    outer loop
      vertex 85 0 0
      vertex 86.5 0.401923 0
      vertex 86.148 0.228361 0
    endloop
  endfacet
  facet normal 0 -0 -1
    outer loop
      vertex 85 44 0
      vertex 88 41 0
      vertex 82.4546 38.4546 0
    endloop
  endfacet
  facet normal 0 0 -1
    outer loop
      vertex 85 0 0
      vertex 86.148 0.228361 0
      vertex 85.7765 0.102222 0
    endloop
  endfacet
  facet normal 0 0 -1
    outer loop
      vertex 88 41 0
      vertex 85 44 0
      vertex 87.9743 41.3916 0
    endloop
  endfacet
  facet normal 0 0 -1
    outer loop
      vertex 85 0 0
      vertex 85.7765 0.102222 0
      vertex 85.3916 0.0256653 0
    endloop
  endfacet
  facet normal 0 0 -1
    outer loop
      vertex 87.9743 41.3916 0
      vertex 85 44 0
      vertex 87.8978 41.7765 0
    endloop
  endfacet
  facet normal -0 0 -1
    outer loop
      vertex 88 3 0
      vertex 85 0 0
      vertex 82.4546 5.54541 0
    endloop
  endfacet
  facet normal 0 0 -1
    outer loop
      vertex 87.8978 41.7765 0
      vertex 85 44 0
      vertex 87.7716 42.148 0
    endloop
  endfacet
  facet normal 0 0 -1
    outer loop
      vertex 87.7716 42.148 0
      vertex 85 44 0
      vertex 87.5981 42.5 0
    endloop
  endfacet
  facet normal 0 0 -1
    outer loop
      vertex 88 3 0
      vertex 82.8384 6.32379 0
      vertex 82.85 6.5 0
    endloop
  endfacet
  facet normal 0 0 -1
    outer loop
      vertex 88 3 0
      vertex 82.804 6.15059 0
      vertex 82.8384 6.32379 0
    endloop
  endfacet
  facet normal 0 0 -1
    outer loop
      vertex 88 3 0
      vertex 82.7472 5.98338 0
      vertex 82.804 6.15059 0
    endloop
  endfacet
  facet normal 0 0 -1
    outer loop
      vertex 88 3 0
      vertex 82.6691 5.825 0
      vertex 82.7472 5.98338 0
    endloop
  endfacet
  facet normal 0 0 -1
    outer loop
      vertex 88 3 0
      vertex 82.571 5.67817 0
      vertex 82.6691 5.825 0
    endloop
  endfacet
  facet normal 0 0 -1
    outer loop
      vertex 88 3 0
      vertex 82.4546 5.54541 0
      vertex 82.571 5.67817 0
    endloop
  endfacet
  facet normal 0 0 -1
    outer loop
      vertex 85 0 0
      vertex 82.3218 5.42897 0
      vertex 82.4546 5.54541 0
    endloop
  endfacet
  facet normal 0 0 -1
    outer loop
      vertex 85 0 0
      vertex 82.175 5.33086 0
      vertex 82.3218 5.42897 0
    endloop
  endfacet
  facet normal 0 0 -1
    outer loop
      vertex 85 0 0
      vertex 82.0166 5.25276 0
      vertex 82.175 5.33086 0
    endloop
  endfacet
  facet normal 0 0 -1
    outer loop
      vertex 85 0 0
      vertex 81.8494 5.196 0
      vertex 82.0166 5.25276 0
    endloop
  endfacet
  facet normal 0 0 -1
    outer loop
      vertex 85 0 0
      vertex 81.6762 5.16155 0
      vertex 81.8494 5.196 0
    endloop
  endfacet
  facet normal 0 0 -1
    outer loop
      vertex 85 0 0
      vertex 81.5 5.15 0
      vertex 81.6762 5.16155 0
    endloop
  endfacet
  facet normal 0 0 -1
    outer loop
      vertex 85 0 0
      vertex 81.3238 5.16155 0
      vertex 81.5 5.15 0
    endloop
  endfacet
  facet normal 0 0 -1
    outer loop
      vertex 85 0 0
      vertex 81.1506 5.196 0
      vertex 81.3238 5.16155 0
    endloop
  endfacet
  facet normal 0 0 -1
    outer loop
      vertex 85 0 0
      vertex 80.9834 5.25276 0
      vertex 81.1506 5.196 0
    endloop
  endfacet
  facet normal 0 0 -1
    outer loop
      vertex 85 0 0
      vertex 80.825 5.33086 0
      vertex 80.9834 5.25276 0
    endloop
  endfacet
  facet normal 0 0 -1
    outer loop
      vertex 85 0 0
      vertex 80.6782 5.42897 0
      vertex 80.825 5.33086 0
    endloop
  endfacet
  facet normal 0 0 -1
    outer loop
      vertex 85 0 0
      vertex 80.5454 5.54541 0
      vertex 80.6782 5.42897 0
    endloop
  endfacet
  facet normal 0 0 -1
    outer loop
      vertex 7.45459 5.54541 0
      vertex 80.5454 5.54541 0
      vertex 85 0 0
    endloop
  endfacet
  facet normal -0 0 -1
    outer loop
      vertex 80.825 36.3309 0
      vertex 79.0607 34.0607 0
      vertex 80.6782 36.429 0
    endloop
  endfacet
  facet normal 0 0 -1
    outer loop
      vertex 78 9.5 0
      vertex 80.15 6.5 0
      vertex 80.1615 6.32379 0
    endloop
  endfacet
  facet normal 0 0 -1
    outer loop
      vertex 81.8494 7.804 0
      vertex 79.4872 10.8042 0
      vertex 79.5 11 0
    endloop
  endfacet
  facet normal 0 0 -1
    outer loop
      vertex 81.6762 7.83845 0
      vertex 79.4489 10.6118 0
      vertex 79.4872 10.8042 0
    endloop
  endfacet
  facet normal 0 0 -1
    outer loop
      vertex 81.5 7.85 0
      vertex 79.3858 10.426 0
      vertex 79.4489 10.6118 0
    endloop
  endfacet
  facet normal 0 0 -1
    outer loop
      vertex 81.3238 7.83845 0
      vertex 79.299 10.25 0
      vertex 79.3858 10.426 0
    endloop
  endfacet
  facet normal 0 0 -1
    outer loop
      vertex 78 9.5 0
      vertex 80.1615 6.32379 0
      vertex 80.196 6.15059 0
    endloop
  endfacet
  facet normal 0 0 -1
    outer loop
      vertex 80.9834 7.74724 0
      vertex 79.19 10.0869 0
      vertex 79.299 10.25 0
    endloop
  endfacet
  facet normal 0 0 -1
    outer loop
      vertex 80.825 7.66913 0
      vertex 79.0607 9.93935 0
      vertex 79.19 10.0869 0
    endloop
  endfacet
  facet normal 0 0 -1
    outer loop
      vertex 80.6782 7.57103 0
      vertex 78.9131 9.80997 0
      vertex 79.0607 9.93935 0
    endloop
  endfacet
  facet normal 0 0 -1
    outer loop
      vertex 78 9.5 0
      vertex 80.196 6.15059 0
      vertex 80.2528 5.98338 0
    endloop
  endfacet
  facet normal 0 0 -1
    outer loop
      vertex 80.5454 7.45459 0
      vertex 78.75 9.70096 0
      vertex 78.9131 9.80997 0
    endloop
  endfacet
  facet normal 0 0 -1
    outer loop
      vertex 80.429 7.32183 0
      vertex 78.574 9.61418 0
      vertex 78.75 9.70096 0
    endloop
  endfacet
  facet normal 0 0 -1
    outer loop
      vertex 80.3309 7.175 0
      vertex 78.3882 9.55112 0
      vertex 78.574 9.61418 0
    endloop
  endfacet
  facet normal 0 0 -1
    outer loop
      vertex 78 9.5 0
      vertex 80.2528 5.98338 0
      vertex 80.3309 5.825 0
    endloop
  endfacet
  facet normal 0 0 -1
    outer loop
      vertex 80.2528 7.01662 0
      vertex 78.1958 9.51283 0
      vertex 78.3882 9.55112 0
    endloop
  endfacet
  facet normal 0 0 -1
    outer loop
      vertex 80.196 6.84941 0
      vertex 78 9.5 0
      vertex 78.1958 9.51283 0
    endloop
  endfacet
  facet normal 0 0 -1
    outer loop
      vertex 80.3309 5.825 0
      vertex 10 9.5 0
      vertex 78 9.5 0
    endloop
  endfacet
  facet normal 0 0 -1
    outer loop
      vertex 7.66913 5.825 0
      vertex 80.3309 5.825 0
      vertex 80.429 5.67817 0
    endloop
  endfacet
  facet normal 0 0 -1
    outer loop
      vertex 80.5454 5.54541 0
      vertex 7.45459 5.54541 0
      vertex 80.429 5.67817 0
    endloop
  endfacet
  facet normal 0 0 -1
    outer loop
      vertex 80.3309 5.825 0
      vertex 7.66913 5.825 0
      vertex 10 9.5 0
    endloop
  endfacet
  facet normal -0 0 -1
    outer loop
      vertex 9.08685 9.80997 0
      vertex 7.32183 7.57103 0
      vertex 8.93935 9.93935 0
    endloop
  endfacet
  facet normal 0 0 -1
    outer loop
      vertex 7.32183 7.57103 0
      vertex 9.08685 9.80997 0
      vertex 7.45459 7.45459 0
    endloop
  endfacet
  facet normal -0 0 -1
    outer loop
      vertex 9.25 9.70096 0
      vertex 7.45459 7.45459 0
      vertex 9.08685 9.80997 0
    endloop
  endfacet
  facet normal 0 0 -1
    outer loop
      vertex 7.45459 7.45459 0
      vertex 9.25 9.70096 0
      vertex 7.57103 7.32183 0
    endloop
  endfacet
  facet normal -0 0 -1
    outer loop
      vertex 9.42598 9.61418 0
      vertex 7.57103 7.32183 0
      vertex 9.25 9.70096 0
    endloop
  endfacet
  facet normal 0 0 -1
    outer loop
      vertex 7.57103 7.32183 0
      vertex 9.42598 9.61418 0
      vertex 7.66913 7.175 0
    endloop
  endfacet
  facet normal -0 0 -1
    outer loop
      vertex 9.61177 9.55112 0
      vertex 7.66913 7.175 0
      vertex 9.42598 9.61418 0
    endloop
  endfacet
  facet normal 0 0 -1
    outer loop
      vertex 7.66913 7.175 0
      vertex 9.61177 9.55112 0
      vertex 7.74724 7.01662 0
    endloop
  endfacet
  facet normal -0 0 -1
    outer loop
      vertex 9.80421 9.51283 0
      vertex 7.74724 7.01662 0
      vertex 9.61177 9.55112 0
    endloop
  endfacet
  facet normal 0 0 -1
    outer loop
      vertex 7.74724 7.01662 0
      vertex 9.80421 9.51283 0
      vertex 7.804 6.84941 0
    endloop
  endfacet
  facet normal -0 0 -1
    outer loop
      vertex 10 9.5 0
      vertex 7.804 6.84941 0
      vertex 9.80421 9.51283 0
    endloop
  endfacet
  facet normal 0 0 -1
    outer loop
      vertex 7.804 6.84941 0
      vertex 10 9.5 0
      vertex 7.83845 6.67621 0
    endloop
  endfacet
  facet normal 0 -0 -1
    outer loop
      vertex 7.74724 5.98338 0
      vertex 10 9.5 0
      vertex 7.66913 5.825 0
    endloop
  endfacet
  facet normal 0 0 -1
    outer loop
      vertex 7.83845 6.67621 0
      vertex 10 9.5 0
      vertex 7.85 6.5 0
    endloop
  endfacet
  facet normal 0 -0 -1
    outer loop
      vertex 7.85 6.5 0
      vertex 10 9.5 0
      vertex 7.83845 6.32379 0
    endloop
  endfacet
  facet normal 0 -0 -1
    outer loop
      vertex 7.83845 6.32379 0
      vertex 10 9.5 0
      vertex 7.804 6.15059 0
    endloop
  endfacet
  facet normal 0 -0 -1
    outer loop
      vertex 7.804 6.15059 0
      vertex 10 9.5 0
      vertex 7.74724 5.98338 0
    endloop
  endfacet
  facet normal 0 0 -1
    outer loop
      vertex 80.429 5.67817 0
      vertex 7.57103 5.67817 0
      vertex 7.66913 5.825 0
    endloop
  endfacet
  facet normal -0 0 -1
    outer loop
      vertex 80.429 5.67817 0
      vertex 7.45459 5.54541 0
      vertex 7.57103 5.67817 0
    endloop
  endfacet
  facet normal 0 0 -1
    outer loop
      vertex 3 0 0
      vertex 7.45459 5.54541 0
      vertex 85 0 0
    endloop
  endfacet
  facet normal 0 0 -1
    outer loop
      vertex 7.45459 5.54541 0
      vertex 3 0 0
      vertex 7.32183 5.42897 0
    endloop
  endfacet
  facet normal 0 0 -1
    outer loop
      vertex 7.32183 5.42897 0
      vertex 3 0 0
      vertex 7.175 5.33086 0
    endloop
  endfacet
  facet normal 0 0 -1
    outer loop
      vertex 7.175 5.33086 0
      vertex 3 0 0
      vertex 7.01662 5.25276 0
    endloop
  endfacet
  facet normal 0 0 -1
    outer loop
      vertex 7.01662 5.25276 0
      vertex 3 0 0
      vertex 6.84941 5.196 0
    endloop
  endfacet
  facet normal 0 0 -1
    outer loop
      vertex 6.84941 5.196 0
      vertex 3 0 0
      vertex 6.67621 5.16155 0
    endloop
  endfacet
  facet normal 0 0 -1
    outer loop
      vertex 6.67621 5.16155 0
      vertex 3 0 0
      vertex 6.5 5.15 0
    endloop
  endfacet
  facet normal -0 0 -1
    outer loop
      vertex 5.16155 6.32379 0
      vertex 0 3 0
      vertex 5.15 6.5 0
    endloop
  endfacet
  facet normal -0 0 -1
    outer loop
      vertex 5.196 6.15059 0
      vertex 0 3 0
      vertex 5.16155 6.32379 0
    endloop
  endfacet
  facet normal -0 0 -1
    outer loop
      vertex 5.25276 5.98338 0
      vertex 0 3 0
      vertex 5.196 6.15059 0
    endloop
  endfacet
  facet normal -0 0 -1
    outer loop
      vertex 5.33086 5.825 0
      vertex 0 3 0
      vertex 5.25276 5.98338 0
    endloop
  endfacet
  facet normal -0 0 -1
    outer loop
      vertex 5.42897 5.67817 0
      vertex 0 3 0
      vertex 5.33086 5.825 0
    endloop
  endfacet
  facet normal -0 0 -1
    outer loop
      vertex 5.54541 5.54541 0
      vertex 0 3 0
      vertex 5.42897 5.67817 0
    endloop
  endfacet
  facet normal 0 0 -1
    outer loop
      vertex 0 3 0
      vertex 5.54541 5.54541 0
      vertex 3 0 0
    endloop
  endfacet
  facet normal -0 0 -1
    outer loop
      vertex 5.67817 5.42897 0
      vertex 3 0 0
      vertex 5.54541 5.54541 0
    endloop
  endfacet
  facet normal -0 0 -1
    outer loop
      vertex 5.825 5.33086 0
      vertex 3 0 0
      vertex 5.67817 5.42897 0
    endloop
  endfacet
  facet normal -0 0 -1
    outer loop
      vertex 5.98338 5.25276 0
      vertex 3 0 0
      vertex 5.825 5.33086 0
    endloop
  endfacet
  facet normal -0 0 -1
    outer loop
      vertex 6.15059 5.196 0
      vertex 3 0 0
      vertex 5.98338 5.25276 0
    endloop
  endfacet
  facet normal -0 0 -1
    outer loop
      vertex 6.32379 5.16155 0
      vertex 3 0 0
      vertex 6.15059 5.196 0
    endloop
  endfacet
  facet normal -0 0 -1
    outer loop
      vertex 6.5 5.15 0
      vertex 3 0 0
      vertex 6.32379 5.16155 0
    endloop
  endfacet
  facet normal 0 0 -1
    outer loop
      vertex 87.5981 42.5 0
      vertex 85 44 0
      vertex 87.3801 42.8263 0
    endloop
  endfacet
  facet normal 0 0 -1
    outer loop
      vertex 87.3801 42.8263 0
      vertex 85 44 0
      vertex 87.1213 43.1213 0
    endloop
  endfacet
  facet normal 0 0 -1
    outer loop
      vertex 87.1213 43.1213 0
      vertex 85 44 0
      vertex 86.8263 43.3801 0
    endloop
  endfacet
  facet normal 0 0 -1
    outer loop
      vertex 86.8263 43.3801 0
      vertex 85 44 0
      vertex 86.5 43.5981 0
    endloop
  endfacet
  facet normal 0 0 -1
    outer loop
      vertex 86.5 43.5981 0
      vertex 85 44 0
      vertex 86.148 43.7716 0
    endloop
  endfacet
  facet normal 0 0 -1
    outer loop
      vertex 86.148 43.7716 0
      vertex 85 44 0
      vertex 85.7765 43.8978 0
    endloop
  endfacet
  facet normal 0 0 -1
    outer loop
      vertex 85.7765 43.8978 0
      vertex 85 44 0
      vertex 85.3916 43.9743 0
    endloop
  endfacet
  facet normal 0 0 -1
    outer loop
      vertex 82.3218 38.571 0
      vertex 85 44 0
      vertex 82.4546 38.4546 0
    endloop
  endfacet
  facet normal 0 0 -1
    outer loop
      vertex 82.175 38.6691 0
      vertex 85 44 0
      vertex 82.3218 38.571 0
    endloop
  endfacet
  facet normal 0 0 -1
    outer loop
      vertex 82.0166 38.7472 0
      vertex 85 44 0
      vertex 82.175 38.6691 0
    endloop
  endfacet
  facet normal 0 0 -1
    outer loop
      vertex 81.8494 38.804 0
      vertex 85 44 0
      vertex 82.0166 38.7472 0
    endloop
  endfacet
  facet normal 0 0 -1
    outer loop
      vertex 81.6762 38.8385 0
      vertex 85 44 0
      vertex 81.8494 38.804 0
    endloop
  endfacet
  facet normal 0 0 -1
    outer loop
      vertex 81.5 38.85 0
      vertex 85 44 0
      vertex 81.6762 38.8385 0
    endloop
  endfacet
  facet normal 0 0 -1
    outer loop
      vertex 81.3238 38.8385 0
      vertex 85 44 0
      vertex 81.5 38.85 0
    endloop
  endfacet
  facet normal 0 0 -1
    outer loop
      vertex 81.1506 38.804 0
      vertex 85 44 0
      vertex 81.3238 38.8385 0
    endloop
  endfacet
  facet normal 0 0 -1
    outer loop
      vertex 80.9834 38.7472 0
      vertex 85 44 0
      vertex 81.1506 38.804 0
    endloop
  endfacet
  facet normal 0 0 -1
    outer loop
      vertex 80.825 38.6691 0
      vertex 85 44 0
      vertex 80.9834 38.7472 0
    endloop
  endfacet
  facet normal 0 0 -1
    outer loop
      vertex 80.6782 38.571 0
      vertex 85 44 0
      vertex 80.825 38.6691 0
    endloop
  endfacet
  facet normal 0 0 -1
    outer loop
      vertex 80.5454 38.4546 0
      vertex 85 44 0
      vertex 80.6782 38.571 0
    endloop
  endfacet
  facet normal 0 0 -1
    outer loop
      vertex 7.45459 38.4546 0
      vertex 80.5454 38.4546 0
      vertex 80.429 38.3218 0
    endloop
  endfacet
  facet normal 0 0 -1
    outer loop
      vertex 78.9131 34.19 0
      vertex 80.6782 36.429 0
      vertex 79.0607 34.0607 0
    endloop
  endfacet
  facet normal -0 0 -1
    outer loop
      vertex 80.6782 36.429 0
      vertex 78.9131 34.19 0
      vertex 80.5454 36.5454 0
    endloop
  endfacet
  facet normal 0 0 -1
    outer loop
      vertex 78.75 34.299 0
      vertex 80.5454 36.5454 0
      vertex 78.9131 34.19 0
    endloop
  endfacet
  facet normal -0 0 -1
    outer loop
      vertex 80.5454 36.5454 0
      vertex 78.75 34.299 0
      vertex 80.429 36.6782 0
    endloop
  endfacet
  facet normal 0 0 -1
    outer loop
      vertex 78.574 34.3858 0
      vertex 80.429 36.6782 0
      vertex 78.75 34.299 0
    endloop
  endfacet
  facet normal -0 0 -1
    outer loop
      vertex 80.429 36.6782 0
      vertex 78.574 34.3858 0
      vertex 80.3309 36.825 0
    endloop
  endfacet
  facet normal 0 0 -1
    outer loop
      vertex 78.3882 34.4489 0
      vertex 80.3309 36.825 0
      vertex 78.574 34.3858 0
    endloop
  endfacet
  facet normal -0 0 -1
    outer loop
      vertex 80.3309 36.825 0
      vertex 78.3882 34.4489 0
      vertex 80.2528 36.9834 0
    endloop
  endfacet
  facet normal 0 0 -1
    outer loop
      vertex 78.1958 34.4872 0
      vertex 80.2528 36.9834 0
      vertex 78.3882 34.4489 0
    endloop
  endfacet
  facet normal -0 0 -1
    outer loop
      vertex 80.2528 36.9834 0
      vertex 78.1958 34.4872 0
      vertex 80.196 37.1506 0
    endloop
  endfacet
  facet normal 0 0 -1
    outer loop
      vertex 78 34.5 0
      vertex 80.196 37.1506 0
      vertex 78.1958 34.4872 0
    endloop
  endfacet
  facet normal -0 0 -1
    outer loop
      vertex 80.196 37.1506 0
      vertex 78 34.5 0
      vertex 80.1615 37.3238 0
    endloop
  endfacet
  facet normal -0 0 -1
    outer loop
      vertex 80.1615 37.3238 0
      vertex 78 34.5 0
      vertex 80.15 37.5 0
    endloop
  endfacet
  facet normal -0 0 -1
    outer loop
      vertex 80.15 37.5 0
      vertex 78 34.5 0
      vertex 80.1615 37.6762 0
    endloop
  endfacet
  facet normal -0 0 -1
    outer loop
      vertex 80.1615 37.6762 0
      vertex 78 34.5 0
      vertex 80.196 37.8494 0
    endloop
  endfacet
  facet normal -0 0 -1
    outer loop
      vertex 80.196 37.8494 0
      vertex 78 34.5 0
      vertex 80.2528 38.0166 0
    endloop
  endfacet
  facet normal -0 0 -1
    outer loop
      vertex 80.2528 38.0166 0
      vertex 78 34.5 0
      vertex 80.3309 38.175 0
    endloop
  endfacet
  facet normal 0 0 -1
    outer loop
      vertex 10 34.5 0
      vertex 80.3309 38.175 0
      vertex 78 34.5 0
    endloop
  endfacet
  facet normal 0 0 -1
    outer loop
      vertex 7.66913 38.175 0
      vertex 80.3309 38.175 0
      vertex 10 34.5 0
    endloop
  endfacet
  facet normal 0 0 -1
    outer loop
      vertex 80.3309 38.175 0
      vertex 7.66913 38.175 0
      vertex 80.429 38.3218 0
    endloop
  endfacet
  facet normal 0 0 -1
    outer loop
      vertex 7.85 37.5 0
      vertex 10 34.5 0
      vertex 9.80421 34.4872 0
    endloop
  endfacet
  facet normal 0 0 -1
    outer loop
      vertex 7.175 7.66913 0
      vertex 8.93935 9.93935 0
      vertex 7.32183 7.57103 0
    endloop
  endfacet
  facet normal 0 0 -1
    outer loop
      vertex 7.85 37.5 0
      vertex 8.51283 33.1958 0
      vertex 8.5 33 0
    endloop
  endfacet
  facet normal 0 0 -1
    outer loop
      vertex 7.85 37.5 0
      vertex 8.55112 33.3882 0
      vertex 8.51283 33.1958 0
    endloop
  endfacet
  facet normal 0 0 -1
    outer loop
      vertex 7.85 37.5 0
      vertex 8.61418 33.574 0
      vertex 8.55112 33.3882 0
    endloop
  endfacet
  facet normal 0 0 -1
    outer loop
      vertex 7.85 37.5 0
      vertex 8.70096 33.75 0
      vertex 8.61418 33.574 0
    endloop
  endfacet
  facet normal 0 0 -1
    outer loop
      vertex 7.85 37.5 0
      vertex 8.80997 33.9131 0
      vertex 8.70096 33.75 0
    endloop
  endfacet
  facet normal 0 0 -1
    outer loop
      vertex 7.85 37.5 0
      vertex 8.93935 34.0607 0
      vertex 8.80997 33.9131 0
    endloop
  endfacet
  facet normal 0 0 -1
    outer loop
      vertex 7.85 37.5 0
      vertex 9.08685 34.19 0
      vertex 8.93935 34.0607 0
    endloop
  endfacet
  facet normal 0 0 -1
    outer loop
      vertex 7.85 37.5 0
      vertex 9.25 34.299 0
      vertex 9.08685 34.19 0
    endloop
  endfacet
  facet normal 0 0 -1
    outer loop
      vertex 7.85 37.5 0
      vertex 9.42598 34.3858 0
      vertex 9.25 34.299 0
    endloop
  endfacet
  facet normal 0 0 -1
    outer loop
      vertex 7.85 37.5 0
      vertex 9.61177 34.4489 0
      vertex 9.42598 34.3858 0
    endloop
  endfacet
  facet normal 0 0 -1
    outer loop
      vertex 7.85 37.5 0
      vertex 9.80421 34.4872 0
      vertex 9.61177 34.4489 0
    endloop
  endfacet
  facet normal 0 0 -1
    outer loop
      vertex 10 34.5 0
      vertex 7.85 37.5 0
      vertex 7.83845 37.6762 0
    endloop
  endfacet
  facet normal 0 0 -1
    outer loop
      vertex 10 34.5 0
      vertex 7.83845 37.6762 0
      vertex 7.804 37.8494 0
    endloop
  endfacet
  facet normal 0 0 -1
    outer loop
      vertex 10 34.5 0
      vertex 7.804 37.8494 0
      vertex 7.74724 38.0166 0
    endloop
  endfacet
  facet normal 0 0 -1
    outer loop
      vertex 10 34.5 0
      vertex 7.74724 38.0166 0
      vertex 7.66913 38.175 0
    endloop
  endfacet
  facet normal 0 0 -1
    outer loop
      vertex 7.57103 38.3218 0
      vertex 80.429 38.3218 0
      vertex 7.66913 38.175 0
    endloop
  endfacet
  facet normal 0 0 -1
    outer loop
      vertex 7.45459 38.4546 0
      vertex 80.429 38.3218 0
      vertex 7.57103 38.3218 0
    endloop
  endfacet
  facet normal 0 0 -1
    outer loop
      vertex 80.5454 38.4546 0
      vertex 7.45459 38.4546 0
      vertex 85 44 0
    endloop
  endfacet
  facet normal 0 0 -1
    outer loop
      vertex 3 44 0
      vertex 7.45459 38.4546 0
      vertex 7.32183 38.571 0
    endloop
  endfacet
  facet normal 0 0 -1
    outer loop
      vertex 3 44 0
      vertex 7.32183 38.571 0
      vertex 7.175 38.6691 0
    endloop
  endfacet
  facet normal 0 0 -1
    outer loop
      vertex 3 44 0
      vertex 7.175 38.6691 0
      vertex 7.01662 38.7472 0
    endloop
  endfacet
  facet normal 0 0 -1
    outer loop
      vertex 3 44 0
      vertex 7.01662 38.7472 0
      vertex 6.84941 38.804 0
    endloop
  endfacet
  facet normal 0 0 -1
    outer loop
      vertex 3 44 0
      vertex 6.84941 38.804 0
      vertex 6.67621 38.8385 0
    endloop
  endfacet
  facet normal 0 0 -1
    outer loop
      vertex 3 44 0
      vertex 6.67621 38.8385 0
      vertex 6.5 38.85 0
    endloop
  endfacet
  facet normal 0 0 -1
    outer loop
      vertex 3 44 0
      vertex 6.5 38.85 0
      vertex 6.32379 38.8385 0
    endloop
  endfacet
  facet normal 0 0 -1
    outer loop
      vertex 7.45459 38.4546 0
      vertex 3 44 0
      vertex 85 44 0
    endloop
  endfacet
  facet normal 0 0 -1
    outer loop
      vertex 6.15059 38.804 0
      vertex 3 44 0
      vertex 6.32379 38.8385 0
    endloop
  endfacet
  facet normal 0 0 -1
    outer loop
      vertex 5.98338 38.7472 0
      vertex 3 44 0
      vertex 6.15059 38.804 0
    endloop
  endfacet
  facet normal 0 0 -1
    outer loop
      vertex 5.825 38.6691 0
      vertex 3 44 0
      vertex 5.98338 38.7472 0
    endloop
  endfacet
  facet normal 0 0 -1
    outer loop
      vertex 5.67817 38.571 0
      vertex 3 44 0
      vertex 5.825 38.6691 0
    endloop
  endfacet
  facet normal 0 0 -1
    outer loop
      vertex 5.54541 38.4546 0
      vertex 3 44 0
      vertex 5.67817 38.571 0
    endloop
  endfacet
  facet normal 0 0 -1
    outer loop
      vertex 0 41 0
      vertex 5.54541 38.4546 0
      vertex 5.42897 38.3218 0
    endloop
  endfacet
  facet normal 0 0 -1
    outer loop
      vertex 0 41 0
      vertex 5.42897 38.3218 0
      vertex 5.33086 38.175 0
    endloop
  endfacet
  facet normal 0 0 -1
    outer loop
      vertex 0 41 0
      vertex 5.33086 38.175 0
      vertex 5.25276 38.0166 0
    endloop
  endfacet
  facet normal 0 0 -1
    outer loop
      vertex 0 41 0
      vertex 5.25276 38.0166 0
      vertex 5.196 37.8494 0
    endloop
  endfacet
  facet normal 0 0 -1
    outer loop
      vertex 0 41 0
      vertex 5.196 37.8494 0
      vertex 5.16155 37.6762 0
    endloop
  endfacet
  facet normal 0 0 -1
    outer loop
      vertex 0 41 0
      vertex 5.16155 37.6762 0
      vertex 5.15 37.5 0
    endloop
  endfacet
  facet normal 0 0 -1
    outer loop
      vertex 5.196 37.1506 0
      vertex 0 41 0
      vertex 5.16155 37.3238 0
    endloop
  endfacet
  facet normal 0 0 -1
    outer loop
      vertex 0 3 0
      vertex 3 0 0
      vertex 2.60842 0.0256653 0
    endloop
  endfacet
  facet normal 0 0 -1
    outer loop
      vertex 5.16155 37.3238 0
      vertex 0 41 0
      vertex 5.15 37.5 0
    endloop
  endfacet
  facet normal 0 0 -1
    outer loop
      vertex 0 3 0
      vertex 2.60842 0.0256653 0
      vertex 2.22354 0.102222 0
    endloop
  endfacet
  facet normal 0 0 -1
    outer loop
      vertex 5.54541 38.4546 0
      vertex 0 41 0
      vertex 3 44 0
    endloop
  endfacet
  facet normal 0 0 -1
    outer loop
      vertex 0 3 0
      vertex 2.22354 0.102222 0
      vertex 1.85195 0.228361 0
    endloop
  endfacet
  facet normal 0 0 -1
    outer loop
      vertex 3 44 0
      vertex 0 41 0
      vertex 2.60842 43.9743 0
    endloop
  endfacet
  facet normal 0 0 -1
    outer loop
      vertex 0 3 0
      vertex 1.85195 0.228361 0
      vertex 1.5 0.401923 0
    endloop
  endfacet
  facet normal 0 0 -1
    outer loop
      vertex 2.60842 43.9743 0
      vertex 0 41 0
      vertex 2.22354 43.8978 0
    endloop
  endfacet
  facet normal 0 0 -1
    outer loop
      vertex 0 3 0
      vertex 1.5 0.401923 0
      vertex 1.17372 0.61994 0
    endloop
  endfacet
  facet normal 0 0 -1
    outer loop
      vertex 2.22354 43.8978 0
      vertex 0 41 0
      vertex 1.85195 43.7716 0
    endloop
  endfacet
  facet normal 0 0 -1
    outer loop
      vertex 0 3 0
      vertex 1.17372 0.61994 0
      vertex 0.878679 0.878679 0
    endloop
  endfacet
  facet normal 0 0 -1
    outer loop
      vertex 1.85195 43.7716 0
      vertex 0 41 0
      vertex 1.5 43.5981 0
    endloop
  endfacet
  facet normal 0 0 -1
    outer loop
      vertex 0 3 0
      vertex 0.878679 0.878679 0
      vertex 0.61994 1.17372 0
    endloop
  endfacet
  facet normal 0 0 -1
    outer loop
      vertex 1.5 43.5981 0
      vertex 0 41 0
      vertex 1.17372 43.3801 0
    endloop
  endfacet
  facet normal 0 0 -1
    outer loop
      vertex 0 3 0
      vertex 0.61994 1.17372 0
      vertex 0.401923 1.5 0
    endloop
  endfacet
  facet normal 0 0 -1
    outer loop
      vertex 1.17372 43.3801 0
      vertex 0 41 0
      vertex 0.878679 43.1213 0
    endloop
  endfacet
  facet normal 0 0 -1
    outer loop
      vertex 0 3 0
      vertex 0.401923 1.5 0
      vertex 0.228361 1.85195 0
    endloop
  endfacet
  facet normal 0 0 -1
    outer loop
      vertex 0.878679 43.1213 0
      vertex 0 41 0
      vertex 0.61994 42.8263 0
    endloop
  endfacet
  facet normal 0 0 -1
    outer loop
      vertex 0 3 0
      vertex 0.228361 1.85195 0
      vertex 0.102222 2.22354 0
    endloop
  endfacet
  facet normal 0 0 -1
    outer loop
      vertex 0.61994 42.8263 0
      vertex 0 41 0
      vertex 0.401923 42.5 0
    endloop
  endfacet
  facet normal 0 0 -1
    outer loop
      vertex 0 3 0
      vertex 0.102222 2.22354 0
      vertex 0.0256653 2.60842 0
    endloop
  endfacet
  facet normal 0 0 -1
    outer loop
      vertex 0.401923 42.5 0
      vertex 0 41 0
      vertex 0.228361 42.148 0
    endloop
  endfacet
  facet normal 0 0 -1
    outer loop
      vertex 0.228361 42.148 0
      vertex 0 41 0
      vertex 0.102222 41.7765 0
    endloop
  endfacet
  facet normal 0 0 -1
    outer loop
      vertex 0.102222 41.7765 0
      vertex 0 41 0
      vertex 0.0256653 41.3916 0
    endloop
  endfacet
  facet normal -0.659426 0.751769 0
    outer loop
      vertex 1.17372 43.3801 0
      vertex 0.878679 43.1213 10.5
      vertex 1.17372 43.3801 10.5
    endloop
  endfacet
  facet normal -0.659426 0.751769 0
    outer loop
      vertex 0.878679 43.1213 10.5
      vertex 1.17372 43.3801 0
      vertex 0.878679 43.1213 0
    endloop
  endfacet
  facet normal 0.751769 -0.659426 0
    outer loop
      vertex 87.1213 0.878679 10.5
      vertex 87.3801 1.17372 0
      vertex 87.3801 1.17372 10.5
    endloop
  endfacet
  facet normal 0.751769 -0.659426 0
    outer loop
      vertex 87.3801 1.17372 0
      vertex 87.1213 0.878679 10.5
      vertex 87.1213 0.878679 0
    endloop
  endfacet
  facet normal -0.19495 0.980813 0
    outer loop
      vertex 2.60842 43.9743 0
      vertex 2.22354 43.8978 10.5
      vertex 2.60842 43.9743 10.5
    endloop
  endfacet
  facet normal -0.19495 0.980813 0
    outer loop
      vertex 2.22354 43.8978 10.5
      vertex 2.60842 43.9743 0
      vertex 2.22354 43.8978 0
    endloop
  endfacet
  facet normal 0.0654873 0.997853 -0
    outer loop
      vertex 85.3916 43.9743 0
      vertex 85 44 10.5
      vertex 85.3916 43.9743 10.5
    endloop
  endfacet
  facet normal 0.0654873 0.997853 0
    outer loop
      vertex 85 44 10.5
      vertex 85.3916 43.9743 0
      vertex 85 44 0
    endloop
  endfacet
  facet normal -0.980788 0.195079 0
    outer loop
      vertex 0.0256653 41.3916 0
      vertex 0.102222 41.7765 10.5
      vertex 0.102222 41.7765 0
    endloop
  endfacet
  facet normal -0.980788 0.195079 0
    outer loop
      vertex 0.102222 41.7765 10.5
      vertex 0.0256653 41.3916 0
      vertex 0.0256653 41.3916 10.5
    endloop
  endfacet
  facet normal -0.0654026 -0.997859 0
    outer loop
      vertex 2.60842 0.0256653 0
      vertex 3 0 10.5
      vertex 2.60842 0.0256653 10.5
    endloop
  endfacet
  facet normal -0.0654026 -0.997859 -0
    outer loop
      vertex 3 0 10.5
      vertex 2.60842 0.0256653 0
      vertex 3 0 0
    endloop
  endfacet
  facet normal 0.0653993 -0.997859 0
    outer loop
      vertex 85 0 0
      vertex 85.3916 0.0256653 10.5
      vertex 85 0 10.5
    endloop
  endfacet
  facet normal 0.0653993 -0.997859 0
    outer loop
      vertex 85.3916 0.0256653 10.5
      vertex 85 0 0
      vertex 85.3916 0.0256653 0
    endloop
  endfacet
  facet normal 0.555523 0.831501 -0
    outer loop
      vertex 86.8263 43.3801 0
      vertex 86.5 43.5981 10.5
      vertex 86.8263 43.3801 10.5
    endloop
  endfacet
  facet normal 0.555523 0.831501 0
    outer loop
      vertex 86.5 43.5981 10.5
      vertex 86.8263 43.3801 0
      vertex 86.5 43.5981 0
    endloop
  endfacet
  facet normal -0.321582 0.946882 0
    outer loop
      vertex 2.22354 43.8978 0
      vertex 1.85195 43.7716 10.5
      vertex 2.22354 43.8978 10.5
    endloop
  endfacet
  facet normal -0.321582 0.946882 0
    outer loop
      vertex 1.85195 43.7716 10.5
      vertex 2.22354 43.8978 0
      vertex 1.85195 43.7716 0
    endloop
  endfacet
  facet normal 0.896936 -0.44216 0
    outer loop
      vertex 87.5981 1.5 10.5
      vertex 87.7716 1.85195 0
      vertex 87.7716 1.85195 10.5
    endloop
  endfacet
  facet normal 0.896936 -0.44216 0
    outer loop
      vertex 87.7716 1.85195 0
      vertex 87.5981 1.5 10.5
      vertex 87.5981 1.5 0
    endloop
  endfacet
  facet normal -0.997859 0.0653993 0
    outer loop
      vertex 0 41 0
      vertex 0.0256653 41.3916 10.5
      vertex 0.0256653 41.3916 0
    endloop
  endfacet
  facet normal -0.997859 0.0653993 0
    outer loop
      vertex 0.0256653 41.3916 10.5
      vertex 0 41 0
      vertex 0 41 10.5
    endloop
  endfacet
  facet normal -0.946929 -0.321442 0
    outer loop
      vertex 0.228361 1.85195 0
      vertex 0.102222 2.22354 10.5
      vertex 0.102222 2.22354 0
    endloop
  endfacet
  facet normal -0.946929 -0.321442 0
    outer loop
      vertex 0.102222 2.22354 10.5
      vertex 0.228361 1.85195 0
      vertex 0.228361 1.85195 10.5
    endloop
  endfacet
  facet normal -0.659339 -0.751846 0
    outer loop
      vertex 0.878679 0.878679 0
      vertex 1.17372 0.61994 10.5
      vertex 0.878679 0.878679 10.5
    endloop
  endfacet
  facet normal -0.659339 -0.751846 -0
    outer loop
      vertex 1.17372 0.61994 10.5
      vertex 0.878679 0.878679 0
      vertex 1.17372 0.61994 0
    endloop
  endfacet
  facet normal 0.980815 0.19494 0
    outer loop
      vertex 87.9743 41.3916 10.5
      vertex 87.8978 41.7765 0
      vertex 87.8978 41.7765 10.5
    endloop
  endfacet
  facet normal 0.980815 0.19494 0
    outer loop
      vertex 87.8978 41.7765 0
      vertex 87.9743 41.3916 10.5
      vertex 87.9743 41.3916 0
    endloop
  endfacet
  facet normal 0.997853 0.0654873 0
    outer loop
      vertex 88 41 10.5
      vertex 87.9743 41.3916 0
      vertex 87.9743 41.3916 10.5
    endloop
  endfacet
  facet normal 0.997853 0.0654873 0
    outer loop
      vertex 87.9743 41.3916 0
      vertex 88 41 10.5
      vertex 88 41 0
    endloop
  endfacet
  facet normal -0.896873 -0.442288 0
    outer loop
      vertex 0.401923 1.5 0
      vertex 0.228361 1.85195 10.5
      vertex 0.228361 1.85195 0
    endloop
  endfacet
  facet normal -0.896873 -0.442288 0
    outer loop
      vertex 0.228361 1.85195 10.5
      vertex 0.401923 1.5 0
      vertex 0.401923 1.5 10.5
    endloop
  endfacet
  facet normal 0.321512 -0.946905 0
    outer loop
      vertex 85.7765 0.102222 0
      vertex 86.148 0.228361 10.5
      vertex 85.7765 0.102222 10.5
    endloop
  endfacet
  facet normal 0.321512 -0.946905 0
    outer loop
      vertex 86.148 0.228361 10.5
      vertex 85.7765 0.102222 0
      vertex 86.148 0.228361 0
    endloop
  endfacet
  facet normal 0.195079 -0.980788 0
    outer loop
      vertex 85.3916 0.0256653 0
      vertex 85.7765 0.102222 10.5
      vertex 85.3916 0.0256653 10.5
    endloop
  endfacet
  facet normal 0.195079 -0.980788 0
    outer loop
      vertex 85.7765 0.102222 10.5
      vertex 85.3916 0.0256653 0
      vertex 85.7765 0.102222 0
    endloop
  endfacet
  facet normal 0.442237 -0.896898 0
    outer loop
      vertex 86.148 0.228361 0
      vertex 86.5 0.401923 10.5
      vertex 86.148 0.228361 10.5
    endloop
  endfacet
  facet normal 0.442237 -0.896898 0
    outer loop
      vertex 86.5 0.401923 10.5
      vertex 86.148 0.228361 0
      vertex 86.5 0.401923 0
    endloop
  endfacet
  facet normal -0.555577 -0.831465 0
    outer loop
      vertex 1.17372 0.61994 0
      vertex 1.5 0.401923 10.5
      vertex 1.17372 0.61994 10.5
    endloop
  endfacet
  facet normal -0.555577 -0.831465 -0
    outer loop
      vertex 1.5 0.401923 10.5
      vertex 1.17372 0.61994 0
      vertex 1.5 0.401923 0
    endloop
  endfacet
  facet normal -0.896968 0.442096 0
    outer loop
      vertex 86.1986 2.625 2
      vertex 86.3287 2.88896 9
      vertex 86.3287 2.88896 2
    endloop
  endfacet
  facet normal -0.896968 0.442096 0
    outer loop
      vertex 86.3287 2.88896 9
      vertex 86.1986 2.625 2
      vertex 86.1986 2.625 9
    endloop
  endfacet
  facet normal -0.442233 0.8969 0
    outer loop
      vertex 85.375 1.80144 2
      vertex 85.111 1.67127 9
      vertex 85.375 1.80144 9
    endloop
  endfacet
  facet normal -0.442233 0.8969 0
    outer loop
      vertex 85.111 1.67127 9
      vertex 85.375 1.80144 2
      vertex 85.111 1.67127 2
    endloop
  endfacet
  facet normal -0.0652336 -0.99787 0
    outer loop
      vertex 84.25 42.5 2
      vertex 84.5437 42.4808 9
      vertex 84.25 42.5 9
    endloop
  endfacet
  facet normal -0.0652336 -0.99787 -0
    outer loop
      vertex 84.5437 42.4808 9
      vertex 84.25 42.5 2
      vertex 84.5437 42.4808 2
    endloop
  endfacet
  facet normal 0.442096 -0.896968 0
    outer loop
      vertex 2.625 42.1986 2
      vertex 2.88896 42.3287 9
      vertex 2.625 42.1986 9
    endloop
  endfacet
  facet normal 0.442096 -0.896968 0
    outer loop
      vertex 2.88896 42.3287 9
      vertex 2.625 42.1986 2
      vertex 2.88896 42.3287 2
    endloop
  endfacet
  facet normal 0 1 -0
    outer loop
      vertex 84.25 1.5 2
      vertex 3.75 1.5 9
      vertex 84.25 1.5 9
    endloop
  endfacet
  facet normal 0 1 0
    outer loop
      vertex 3.75 1.5 9
      vertex 84.25 1.5 2
      vertex 3.75 1.5 2
    endloop
  endfacet
  facet normal 0.896874 0.442287 0
    outer loop
      vertex 1.80144 2.625 9
      vertex 1.67127 2.88896 2
      vertex 1.67127 2.88896 9
    endloop
  endfacet
  facet normal 0.896874 0.442287 0
    outer loop
      vertex 1.67127 2.88896 2
      vertex 1.80144 2.625 9
      vertex 1.80144 2.625 2
    endloop
  endfacet
  facet normal -0.195136 0.980776 0
    outer loop
      vertex 84.8323 1.57667 2
      vertex 84.5437 1.51925 9
      vertex 84.8323 1.57667 9
    endloop
  endfacet
  facet normal -0.195136 0.980776 0
    outer loop
      vertex 84.5437 1.51925 9
      vertex 84.8323 1.57667 2
      vertex 84.5437 1.51925 2
    endloop
  endfacet
  facet normal 0 -1 0
    outer loop
      vertex 3.75 42.5 2
      vertex 84.25 42.5 9
      vertex 3.75 42.5 9
    endloop
  endfacet
  facet normal 0 -1 -0
    outer loop
      vertex 84.25 42.5 9
      vertex 3.75 42.5 2
      vertex 84.25 42.5 2
    endloop
  endfacet
  facet normal -0.751966 -0.659202 0
    outer loop
      vertex 86.035 41.6197 2
      vertex 85.841 41.841 9
      vertex 85.841 41.841 2
    endloop
  endfacet
  facet normal -0.751966 -0.659202 0
    outer loop
      vertex 85.841 41.841 9
      vertex 86.035 41.6197 2
      vertex 86.035 41.6197 9
    endloop
  endfacet
  facet normal 0.321421 0.946936 -0
    outer loop
      vertex 3.16766 1.57667 2
      vertex 2.88896 1.67127 9
      vertex 3.16766 1.57667 9
    endloop
  endfacet
  facet normal 0.321421 0.946936 0
    outer loop
      vertex 2.88896 1.67127 9
      vertex 3.16766 1.57667 2
      vertex 2.88896 1.67127 2
    endloop
  endfacet
  facet normal 0.659351 0.751835 -0
    outer loop
      vertex 2.38029 1.96495 2
      vertex 2.15901 2.15901 9
      vertex 2.38029 1.96495 9
    endloop
  endfacet
  facet normal 0.659351 0.751835 0
    outer loop
      vertex 2.15901 2.15901 9
      vertex 2.38029 1.96495 2
      vertex 2.15901 2.15901 2
    endloop
  endfacet
  facet normal -1 0 0
    outer loop
      vertex 86.5 3.75 2
      vertex 86.5 40.25 9
      vertex 86.5 40.25 2
    endloop
  endfacet
  facet normal -1 -0 0
    outer loop
      vertex 86.5 40.25 9
      vertex 86.5 3.75 2
      vertex 86.5 3.75 9
    endloop
  endfacet
  facet normal -0.555797 -0.831318 0
    outer loop
      vertex 85.375 42.1986 2
      vertex 85.6197 42.035 9
      vertex 85.375 42.1986 9
    endloop
  endfacet
  facet normal -0.555797 -0.831318 -0
    outer loop
      vertex 85.6197 42.035 9
      vertex 85.375 42.1986 2
      vertex 85.6197 42.035 2
    endloop
  endfacet
  facet normal 0.555782 -0.831328 0
    outer loop
      vertex 2.38029 42.035 2
      vertex 2.625 42.1986 9
      vertex 2.38029 42.035 9
    endloop
  endfacet
  facet normal 0.555782 -0.831328 0
    outer loop
      vertex 2.625 42.1986 9
      vertex 2.38029 42.035 2
      vertex 2.625 42.1986 2
    endloop
  endfacet
  facet normal 0.321421 -0.946936 0
    outer loop
      vertex 2.88896 42.3287 2
      vertex 3.16766 42.4233 9
      vertex 2.88896 42.3287 9
    endloop
  endfacet
  facet normal 0.321421 -0.946936 0
    outer loop
      vertex 3.16766 42.4233 9
      vertex 2.88896 42.3287 2
      vertex 3.16766 42.4233 2
    endloop
  endfacet
  facet normal -0.980724 -0.195397 0
    outer loop
      vertex 86.4808 40.5437 2
      vertex 86.4233 40.8323 9
      vertex 86.4233 40.8323 2
    endloop
  endfacet
  facet normal -0.980724 -0.195397 0
    outer loop
      vertex 86.4233 40.8323 9
      vertex 86.4808 40.5437 2
      vertex 86.4808 40.5437 9
    endloop
  endfacet
  facet normal 0.751835 0.659351 0
    outer loop
      vertex 2.15901 2.15901 9
      vertex 1.96495 2.38029 2
      vertex 1.96495 2.38029 9
    endloop
  endfacet
  facet normal 0.751835 0.659351 0
    outer loop
      vertex 1.96495 2.38029 2
      vertex 2.15901 2.15901 9
      vertex 2.15901 2.15901 2
    endloop
  endfacet
  facet normal -0.0654027 0.997859 0
    outer loop
      vertex 84.5437 1.51925 2
      vertex 84.25 1.5 9
      vertex 84.5437 1.51925 9
    endloop
  endfacet
  facet normal -0.0654027 0.997859 0
    outer loop
      vertex 84.25 1.5 9
      vertex 84.5437 1.51925 2
      vertex 84.25 1.5 2
    endloop
  endfacet
  facet normal -0.555586 0.831459 0
    outer loop
      vertex 85.6197 1.96495 2
      vertex 85.375 1.80144 9
      vertex 85.6197 1.96495 9
    endloop
  endfacet
  facet normal -0.555586 0.831459 0
    outer loop
      vertex 85.375 1.80144 9
      vertex 85.6197 1.96495 2
      vertex 85.375 1.80144 2
    endloop
  endfacet
  facet normal 0.751865 -0.659317 0
    outer loop
      vertex 1.96495 41.6197 9
      vertex 2.15901 41.841 2
      vertex 2.15901 41.841 9
    endloop
  endfacet
  facet normal 0.751865 -0.659317 0
    outer loop
      vertex 2.15901 41.841 2
      vertex 1.96495 41.6197 9
      vertex 1.96495 41.6197 2
    endloop
  endfacet
  facet normal -0.321421 0.946936 0
    outer loop
      vertex 85.111 1.67127 2
      vertex 84.8323 1.57667 9
      vertex 85.111 1.67127 9
    endloop
  endfacet
  facet normal -0.321421 0.946936 0
    outer loop
      vertex 84.8323 1.57667 9
      vertex 85.111 1.67127 2
      vertex 84.8323 1.57667 2
    endloop
  endfacet
  facet normal -0.99787 0.065238 0
    outer loop
      vertex 86.4808 3.45632 2
      vertex 86.5 3.75 9
      vertex 86.5 3.75 2
    endloop
  endfacet
  facet normal -0.99787 0.065238 0
    outer loop
      vertex 86.5 3.75 9
      vertex 86.4808 3.45632 2
      vertex 86.4808 3.45632 9
    endloop
  endfacet
  facet normal 0.980776 -0.195136 0
    outer loop
      vertex 1.51925 40.5437 9
      vertex 1.57667 40.8323 2
      vertex 1.57667 40.8323 9
    endloop
  endfacet
  facet normal 0.980776 -0.195136 0
    outer loop
      vertex 1.57667 40.8323 2
      vertex 1.51925 40.5437 9
      vertex 1.51925 40.5437 2
    endloop
  endfacet
  facet normal -0.321421 -0.946936 0
    outer loop
      vertex 84.8323 42.4233 2
      vertex 85.111 42.3287 9
      vertex 84.8323 42.4233 9
    endloop
  endfacet
  facet normal -0.321421 -0.946936 -0
    outer loop
      vertex 85.111 42.3287 9
      vertex 84.8323 42.4233 2
      vertex 85.111 42.3287 2
    endloop
  endfacet
  facet normal -0.99787 -0.0652336 0
    outer loop
      vertex 86.5 40.25 2
      vertex 86.4808 40.5437 9
      vertex 86.4808 40.5437 2
    endloop
  endfacet
  facet normal -0.99787 -0.0652336 0
    outer loop
      vertex 86.4808 40.5437 9
      vertex 86.5 40.25 2
      vertex 86.5 40.25 9
    endloop
  endfacet
  facet normal 1 -0 0
    outer loop
      vertex 1.5 3.75 9
      vertex 1.5 40.25 2
      vertex 1.5 40.25 9
    endloop
  endfacet
  facet normal 1 0 0
    outer loop
      vertex 1.5 40.25 2
      vertex 1.5 3.75 9
      vertex 1.5 3.75 2
    endloop
  endfacet
  facet normal -0.896995 -0.442042 0
    outer loop
      vertex 86.3287 41.111 2
      vertex 86.1986 41.375 9
      vertex 86.1986 41.375 2
    endloop
  endfacet
  facet normal -0.896995 -0.442042 0
    outer loop
      vertex 86.1986 41.375 9
      vertex 86.3287 41.111 2
      vertex 86.3287 41.111 9
    endloop
  endfacet
  facet normal 0.195358 -0.980732 0
    outer loop
      vertex 3.16766 42.4233 2
      vertex 3.45632 42.4808 9
      vertex 3.16766 42.4233 9
    endloop
  endfacet
  facet normal 0.195358 -0.980732 0
    outer loop
      vertex 3.45632 42.4808 9
      vertex 3.16766 42.4233 2
      vertex 3.45632 42.4808 2
    endloop
  endfacet
  facet normal -0.946936 0.321421 0
    outer loop
      vertex 86.3287 2.88896 2
      vertex 86.4233 3.16766 9
      vertex 86.4233 3.16766 2
    endloop
  endfacet
  facet normal -0.946936 0.321421 0
    outer loop
      vertex 86.4233 3.16766 9
      vertex 86.3287 2.88896 2
      vertex 86.3287 2.88896 9
    endloop
  endfacet
  facet normal 0.195097 0.980784 -0
    outer loop
      vertex 3.45632 1.51925 2
      vertex 3.16766 1.57667 9
      vertex 3.45632 1.51925 9
    endloop
  endfacet
  facet normal 0.195097 0.980784 0
    outer loop
      vertex 3.16766 1.57667 9
      vertex 3.45632 1.51925 2
      vertex 3.16766 1.57667 2
    endloop
  endfacet
  facet normal -0.831318 -0.555797 0
    outer loop
      vertex 86.1986 41.375 2
      vertex 86.035 41.6197 9
      vertex 86.035 41.6197 2
    endloop
  endfacet
  facet normal -0.831318 -0.555797 0
    outer loop
      vertex 86.035 41.6197 9
      vertex 86.1986 41.375 2
      vertex 86.1986 41.375 9
    endloop
  endfacet
  facet normal 0.0654072 0.997859 -0
    outer loop
      vertex 3.75 1.5 2
      vertex 3.45632 1.51925 9
      vertex 3.75 1.5 9
    endloop
  endfacet
  facet normal 0.0654072 0.997859 0
    outer loop
      vertex 3.45632 1.51925 9
      vertex 3.75 1.5 2
      vertex 3.45632 1.51925 2
    endloop
  endfacet
  facet normal -0.195397 -0.980724 0
    outer loop
      vertex 84.5437 42.4808 2
      vertex 84.8323 42.4233 9
      vertex 84.5437 42.4808 9
    endloop
  endfacet
  facet normal -0.195397 -0.980724 -0
    outer loop
      vertex 84.8323 42.4233 9
      vertex 84.5437 42.4808 2
      vertex 84.8323 42.4233 2
    endloop
  endfacet
  facet normal 0.065238 -0.99787 0
    outer loop
      vertex 3.45632 42.4808 2
      vertex 3.75 42.5 9
      vertex 3.45632 42.4808 9
    endloop
  endfacet
  facet normal 0.065238 -0.99787 0
    outer loop
      vertex 3.75 42.5 9
      vertex 3.45632 42.4808 2
      vertex 3.75 42.5 2
    endloop
  endfacet
  facet normal -0.659202 -0.751966 0
    outer loop
      vertex 85.6197 42.035 2
      vertex 85.841 41.841 9
      vertex 85.6197 42.035 9
    endloop
  endfacet
  facet normal -0.659202 -0.751966 -0
    outer loop
      vertex 85.841 41.841 9
      vertex 85.6197 42.035 2
      vertex 85.841 41.841 2
    endloop
  endfacet
  facet normal 0.55557 0.83147 -0
    outer loop
      vertex 2.625 1.80144 2
      vertex 2.38029 1.96495 9
      vertex 2.625 1.80144 9
    endloop
  endfacet
  facet normal 0.55557 0.83147 0
    outer loop
      vertex 2.38029 1.96495 9
      vertex 2.625 1.80144 2
      vertex 2.38029 1.96495 2
    endloop
  endfacet
  facet normal -0.831328 0.555782 0
    outer loop
      vertex 86.035 2.38029 2
      vertex 86.1986 2.625 9
      vertex 86.1986 2.625 2
    endloop
  endfacet
  facet normal -0.831328 0.555782 0
    outer loop
      vertex 86.1986 2.625 9
      vertex 86.035 2.38029 2
      vertex 86.035 2.38029 9
    endloop
  endfacet
  facet normal -0.659317 0.751865 0
    outer loop
      vertex 85.841 2.15901 2
      vertex 85.6197 1.96495 9
      vertex 85.841 2.15901 9
    endloop
  endfacet
  facet normal -0.659317 0.751865 0
    outer loop
      vertex 85.6197 1.96495 9
      vertex 85.841 2.15901 2
      vertex 85.6197 1.96495 2
    endloop
  endfacet
  facet normal -0.442042 -0.896995 0
    outer loop
      vertex 85.111 42.3287 2
      vertex 85.375 42.1986 9
      vertex 85.111 42.3287 9
    endloop
  endfacet
  facet normal -0.442042 -0.896995 -0
    outer loop
      vertex 85.375 42.1986 9
      vertex 85.111 42.3287 2
      vertex 85.375 42.1986 2
    endloop
  endfacet
  facet normal -0.751936 0.659236 0
    outer loop
      vertex 85.841 2.15901 2
      vertex 86.035 2.38029 9
      vertex 86.035 2.38029 2
    endloop
  endfacet
  facet normal -0.751936 0.659236 0
    outer loop
      vertex 86.035 2.38029 9
      vertex 85.841 2.15901 2
      vertex 85.841 2.15901 9
    endloop
  endfacet
  facet normal -0.946936 -0.321421 0
    outer loop
      vertex 86.4233 40.8323 2
      vertex 86.3287 41.111 9
      vertex 86.3287 41.111 2
    endloop
  endfacet
  facet normal -0.946936 -0.321421 0
    outer loop
      vertex 86.3287 41.111 9
      vertex 86.4233 40.8323 2
      vertex 86.4233 40.8323 9
    endloop
  endfacet
  facet normal 0.659236 -0.751936 0
    outer loop
      vertex 2.15901 41.841 2
      vertex 2.38029 42.035 9
      vertex 2.15901 41.841 9
    endloop
  endfacet
  facet normal 0.659236 -0.751936 0
    outer loop
      vertex 2.38029 42.035 9
      vertex 2.15901 41.841 2
      vertex 2.38029 42.035 2
    endloop
  endfacet
  facet normal 0.8969 -0.442233 0
    outer loop
      vertex 1.67127 41.111 9
      vertex 1.80144 41.375 2
      vertex 1.80144 41.375 9
    endloop
  endfacet
  facet normal 0.8969 -0.442233 0
    outer loop
      vertex 1.80144 41.375 2
      vertex 1.67127 41.111 9
      vertex 1.67127 41.111 2
    endloop
  endfacet
  facet normal 0.946936 -0.321421 0
    outer loop
      vertex 1.57667 40.8323 9
      vertex 1.67127 41.111 2
      vertex 1.67127 41.111 9
    endloop
  endfacet
  facet normal 0.946936 -0.321421 0
    outer loop
      vertex 1.67127 41.111 2
      vertex 1.57667 40.8323 9
      vertex 1.57667 40.8323 2
    endloop
  endfacet
  facet normal 0.83147 0.55557 0
    outer loop
      vertex 1.96495 2.38029 9
      vertex 1.80144 2.625 2
      vertex 1.80144 2.625 9
    endloop
  endfacet
  facet normal 0.83147 0.55557 0
    outer loop
      vertex 1.80144 2.625 2
      vertex 1.96495 2.38029 9
      vertex 1.96495 2.38029 2
    endloop
  endfacet
  facet normal -0.980732 0.195358 0
    outer loop
      vertex 86.4233 3.16766 2
      vertex 86.4808 3.45632 9
      vertex 86.4808 3.45632 2
    endloop
  endfacet
  facet normal -0.980732 0.195358 0
    outer loop
      vertex 86.4808 3.45632 9
      vertex 86.4233 3.16766 2
      vertex 86.4233 3.16766 9
    endloop
  endfacet
  facet normal 0.997859 0.0654072 0
    outer loop
      vertex 1.51925 3.45632 9
      vertex 1.5 3.75 2
      vertex 1.5 3.75 9
    endloop
  endfacet
  facet normal 0.997859 0.0654072 0
    outer loop
      vertex 1.5 3.75 2
      vertex 1.51925 3.45632 9
      vertex 1.51925 3.45632 2
    endloop
  endfacet
  facet normal 0.442287 0.896874 -0
    outer loop
      vertex 2.88896 1.67127 2
      vertex 2.625 1.80144 9
      vertex 2.88896 1.67127 9
    endloop
  endfacet
  facet normal 0.442287 0.896874 0
    outer loop
      vertex 2.625 1.80144 9
      vertex 2.88896 1.67127 2
      vertex 2.625 1.80144 2
    endloop
  endfacet
  facet normal 0.997859 -0.0654027 0
    outer loop
      vertex 1.5 40.25 9
      vertex 1.51925 40.5437 2
      vertex 1.51925 40.5437 9
    endloop
  endfacet
  facet normal 0.997859 -0.0654027 0
    outer loop
      vertex 1.51925 40.5437 2
      vertex 1.5 40.25 9
      vertex 1.5 40.25 2
    endloop
  endfacet
  facet normal 0.831459 -0.555586 0
    outer loop
      vertex 1.80144 41.375 9
      vertex 1.96495 41.6197 2
      vertex 1.96495 41.6197 9
    endloop
  endfacet
  facet normal 0.831459 -0.555586 0
    outer loop
      vertex 1.96495 41.6197 2
      vertex 1.80144 41.375 9
      vertex 1.80144 41.375 2
    endloop
  endfacet
  facet normal 0.946936 0.321421 0
    outer loop
      vertex 1.67127 2.88896 9
      vertex 1.57667 3.16766 2
      vertex 1.57667 3.16766 9
    endloop
  endfacet
  facet normal 0.946936 0.321421 0
    outer loop
      vertex 1.57667 3.16766 2
      vertex 1.67127 2.88896 9
      vertex 1.67127 2.88896 2
    endloop
  endfacet
  facet normal 0.980784 0.195097 0
    outer loop
      vertex 1.57667 3.16766 9
      vertex 1.51925 3.45632 2
      vertex 1.51925 3.45632 9
    endloop
  endfacet
  facet normal 0.980784 0.195097 0
    outer loop
      vertex 1.51925 3.45632 2
      vertex 1.57667 3.16766 9
      vertex 1.57667 3.16766 2
    endloop
  endfacet
  facet normal -0 0 1
    outer loop
      vertex 7.74724 36.9834 2
      vertex 11 30 2
      vertex 7.804 37.1506 2
    endloop
  endfacet
  facet normal 0 0 1
    outer loop
      vertex 11 14 2
      vertex 7.83845 6.67621 2
      vertex 7.85 6.5 2
    endloop
  endfacet
  facet normal -0 0 1
    outer loop
      vertex 7.66913 36.825 2
      vertex 11 30 2
      vertex 7.74724 36.9834 2
    endloop
  endfacet
  facet normal 0 0 1
    outer loop
      vertex 11 14 2
      vertex 7.804 6.84941 2
      vertex 7.83845 6.67621 2
    endloop
  endfacet
  facet normal -0 0 1
    outer loop
      vertex 7.57103 36.6782 2
      vertex 11 30 2
      vertex 7.66913 36.825 2
    endloop
  endfacet
  facet normal 0 0 1
    outer loop
      vertex 11 14 2
      vertex 7.74724 7.01662 2
      vertex 7.804 6.84941 2
    endloop
  endfacet
  facet normal -0 0 1
    outer loop
      vertex 7.45459 36.5454 2
      vertex 11 30 2
      vertex 7.57103 36.6782 2
    endloop
  endfacet
  facet normal 0 0 1
    outer loop
      vertex 11 14 2
      vertex 7.66913 7.175 2
      vertex 7.74724 7.01662 2
    endloop
  endfacet
  facet normal -0 0 1
    outer loop
      vertex 7.32183 36.429 2
      vertex 11 30 2
      vertex 7.45459 36.5454 2
    endloop
  endfacet
  facet normal 0 0 1
    outer loop
      vertex 11 14 2
      vertex 7.57103 7.32183 2
      vertex 7.66913 7.175 2
    endloop
  endfacet
  facet normal -0 0 1
    outer loop
      vertex 7.175 36.3309 2
      vertex 11 30 2
      vertex 7.32183 36.429 2
    endloop
  endfacet
  facet normal 0 0 1
    outer loop
      vertex 11 14 2
      vertex 7.45459 7.45459 2
      vertex 7.57103 7.32183 2
    endloop
  endfacet
  facet normal -0 0 1
    outer loop
      vertex 7.01662 36.2528 2
      vertex 11 30 2
      vertex 7.175 36.3309 2
    endloop
  endfacet
  facet normal 0 0 1
    outer loop
      vertex 11 14 2
      vertex 7.32183 7.57103 2
      vertex 7.45459 7.45459 2
    endloop
  endfacet
  facet normal -0 0 1
    outer loop
      vertex 6.84941 36.196 2
      vertex 11 30 2
      vertex 7.01662 36.2528 2
    endloop
  endfacet
  facet normal 0 0 1
    outer loop
      vertex 11 14 2
      vertex 7.175 7.66913 2
      vertex 7.32183 7.57103 2
    endloop
  endfacet
  facet normal -0 0 1
    outer loop
      vertex 6.67621 36.1615 2
      vertex 11 30 2
      vertex 6.84941 36.196 2
    endloop
  endfacet
  facet normal 0 0 1
    outer loop
      vertex 11 14 2
      vertex 7.01662 7.74724 2
      vertex 7.175 7.66913 2
    endloop
  endfacet
  facet normal -0 0 1
    outer loop
      vertex 6.5 36.15 2
      vertex 11 30 2
      vertex 6.67621 36.1615 2
    endloop
  endfacet
  facet normal 0 0 1
    outer loop
      vertex 11 14 2
      vertex 6.84941 7.804 2
      vertex 7.01662 7.74724 2
    endloop
  endfacet
  facet normal 0 0 1
    outer loop
      vertex 6.32379 36.1615 2
      vertex 11 30 2
      vertex 6.5 36.15 2
    endloop
  endfacet
  facet normal 0 0 1
    outer loop
      vertex 11 14 2
      vertex 6.67621 7.83845 2
      vertex 6.84941 7.804 2
    endloop
  endfacet
  facet normal 0 0 1
    outer loop
      vertex 6.15059 36.196 2
      vertex 11 30 2
      vertex 6.32379 36.1615 2
    endloop
  endfacet
  facet normal 0 0 1
    outer loop
      vertex 11 14 2
      vertex 6.5 7.85 2
      vertex 6.67621 7.83845 2
    endloop
  endfacet
  facet normal 0 0 1
    outer loop
      vertex 5.98338 36.2528 2
      vertex 11 30 2
      vertex 6.15059 36.196 2
    endloop
  endfacet
  facet normal 0 0 1
    outer loop
      vertex 11 14 2
      vertex 6.32379 7.83845 2
      vertex 6.5 7.85 2
    endloop
  endfacet
  facet normal 0 0 1
    outer loop
      vertex 5.825 36.3309 2
      vertex 11 30 2
      vertex 5.98338 36.2528 2
    endloop
  endfacet
  facet normal 0 0 1
    outer loop
      vertex 11 14 2
      vertex 6.15059 7.804 2
      vertex 6.32379 7.83845 2
    endloop
  endfacet
  facet normal 0 0 1
    outer loop
      vertex 5.67817 36.429 2
      vertex 11 30 2
      vertex 5.825 36.3309 2
    endloop
  endfacet
  facet normal 0 0 1
    outer loop
      vertex 11 14 2
      vertex 5.98338 7.74724 2
      vertex 6.15059 7.804 2
    endloop
  endfacet
  facet normal 0 0 1
    outer loop
      vertex 11 30 2
      vertex 5.67817 36.429 2
      vertex 11 14 2
    endloop
  endfacet
  facet normal 0 0 1
    outer loop
      vertex 11 14 2
      vertex 5.825 7.66913 2
      vertex 5.98338 7.74724 2
    endloop
  endfacet
  facet normal 0 0 1
    outer loop
      vertex 5.67817 7.57103 2
      vertex 11 14 2
      vertex 5.67817 36.429 2
    endloop
  endfacet
  facet normal 0 0 1
    outer loop
      vertex 11 14 2
      vertex 5.67817 7.57103 2
      vertex 5.825 7.66913 2
    endloop
  endfacet
  facet normal 0 0 1
    outer loop
      vertex 5.54541 36.5454 2
      vertex 5.67817 7.57103 2
      vertex 5.67817 36.429 2
    endloop
  endfacet
  facet normal 0 0 1
    outer loop
      vertex 5.54541 36.5454 2
      vertex 5.54541 7.45459 2
      vertex 5.67817 7.57103 2
    endloop
  endfacet
  facet normal 0 0 1
    outer loop
      vertex 5.42897 36.6782 2
      vertex 5.54541 7.45459 2
      vertex 5.54541 36.5454 2
    endloop
  endfacet
  facet normal 0 0 1
    outer loop
      vertex 5.42897 36.6782 2
      vertex 5.42897 7.32183 2
      vertex 5.54541 7.45459 2
    endloop
  endfacet
  facet normal 0 0 1
    outer loop
      vertex 1.5 40.25 2
      vertex 5.42897 36.6782 2
      vertex 5.33086 36.825 2
    endloop
  endfacet
  facet normal 0 0 1
    outer loop
      vertex 5.42897 36.6782 2
      vertex 1.5 40.25 2
      vertex 5.42897 7.32183 2
    endloop
  endfacet
  facet normal 0 0 1
    outer loop
      vertex 1.5 40.25 2
      vertex 5.33086 36.825 2
      vertex 5.25276 36.9834 2
    endloop
  endfacet
  facet normal 0 0 1
    outer loop
      vertex 1.5 3.75 2
      vertex 5.42897 7.32183 2
      vertex 1.5 40.25 2
    endloop
  endfacet
  facet normal 0 0 1
    outer loop
      vertex 1.5 40.25 2
      vertex 5.25276 36.9834 2
      vertex 5.196 37.1506 2
    endloop
  endfacet
  facet normal 0 0 1
    outer loop
      vertex 5.42897 7.32183 2
      vertex 1.5 3.75 2
      vertex 5.33086 7.175 2
    endloop
  endfacet
  facet normal 0 0 1
    outer loop
      vertex 1.5 40.25 2
      vertex 5.196 37.1506 2
      vertex 5.16155 37.3238 2
    endloop
  endfacet
  facet normal 0 0 1
    outer loop
      vertex 5.33086 7.175 2
      vertex 1.5 3.75 2
      vertex 5.25276 7.01662 2
    endloop
  endfacet
  facet normal 0 0 1
    outer loop
      vertex 1.5 40.25 2
      vertex 5.16155 37.3238 2
      vertex 5.15 37.5 2
    endloop
  endfacet
  facet normal 0 0 1
    outer loop
      vertex 5.25276 7.01662 2
      vertex 1.5 3.75 2
      vertex 5.196 6.84941 2
    endloop
  endfacet
  facet normal 0 0 1
    outer loop
      vertex 82.7472 36.9834 2
      vertex 86.5 40.25 2
      vertex 82.804 37.1506 2
    endloop
  endfacet
  facet normal 0 0 1
    outer loop
      vertex 86.5 3.75 2
      vertex 82.8384 6.67621 2
      vertex 82.85 6.5 2
    endloop
  endfacet
  facet normal 0 0 1
    outer loop
      vertex 82.6691 36.825 2
      vertex 86.5 40.25 2
      vertex 82.7472 36.9834 2
    endloop
  endfacet
  facet normal 0 0 1
    outer loop
      vertex 86.5 3.75 2
      vertex 82.804 6.84941 2
      vertex 82.8384 6.67621 2
    endloop
  endfacet
  facet normal 0 0 1
    outer loop
      vertex 82.571 36.6782 2
      vertex 86.5 40.25 2
      vertex 82.6691 36.825 2
    endloop
  endfacet
  facet normal 0 0 1
    outer loop
      vertex 86.5 3.75 2
      vertex 82.7472 7.01662 2
      vertex 82.804 6.84941 2
    endloop
  endfacet
  facet normal 0 0 1
    outer loop
      vertex 86.5 40.25 2
      vertex 82.571 36.6782 2
      vertex 86.5 3.75 2
    endloop
  endfacet
  facet normal 0 0 1
    outer loop
      vertex 86.5 3.75 2
      vertex 82.6691 7.175 2
      vertex 82.7472 7.01662 2
    endloop
  endfacet
  facet normal -0 0 1
    outer loop
      vertex 82.571 7.32183 2
      vertex 86.5 3.75 2
      vertex 82.571 36.6782 2
    endloop
  endfacet
  facet normal 0 0 1
    outer loop
      vertex 86.5 3.75 2
      vertex 82.571 7.32183 2
      vertex 82.6691 7.175 2
    endloop
  endfacet
  facet normal -0 0 1
    outer loop
      vertex 82.4546 36.5454 2
      vertex 82.571 7.32183 2
      vertex 82.571 36.6782 2
    endloop
  endfacet
  facet normal 0 0 1
    outer loop
      vertex 82.4546 36.5454 2
      vertex 82.4546 7.45459 2
      vertex 82.571 7.32183 2
    endloop
  endfacet
  facet normal -0 0 1
    outer loop
      vertex 82.3218 36.429 2
      vertex 82.4546 7.45459 2
      vertex 82.4546 36.5454 2
    endloop
  endfacet
  facet normal 0 0 1
    outer loop
      vertex 82.3218 36.429 2
      vertex 82.3218 7.57103 2
      vertex 82.4546 7.45459 2
    endloop
  endfacet
  facet normal 0 0 1
    outer loop
      vertex 77 30 2
      vertex 82.3218 36.429 2
      vertex 82.175 36.3309 2
    endloop
  endfacet
  facet normal 0 0 1
    outer loop
      vertex 82.3218 36.429 2
      vertex 77 30 2
      vertex 82.3218 7.57103 2
    endloop
  endfacet
  facet normal 0 0 1
    outer loop
      vertex 77 30 2
      vertex 82.175 36.3309 2
      vertex 82.0166 36.2528 2
    endloop
  endfacet
  facet normal -0 0 1
    outer loop
      vertex 77 14 2
      vertex 82.3218 7.57103 2
      vertex 77 30 2
    endloop
  endfacet
  facet normal 0 0 1
    outer loop
      vertex 77 30 2
      vertex 82.0166 36.2528 2
      vertex 81.8494 36.196 2
    endloop
  endfacet
  facet normal 0 0 1
    outer loop
      vertex 82.3218 7.57103 2
      vertex 77 14 2
      vertex 82.175 7.66913 2
    endloop
  endfacet
  facet normal 0 0 1
    outer loop
      vertex 77 30 2
      vertex 81.8494 36.196 2
      vertex 81.6762 36.1615 2
    endloop
  endfacet
  facet normal 0 0 1
    outer loop
      vertex 82.175 7.66913 2
      vertex 77 14 2
      vertex 82.0166 7.74724 2
    endloop
  endfacet
  facet normal 0 0 1
    outer loop
      vertex 77 30 2
      vertex 81.6762 36.1615 2
      vertex 81.5 36.15 2
    endloop
  endfacet
  facet normal 0 0 1
    outer loop
      vertex 82.0166 7.74724 2
      vertex 77 14 2
      vertex 81.8494 7.804 2
    endloop
  endfacet
  facet normal 0 0 1
    outer loop
      vertex 77 30 2
      vertex 81.5 36.15 2
      vertex 81.3238 36.1615 2
    endloop
  endfacet
  facet normal 0 0 1
    outer loop
      vertex 81.8494 7.804 2
      vertex 77 14 2
      vertex 81.6762 7.83845 2
    endloop
  endfacet
  facet normal 0 0 1
    outer loop
      vertex 77 30 2
      vertex 81.3238 36.1615 2
      vertex 81.1506 36.196 2
    endloop
  endfacet
  facet normal 0 0 1
    outer loop
      vertex 81.6762 7.83845 2
      vertex 77 14 2
      vertex 81.5 7.85 2
    endloop
  endfacet
  facet normal 0 0 1
    outer loop
      vertex 77 30 2
      vertex 81.1506 36.196 2
      vertex 80.9834 36.2528 2
    endloop
  endfacet
  facet normal 0 0 1
    outer loop
      vertex 81.5 7.85 2
      vertex 77 14 2
      vertex 81.3238 7.83845 2
    endloop
  endfacet
  facet normal 0 0 1
    outer loop
      vertex 77 30 2
      vertex 80.9834 36.2528 2
      vertex 80.825 36.3309 2
    endloop
  endfacet
  facet normal 0 0 1
    outer loop
      vertex 81.3238 7.83845 2
      vertex 77 14 2
      vertex 81.1506 7.804 2
    endloop
  endfacet
  facet normal 0 0 1
    outer loop
      vertex 77 30 2
      vertex 80.825 36.3309 2
      vertex 80.6782 36.429 2
    endloop
  endfacet
  facet normal 0 0 1
    outer loop
      vertex 81.1506 7.804 2
      vertex 77 14 2
      vertex 80.9834 7.74724 2
    endloop
  endfacet
  facet normal 0 0 1
    outer loop
      vertex 77 30 2
      vertex 80.6782 36.429 2
      vertex 80.5454 36.5454 2
    endloop
  endfacet
  facet normal 0 0 1
    outer loop
      vertex 80.9834 7.74724 2
      vertex 77 14 2
      vertex 80.825 7.66913 2
    endloop
  endfacet
  facet normal 0 0 1
    outer loop
      vertex 77 30 2
      vertex 80.5454 36.5454 2
      vertex 80.429 36.6782 2
    endloop
  endfacet
  facet normal 0 0 1
    outer loop
      vertex 80.825 7.66913 2
      vertex 77 14 2
      vertex 80.6782 7.57103 2
    endloop
  endfacet
  facet normal 0 0 1
    outer loop
      vertex 77 30 2
      vertex 80.429 36.6782 2
      vertex 80.3309 36.825 2
    endloop
  endfacet
  facet normal 0 0 1
    outer loop
      vertex 80.6782 7.57103 2
      vertex 77 14 2
      vertex 80.5454 7.45459 2
    endloop
  endfacet
  facet normal 0 0 1
    outer loop
      vertex 77 30 2
      vertex 80.3309 36.825 2
      vertex 80.2528 36.9834 2
    endloop
  endfacet
  facet normal 0 0 1
    outer loop
      vertex 80.5454 7.45459 2
      vertex 77 14 2
      vertex 80.429 7.32183 2
    endloop
  endfacet
  facet normal 0 0 1
    outer loop
      vertex 77 30 2
      vertex 80.2528 36.9834 2
      vertex 80.196 37.1506 2
    endloop
  endfacet
  facet normal 0 0 1
    outer loop
      vertex 80.429 7.32183 2
      vertex 77 14 2
      vertex 80.3309 7.175 2
    endloop
  endfacet
  facet normal 0 0 1
    outer loop
      vertex 77 30 2
      vertex 80.196 37.1506 2
      vertex 80.1615 37.3238 2
    endloop
  endfacet
  facet normal 0 0 1
    outer loop
      vertex 80.3309 7.175 2
      vertex 77 14 2
      vertex 80.2528 7.01662 2
    endloop
  endfacet
  facet normal 0 0 1
    outer loop
      vertex 77 30 2
      vertex 80.1615 37.3238 2
      vertex 80.15 37.5 2
    endloop
  endfacet
  facet normal 0 0 1
    outer loop
      vertex 80.2528 7.01662 2
      vertex 77 14 2
      vertex 80.196 6.84941 2
    endloop
  endfacet
  facet normal 0 0 1
    outer loop
      vertex 82.4546 38.4546 2
      vertex 86.5 40.25 2
      vertex 86.4808 40.5437 2
    endloop
  endfacet
  facet normal 0 0 1
    outer loop
      vertex 82.8384 37.3238 2
      vertex 86.5 40.25 2
      vertex 82.85 37.5 2
    endloop
  endfacet
  facet normal 0 0 1
    outer loop
      vertex 82.4546 38.4546 2
      vertex 86.4808 40.5437 2
      vertex 86.4233 40.8323 2
    endloop
  endfacet
  facet normal 0 0 1
    outer loop
      vertex 82.804 37.1506 2
      vertex 86.5 40.25 2
      vertex 82.8384 37.3238 2
    endloop
  endfacet
  facet normal 0 0 1
    outer loop
      vertex 82.4546 38.4546 2
      vertex 86.4233 40.8323 2
      vertex 86.3287 41.111 2
    endloop
  endfacet
  facet normal -0 0 1
    outer loop
      vertex 82.8384 6.32379 2
      vertex 86.5 3.75 2
      vertex 82.85 6.5 2
    endloop
  endfacet
  facet normal 0 0 1
    outer loop
      vertex 82.4546 38.4546 2
      vertex 86.3287 41.111 2
      vertex 86.1986 41.375 2
    endloop
  endfacet
  facet normal -0 0 1
    outer loop
      vertex 82.804 6.15059 2
      vertex 86.5 3.75 2
      vertex 82.8384 6.32379 2
    endloop
  endfacet
  facet normal 0 0 1
    outer loop
      vertex 82.4546 38.4546 2
      vertex 86.1986 41.375 2
      vertex 86.035 41.6197 2
    endloop
  endfacet
  facet normal -0 0 1
    outer loop
      vertex 82.7472 5.98338 2
      vertex 86.5 3.75 2
      vertex 82.804 6.15059 2
    endloop
  endfacet
  facet normal 0 0 1
    outer loop
      vertex 82.4546 38.4546 2
      vertex 86.035 41.6197 2
      vertex 85.841 41.841 2
    endloop
  endfacet
  facet normal -0 0 1
    outer loop
      vertex 82.6691 5.825 2
      vertex 86.5 3.75 2
      vertex 82.7472 5.98338 2
    endloop
  endfacet
  facet normal 0 0 1
    outer loop
      vertex 82.4546 38.4546 2
      vertex 85.841 41.841 2
      vertex 85.6197 42.035 2
    endloop
  endfacet
  facet normal -0 0 1
    outer loop
      vertex 82.571 5.67817 2
      vertex 86.5 3.75 2
      vertex 82.6691 5.825 2
    endloop
  endfacet
  facet normal 0 0 1
    outer loop
      vertex 82.4546 38.4546 2
      vertex 85.6197 42.035 2
      vertex 85.375 42.1986 2
    endloop
  endfacet
  facet normal -0 0 1
    outer loop
      vertex 82.4546 5.54541 2
      vertex 86.5 3.75 2
      vertex 82.571 5.67817 2
    endloop
  endfacet
  facet normal 0 0 1
    outer loop
      vertex 82.4546 38.4546 2
      vertex 85.375 42.1986 2
      vertex 85.111 42.3287 2
    endloop
  endfacet
  facet normal 0 0 1
    outer loop
      vertex 86.5 3.75 2
      vertex 82.4546 5.54541 2
      vertex 86.4808 3.45632 2
    endloop
  endfacet
  facet normal 0 0 1
    outer loop
      vertex 82.4546 38.4546 2
      vertex 85.111 42.3287 2
      vertex 84.8323 42.4233 2
    endloop
  endfacet
  facet normal 0 0 1
    outer loop
      vertex 86.4808 3.45632 2
      vertex 82.4546 5.54541 2
      vertex 86.4233 3.16766 2
    endloop
  endfacet
  facet normal 0 0 1
    outer loop
      vertex 82.4546 38.4546 2
      vertex 84.8323 42.4233 2
      vertex 84.5437 42.4808 2
    endloop
  endfacet
  facet normal 0 0 1
    outer loop
      vertex 86.4233 3.16766 2
      vertex 82.4546 5.54541 2
      vertex 86.3287 2.88896 2
    endloop
  endfacet
  facet normal 0 0 1
    outer loop
      vertex 82.4546 38.4546 2
      vertex 84.5437 42.4808 2
      vertex 84.25 42.5 2
    endloop
  endfacet
  facet normal 0 0 1
    outer loop
      vertex 86.3287 2.88896 2
      vertex 82.4546 5.54541 2
      vertex 86.1986 2.625 2
    endloop
  endfacet
  facet normal 0 0 1
    outer loop
      vertex 86.1986 2.625 2
      vertex 82.4546 5.54541 2
      vertex 86.035 2.38029 2
    endloop
  endfacet
  facet normal 0 0 1
    outer loop
      vertex 86.5 40.25 2
      vertex 82.8384 37.6762 2
      vertex 82.85 37.5 2
    endloop
  endfacet
  facet normal 0 0 1
    outer loop
      vertex 86.5 40.25 2
      vertex 82.804 37.8494 2
      vertex 82.8384 37.6762 2
    endloop
  endfacet
  facet normal 0 0 1
    outer loop
      vertex 86.5 40.25 2
      vertex 82.7472 38.0166 2
      vertex 82.804 37.8494 2
    endloop
  endfacet
  facet normal 0 0 1
    outer loop
      vertex 86.5 40.25 2
      vertex 82.6691 38.175 2
      vertex 82.7472 38.0166 2
    endloop
  endfacet
  facet normal 0 0 1
    outer loop
      vertex 86.5 40.25 2
      vertex 82.571 38.3218 2
      vertex 82.6691 38.175 2
    endloop
  endfacet
  facet normal 0 0 1
    outer loop
      vertex 86.5 40.25 2
      vertex 82.4546 38.4546 2
      vertex 82.571 38.3218 2
    endloop
  endfacet
  facet normal 0 0 1
    outer loop
      vertex 84.25 42.5 2
      vertex 82.3218 38.571 2
      vertex 82.4546 38.4546 2
    endloop
  endfacet
  facet normal 0 0 1
    outer loop
      vertex 84.25 42.5 2
      vertex 82.175 38.6691 2
      vertex 82.3218 38.571 2
    endloop
  endfacet
  facet normal 0 0 1
    outer loop
      vertex 84.25 42.5 2
      vertex 82.0166 38.7472 2
      vertex 82.175 38.6691 2
    endloop
  endfacet
  facet normal 0 0 1
    outer loop
      vertex 84.25 42.5 2
      vertex 81.8494 38.804 2
      vertex 82.0166 38.7472 2
    endloop
  endfacet
  facet normal 0 0 1
    outer loop
      vertex 84.25 42.5 2
      vertex 81.6762 38.8385 2
      vertex 81.8494 38.804 2
    endloop
  endfacet
  facet normal 0 0 1
    outer loop
      vertex 84.25 42.5 2
      vertex 81.5 38.85 2
      vertex 81.6762 38.8385 2
    endloop
  endfacet
  facet normal 0 0 1
    outer loop
      vertex 84.25 42.5 2
      vertex 81.3238 38.8385 2
      vertex 81.5 38.85 2
    endloop
  endfacet
  facet normal 0 0 1
    outer loop
      vertex 84.25 42.5 2
      vertex 81.1506 38.804 2
      vertex 81.3238 38.8385 2
    endloop
  endfacet
  facet normal 0 0 1
    outer loop
      vertex 84.25 42.5 2
      vertex 80.9834 38.7472 2
      vertex 81.1506 38.804 2
    endloop
  endfacet
  facet normal 0 0 1
    outer loop
      vertex 84.25 42.5 2
      vertex 80.825 38.6691 2
      vertex 80.9834 38.7472 2
    endloop
  endfacet
  facet normal 0 0 1
    outer loop
      vertex 84.25 42.5 2
      vertex 80.6782 38.571 2
      vertex 80.825 38.6691 2
    endloop
  endfacet
  facet normal 0 0 1
    outer loop
      vertex 84.25 42.5 2
      vertex 80.5454 38.4546 2
      vertex 80.6782 38.571 2
    endloop
  endfacet
  facet normal 0 0 1
    outer loop
      vertex 80.196 6.84941 2
      vertex 77 14 2
      vertex 80.1615 6.67621 2
    endloop
  endfacet
  facet normal 0 0 1
    outer loop
      vertex 80.1615 37.6762 2
      vertex 77 30 2
      vertex 80.15 37.5 2
    endloop
  endfacet
  facet normal 0 0 1
    outer loop
      vertex 80.196 37.8494 2
      vertex 77 30 2
      vertex 80.1615 37.6762 2
    endloop
  endfacet
  facet normal 0 0 1
    outer loop
      vertex 7.804 37.8494 2
      vertex 80.196 37.8494 2
      vertex 80.2528 38.0166 2
    endloop
  endfacet
  facet normal 0 0 1
    outer loop
      vertex 80.196 37.8494 2
      vertex 11 30 2
      vertex 77 30 2
    endloop
  endfacet
  facet normal 0 0 1
    outer loop
      vertex 7.74724 38.0166 2
      vertex 80.2528 38.0166 2
      vertex 80.3309 38.175 2
    endloop
  endfacet
  facet normal 0 0 1
    outer loop
      vertex 7.66913 38.175 2
      vertex 80.3309 38.175 2
      vertex 80.429 38.3218 2
    endloop
  endfacet
  facet normal 0 0 1
    outer loop
      vertex 7.57103 38.3218 2
      vertex 80.429 38.3218 2
      vertex 80.5454 38.4546 2
    endloop
  endfacet
  facet normal 0 0 1
    outer loop
      vertex 7.45459 38.4546 2
      vertex 80.5454 38.4546 2
      vertex 84.25 42.5 2
    endloop
  endfacet
  facet normal -0 0 1
    outer loop
      vertex 7.83845 37.3238 2
      vertex 11 30 2
      vertex 7.85 37.5 2
    endloop
  endfacet
  facet normal 0 0 1
    outer loop
      vertex 80.196 37.8494 2
      vertex 7.804 37.8494 2
      vertex 11 30 2
    endloop
  endfacet
  facet normal 0 0 1
    outer loop
      vertex 11 30 2
      vertex 7.83845 37.6762 2
      vertex 7.85 37.5 2
    endloop
  endfacet
  facet normal 0 0 1
    outer loop
      vertex 11 30 2
      vertex 7.804 37.8494 2
      vertex 7.83845 37.6762 2
    endloop
  endfacet
  facet normal 0 0 1
    outer loop
      vertex 80.2528 38.0166 2
      vertex 7.74724 38.0166 2
      vertex 7.804 37.8494 2
    endloop
  endfacet
  facet normal 0 0 1
    outer loop
      vertex 80.3309 38.175 2
      vertex 7.66913 38.175 2
      vertex 7.74724 38.0166 2
    endloop
  endfacet
  facet normal 0 0 1
    outer loop
      vertex 80.429 38.3218 2
      vertex 7.57103 38.3218 2
      vertex 7.66913 38.175 2
    endloop
  endfacet
  facet normal 0 0 1
    outer loop
      vertex 80.5454 38.4546 2
      vertex 7.45459 38.4546 2
      vertex 7.57103 38.3218 2
    endloop
  endfacet
  facet normal -0 0 1
    outer loop
      vertex 3.75 42.5 2
      vertex 7.45459 38.4546 2
      vertex 84.25 42.5 2
    endloop
  endfacet
  facet normal 0 0 1
    outer loop
      vertex 7.45459 38.4546 2
      vertex 3.75 42.5 2
      vertex 7.32183 38.571 2
    endloop
  endfacet
  facet normal 0 0 1
    outer loop
      vertex 7.32183 38.571 2
      vertex 3.75 42.5 2
      vertex 7.175 38.6691 2
    endloop
  endfacet
  facet normal 0 0 1
    outer loop
      vertex 7.175 38.6691 2
      vertex 3.75 42.5 2
      vertex 7.01662 38.7472 2
    endloop
  endfacet
  facet normal 0 0 1
    outer loop
      vertex 7.01662 38.7472 2
      vertex 3.75 42.5 2
      vertex 6.84941 38.804 2
    endloop
  endfacet
  facet normal 0 0 1
    outer loop
      vertex 6.84941 38.804 2
      vertex 3.75 42.5 2
      vertex 6.67621 38.8385 2
    endloop
  endfacet
  facet normal 0 0 1
    outer loop
      vertex 5.16155 37.6762 2
      vertex 1.5 40.25 2
      vertex 5.15 37.5 2
    endloop
  endfacet
  facet normal 0 0 1
    outer loop
      vertex 5.196 37.8494 2
      vertex 1.5 40.25 2
      vertex 5.16155 37.6762 2
    endloop
  endfacet
  facet normal 0 0 1
    outer loop
      vertex 5.25276 38.0166 2
      vertex 1.5 40.25 2
      vertex 5.196 37.8494 2
    endloop
  endfacet
  facet normal 0 0 1
    outer loop
      vertex 5.33086 38.175 2
      vertex 1.5 40.25 2
      vertex 5.25276 38.0166 2
    endloop
  endfacet
  facet normal 0 0 1
    outer loop
      vertex 5.42897 38.3218 2
      vertex 1.5 40.25 2
      vertex 5.33086 38.175 2
    endloop
  endfacet
  facet normal 0 0 1
    outer loop
      vertex 5.54541 38.4546 2
      vertex 1.5 40.25 2
      vertex 5.42897 38.3218 2
    endloop
  endfacet
  facet normal -0 0 1
    outer loop
      vertex 1.5 40.25 2
      vertex 5.54541 38.4546 2
      vertex 3.75 42.5 2
    endloop
  endfacet
  facet normal 0 0 1
    outer loop
      vertex 5.67817 38.571 2
      vertex 3.75 42.5 2
      vertex 5.54541 38.4546 2
    endloop
  endfacet
  facet normal 0 0 1
    outer loop
      vertex 5.825 38.6691 2
      vertex 3.75 42.5 2
      vertex 5.67817 38.571 2
    endloop
  endfacet
  facet normal 0 0 1
    outer loop
      vertex 5.98338 38.7472 2
      vertex 3.75 42.5 2
      vertex 5.825 38.6691 2
    endloop
  endfacet
  facet normal 0 0 1
    outer loop
      vertex 6.15059 38.804 2
      vertex 3.75 42.5 2
      vertex 5.98338 38.7472 2
    endloop
  endfacet
  facet normal 0 0 1
    outer loop
      vertex 6.32379 38.8385 2
      vertex 3.75 42.5 2
      vertex 6.15059 38.804 2
    endloop
  endfacet
  facet normal 0 0 1
    outer loop
      vertex 6.5 38.85 2
      vertex 3.75 42.5 2
      vertex 6.32379 38.8385 2
    endloop
  endfacet
  facet normal 0 0 1
    outer loop
      vertex 6.67621 38.8385 2
      vertex 3.75 42.5 2
      vertex 6.5 38.85 2
    endloop
  endfacet
  facet normal 0 0 1
    outer loop
      vertex 86.035 2.38029 2
      vertex 82.4546 5.54541 2
      vertex 85.841 2.15901 2
    endloop
  endfacet
  facet normal 0 0 1
    outer loop
      vertex 85.841 2.15901 2
      vertex 82.4546 5.54541 2
      vertex 85.6197 1.96495 2
    endloop
  endfacet
  facet normal 0 0 1
    outer loop
      vertex 85.6197 1.96495 2
      vertex 82.4546 5.54541 2
      vertex 85.375 1.80144 2
    endloop
  endfacet
  facet normal 0 0 1
    outer loop
      vertex 85.375 1.80144 2
      vertex 82.4546 5.54541 2
      vertex 85.111 1.67127 2
    endloop
  endfacet
  facet normal 0 0 1
    outer loop
      vertex 85.111 1.67127 2
      vertex 82.4546 5.54541 2
      vertex 84.8323 1.57667 2
    endloop
  endfacet
  facet normal 0 0 1
    outer loop
      vertex 84.8323 1.57667 2
      vertex 82.4546 5.54541 2
      vertex 84.5437 1.51925 2
    endloop
  endfacet
  facet normal 0 0 1
    outer loop
      vertex 84.5437 1.51925 2
      vertex 82.4546 5.54541 2
      vertex 84.25 1.5 2
    endloop
  endfacet
  facet normal -0 0 1
    outer loop
      vertex 82.3218 5.42897 2
      vertex 84.25 1.5 2
      vertex 82.4546 5.54541 2
    endloop
  endfacet
  facet normal -0 0 1
    outer loop
      vertex 82.175 5.33086 2
      vertex 84.25 1.5 2
      vertex 82.3218 5.42897 2
    endloop
  endfacet
  facet normal -0 0 1
    outer loop
      vertex 82.0166 5.25276 2
      vertex 84.25 1.5 2
      vertex 82.175 5.33086 2
    endloop
  endfacet
  facet normal -0 0 1
    outer loop
      vertex 81.8494 5.196 2
      vertex 84.25 1.5 2
      vertex 82.0166 5.25276 2
    endloop
  endfacet
  facet normal -0 0 1
    outer loop
      vertex 81.6762 5.16155 2
      vertex 84.25 1.5 2
      vertex 81.8494 5.196 2
    endloop
  endfacet
  facet normal -0 0 1
    outer loop
      vertex 81.5 5.15 2
      vertex 84.25 1.5 2
      vertex 81.6762 5.16155 2
    endloop
  endfacet
  facet normal 0 0 1
    outer loop
      vertex 81.3238 5.16155 2
      vertex 84.25 1.5 2
      vertex 81.5 5.15 2
    endloop
  endfacet
  facet normal 0 0 1
    outer loop
      vertex 81.1506 5.196 2
      vertex 84.25 1.5 2
      vertex 81.3238 5.16155 2
    endloop
  endfacet
  facet normal 0 0 1
    outer loop
      vertex 80.9834 5.25276 2
      vertex 84.25 1.5 2
      vertex 81.1506 5.196 2
    endloop
  endfacet
  facet normal 0 0 1
    outer loop
      vertex 80.825 5.33086 2
      vertex 84.25 1.5 2
      vertex 80.9834 5.25276 2
    endloop
  endfacet
  facet normal 0 0 1
    outer loop
      vertex 80.6782 5.42897 2
      vertex 84.25 1.5 2
      vertex 80.825 5.33086 2
    endloop
  endfacet
  facet normal 0 0 1
    outer loop
      vertex 80.5454 5.54541 2
      vertex 84.25 1.5 2
      vertex 80.6782 5.42897 2
    endloop
  endfacet
  facet normal 0 0 1
    outer loop
      vertex 80.1615 6.67621 2
      vertex 77 14 2
      vertex 80.15 6.5 2
    endloop
  endfacet
  facet normal 0 0 1
    outer loop
      vertex 80.15 6.5 2
      vertex 77 14 2
      vertex 80.1615 6.32379 2
    endloop
  endfacet
  facet normal 0 0 1
    outer loop
      vertex 77 14 2
      vertex 80.196 6.15059 2
      vertex 80.1615 6.32379 2
    endloop
  endfacet
  facet normal -0 0 1
    outer loop
      vertex 11 14 2
      vertex 80.196 6.15059 2
      vertex 77 14 2
    endloop
  endfacet
  facet normal 0 0 1
    outer loop
      vertex 7.804 6.15059 2
      vertex 80.196 6.15059 2
      vertex 11 14 2
    endloop
  endfacet
  facet normal 0 0 1
    outer loop
      vertex 80.196 6.15059 2
      vertex 7.804 6.15059 2
      vertex 80.2528 5.98338 2
    endloop
  endfacet
  facet normal 0 0 1
    outer loop
      vertex 7.74724 5.98338 2
      vertex 80.2528 5.98338 2
      vertex 7.804 6.15059 2
    endloop
  endfacet
  facet normal 0 0 1
    outer loop
      vertex 80.2528 5.98338 2
      vertex 7.74724 5.98338 2
      vertex 80.3309 5.825 2
    endloop
  endfacet
  facet normal 0 0 1
    outer loop
      vertex 7.66913 5.825 2
      vertex 80.3309 5.825 2
      vertex 7.74724 5.98338 2
    endloop
  endfacet
  facet normal -0 0 1
    outer loop
      vertex 7.804 37.1506 2
      vertex 11 30 2
      vertex 7.83845 37.3238 2
    endloop
  endfacet
  facet normal 0 0 1
    outer loop
      vertex 7.83845 6.32379 2
      vertex 11 14 2
      vertex 7.85 6.5 2
    endloop
  endfacet
  facet normal 0 0 1
    outer loop
      vertex 7.804 6.15059 2
      vertex 11 14 2
      vertex 7.83845 6.32379 2
    endloop
  endfacet
  facet normal 0 0 1
    outer loop
      vertex 80.3309 5.825 2
      vertex 7.66913 5.825 2
      vertex 80.429 5.67817 2
    endloop
  endfacet
  facet normal 0 0 1
    outer loop
      vertex 7.57103 5.67817 2
      vertex 80.429 5.67817 2
      vertex 7.66913 5.825 2
    endloop
  endfacet
  facet normal 0 0 1
    outer loop
      vertex 80.429 5.67817 2
      vertex 7.57103 5.67817 2
      vertex 80.5454 5.54541 2
    endloop
  endfacet
  facet normal 0 0 1
    outer loop
      vertex 7.45459 5.54541 2
      vertex 80.5454 5.54541 2
      vertex 7.57103 5.67817 2
    endloop
  endfacet
  facet normal 0 0 1
    outer loop
      vertex 80.5454 5.54541 2
      vertex 7.45459 5.54541 2
      vertex 84.25 1.5 2
    endloop
  endfacet
  facet normal 0 0 1
    outer loop
      vertex 3.75 1.5 2
      vertex 7.45459 5.54541 2
      vertex 7.32183 5.42897 2
    endloop
  endfacet
  facet normal 0 0 1
    outer loop
      vertex 3.75 1.5 2
      vertex 7.32183 5.42897 2
      vertex 7.175 5.33086 2
    endloop
  endfacet
  facet normal 0 0 1
    outer loop
      vertex 3.75 1.5 2
      vertex 7.175 5.33086 2
      vertex 7.01662 5.25276 2
    endloop
  endfacet
  facet normal 0 0 1
    outer loop
      vertex 3.75 1.5 2
      vertex 7.01662 5.25276 2
      vertex 6.84941 5.196 2
    endloop
  endfacet
  facet normal 0 0 1
    outer loop
      vertex 3.75 1.5 2
      vertex 6.84941 5.196 2
      vertex 6.67621 5.16155 2
    endloop
  endfacet
  facet normal 0 0 1
    outer loop
      vertex 3.75 1.5 2
      vertex 6.67621 5.16155 2
      vertex 6.5 5.15 2
    endloop
  endfacet
  facet normal 0 0 1
    outer loop
      vertex 7.45459 5.54541 2
      vertex 3.75 1.5 2
      vertex 84.25 1.5 2
    endloop
  endfacet
  facet normal 0 0 1
    outer loop
      vertex 6.32379 5.16155 2
      vertex 3.75 1.5 2
      vertex 6.5 5.15 2
    endloop
  endfacet
  facet normal 0 0 1
    outer loop
      vertex 6.15059 5.196 2
      vertex 3.75 1.5 2
      vertex 6.32379 5.16155 2
    endloop
  endfacet
  facet normal 0 0 1
    outer loop
      vertex 5.98338 5.25276 2
      vertex 3.75 1.5 2
      vertex 6.15059 5.196 2
    endloop
  endfacet
  facet normal 0 0 1
    outer loop
      vertex 5.825 5.33086 2
      vertex 3.75 1.5 2
      vertex 5.98338 5.25276 2
    endloop
  endfacet
  facet normal 0 0 1
    outer loop
      vertex 5.67817 5.42897 2
      vertex 3.75 1.5 2
      vertex 5.825 5.33086 2
    endloop
  endfacet
  facet normal 0 0 1
    outer loop
      vertex 5.54541 5.54541 2
      vertex 3.75 1.5 2
      vertex 5.67817 5.42897 2
    endloop
  endfacet
  facet normal 0 0 1
    outer loop
      vertex 1.5 3.75 2
      vertex 5.54541 5.54541 2
      vertex 5.42897 5.67817 2
    endloop
  endfacet
  facet normal 0 0 1
    outer loop
      vertex 1.5 3.75 2
      vertex 5.42897 5.67817 2
      vertex 5.33086 5.825 2
    endloop
  endfacet
  facet normal 0 0 1
    outer loop
      vertex 1.5 3.75 2
      vertex 5.33086 5.825 2
      vertex 5.25276 5.98338 2
    endloop
  endfacet
  facet normal 0 0 1
    outer loop
      vertex 1.5 3.75 2
      vertex 5.25276 5.98338 2
      vertex 5.196 6.15059 2
    endloop
  endfacet
  facet normal 0 0 1
    outer loop
      vertex 1.5 3.75 2
      vertex 5.196 6.15059 2
      vertex 5.16155 6.32379 2
    endloop
  endfacet
  facet normal 0 0 1
    outer loop
      vertex 1.5 3.75 2
      vertex 5.16155 6.32379 2
      vertex 5.15 6.5 2
    endloop
  endfacet
  facet normal 0 0 1
    outer loop
      vertex 5.196 6.84941 2
      vertex 1.5 3.75 2
      vertex 5.16155 6.67621 2
    endloop
  endfacet
  facet normal 0 0 1
    outer loop
      vertex 1.5 40.25 2
      vertex 3.75 42.5 2
      vertex 3.45632 42.4808 2
    endloop
  endfacet
  facet normal 0 0 1
    outer loop
      vertex 5.16155 6.67621 2
      vertex 1.5 3.75 2
      vertex 5.15 6.5 2
    endloop
  endfacet
  facet normal 0 0 1
    outer loop
      vertex 1.5 40.25 2
      vertex 3.45632 42.4808 2
      vertex 3.16766 42.4233 2
    endloop
  endfacet
  facet normal 0 0 1
    outer loop
      vertex 5.54541 5.54541 2
      vertex 1.5 3.75 2
      vertex 3.75 1.5 2
    endloop
  endfacet
  facet normal 0 0 1
    outer loop
      vertex 1.5 40.25 2
      vertex 3.16766 42.4233 2
      vertex 2.88896 42.3287 2
    endloop
  endfacet
  facet normal 0 0 1
    outer loop
      vertex 3.75 1.5 2
      vertex 1.5 3.75 2
      vertex 3.45632 1.51925 2
    endloop
  endfacet
  facet normal 0 0 1
    outer loop
      vertex 1.5 40.25 2
      vertex 2.88896 42.3287 2
      vertex 2.625 42.1986 2
    endloop
  endfacet
  facet normal 0 0 1
    outer loop
      vertex 3.45632 1.51925 2
      vertex 1.5 3.75 2
      vertex 3.16766 1.57667 2
    endloop
  endfacet
  facet normal 0 0 1
    outer loop
      vertex 1.5 40.25 2
      vertex 2.625 42.1986 2
      vertex 2.38029 42.035 2
    endloop
  endfacet
  facet normal 0 0 1
    outer loop
      vertex 3.16766 1.57667 2
      vertex 1.5 3.75 2
      vertex 2.88896 1.67127 2
    endloop
  endfacet
  facet normal 0 0 1
    outer loop
      vertex 1.5 40.25 2
      vertex 2.38029 42.035 2
      vertex 2.15901 41.841 2
    endloop
  endfacet
  facet normal 0 0 1
    outer loop
      vertex 2.88896 1.67127 2
      vertex 1.5 3.75 2
      vertex 2.625 1.80144 2
    endloop
  endfacet
  facet normal 0 0 1
    outer loop
      vertex 1.5 40.25 2
      vertex 2.15901 41.841 2
      vertex 1.96495 41.6197 2
    endloop
  endfacet
  facet normal 0 0 1
    outer loop
      vertex 2.625 1.80144 2
      vertex 1.5 3.75 2
      vertex 2.38029 1.96495 2
    endloop
  endfacet
  facet normal 0 0 1
    outer loop
      vertex 1.5 40.25 2
      vertex 1.96495 41.6197 2
      vertex 1.80144 41.375 2
    endloop
  endfacet
  facet normal 0 0 1
    outer loop
      vertex 2.38029 1.96495 2
      vertex 1.5 3.75 2
      vertex 2.15901 2.15901 2
    endloop
  endfacet
  facet normal 0 0 1
    outer loop
      vertex 1.5 40.25 2
      vertex 1.80144 41.375 2
      vertex 1.67127 41.111 2
    endloop
  endfacet
  facet normal 0 0 1
    outer loop
      vertex 2.15901 2.15901 2
      vertex 1.5 3.75 2
      vertex 1.96495 2.38029 2
    endloop
  endfacet
  facet normal 0 0 1
    outer loop
      vertex 1.5 40.25 2
      vertex 1.67127 41.111 2
      vertex 1.57667 40.8323 2
    endloop
  endfacet
  facet normal 0 0 1
    outer loop
      vertex 1.96495 2.38029 2
      vertex 1.5 3.75 2
      vertex 1.80144 2.625 2
    endloop
  endfacet
  facet normal 0 0 1
    outer loop
      vertex 1.5 40.25 2
      vertex 1.57667 40.8323 2
      vertex 1.51925 40.5437 2
    endloop
  endfacet
  facet normal 0 0 1
    outer loop
      vertex 1.80144 2.625 2
      vertex 1.5 3.75 2
      vertex 1.67127 2.88896 2
    endloop
  endfacet
  facet normal 0 0 1
    outer loop
      vertex 1.67127 2.88896 2
      vertex 1.5 3.75 2
      vertex 1.57667 3.16766 2
    endloop
  endfacet
  facet normal 0 0 1
    outer loop
      vertex 1.57667 3.16766 2
      vertex 1.5 3.75 2
      vertex 1.51925 3.45632 2
    endloop
  endfacet
  facet normal -0.0653858 0.99786 0
    outer loop
      vertex 78.1958 9.51283 0
      vertex 78 9.5 1.1
      vertex 78.1958 9.51283 1.1
    endloop
  endfacet
  facet normal -0.0653858 0.99786 0
    outer loop
      vertex 78 9.5 1.1
      vertex 78.1958 9.51283 0
      vertex 78 9.5 0
    endloop
  endfacet
  facet normal 0.195146 0.980774 -0
    outer loop
      vertex 9.80421 9.51283 0
      vertex 9.61177 9.55112 1.1
      vertex 9.80421 9.51283 1.1
    endloop
  endfacet
  facet normal 0.195146 0.980774 0
    outer loop
      vertex 9.61177 9.55112 1.1
      vertex 9.80421 9.51283 0
      vertex 9.61177 9.55112 0
    endloop
  endfacet
  facet normal 0.751885 0.659294 0
    outer loop
      vertex 8.93935 9.93935 1.1
      vertex 8.80997 10.0869 0
      vertex 8.80997 10.0869 1.1
    endloop
  endfacet
  facet normal 0.751885 0.659294 0
    outer loop
      vertex 8.80997 10.0869 0
      vertex 8.93935 9.93935 1.1
      vertex 8.93935 9.93935 0
    endloop
  endfacet
  facet normal -0.0652336 -0.99787 0
    outer loop
      vertex 78 34.5 0
      vertex 78.1958 34.4872 1.1
      vertex 78 34.5 1.1
    endloop
  endfacet
  facet normal -0.0652336 -0.99787 -0
    outer loop
      vertex 78.1958 34.4872 1.1
      vertex 78 34.5 0
      vertex 78.1958 34.4872 0
    endloop
  endfacet
  facet normal 0.0653892 0.99786 -0
    outer loop
      vertex 10 9.5 0
      vertex 9.80421 9.51283 1.1
      vertex 10 9.5 1.1
    endloop
  endfacet
  facet normal 0.0653892 0.99786 0
    outer loop
      vertex 9.80421 9.51283 1.1
      vertex 10 9.5 0
      vertex 9.80421 9.51283 0
    endloop
  endfacet
  facet normal 1 -0 0
    outer loop
      vertex 8.5 11 1.1
      vertex 8.5 33 0
      vertex 8.5 33 1.1
    endloop
  endfacet
  facet normal 1 0 0
    outer loop
      vertex 8.5 33 0
      vertex 8.5 11 1.1
      vertex 8.5 11 0
    endloop
  endfacet
  facet normal -0.659168 0.751996 0
    outer loop
      vertex 79.0607 9.93935 0
      vertex 78.9131 9.80997 1.1
      vertex 79.0607 9.93935 1.1
    endloop
  endfacet
  facet normal -0.659168 0.751996 0
    outer loop
      vertex 78.9131 9.80997 1.1
      vertex 79.0607 9.93935 0
      vertex 78.9131 9.80997 0
    endloop
  endfacet
  facet normal 0.65919 -0.751976 0
    outer loop
      vertex 8.93935 34.0607 0
      vertex 9.08685 34.19 1.1
      vertex 8.93935 34.0607 1.1
    endloop
  endfacet
  facet normal 0.65919 -0.751976 0
    outer loop
      vertex 9.08685 34.19 1.1
      vertex 8.93935 34.0607 0
      vertex 9.08685 34.19 0
    endloop
  endfacet
  facet normal 0.8969 -0.442233 0
    outer loop
      vertex 8.61418 33.574 1.1
      vertex 8.70096 33.75 0
      vertex 8.70096 33.75 1.1
    endloop
  endfacet
  facet normal 0.8969 -0.442233 0
    outer loop
      vertex 8.70096 33.75 0
      vertex 8.61418 33.574 1.1
      vertex 8.61418 33.574 0
    endloop
  endfacet
  facet normal 0 -1 0
    outer loop
      vertex 10 34.5 0
      vertex 78 34.5 1.1
      vertex 10 34.5 1.1
    endloop
  endfacet
  facet normal 0 -1 -0
    outer loop
      vertex 78 34.5 1.1
      vertex 10 34.5 0
      vertex 78 34.5 0
    endloop
  endfacet
  facet normal 0.8969 0.442233 0
    outer loop
      vertex 8.70096 10.25 1.1
      vertex 8.61418 10.426 0
      vertex 8.61418 10.426 1.1
    endloop
  endfacet
  facet normal 0.8969 0.442233 0
    outer loop
      vertex 8.61418 10.426 0
      vertex 8.70096 10.25 1.1
      vertex 8.70096 10.25 0
    endloop
  endfacet
  facet normal 0 1 -0
    outer loop
      vertex 78 9.5 0
      vertex 10 9.5 1.1
      vertex 78 9.5 1.1
    endloop
  endfacet
  facet normal 0 1 0
    outer loop
      vertex 10 9.5 1.1
      vertex 78 9.5 0
      vertex 10 9.5 0
    endloop
  endfacet
  facet normal 0.99786 0.0653858 0
    outer loop
      vertex 8.51283 10.8042 1.1
      vertex 8.5 11 0
      vertex 8.5 11 1.1
    endloop
  endfacet
  facet normal 0.99786 0.0653858 0
    outer loop
      vertex 8.5 11 0
      vertex 8.51283 10.8042 1.1
      vertex 8.51283 10.8042 0
    endloop
  endfacet
  facet normal -0.980757 0.195234 0
    outer loop
      vertex 79.4489 10.6118 0
      vertex 79.4872 10.8042 1.1
      vertex 79.4872 10.8042 0
    endloop
  endfacet
  facet normal -0.980757 0.195234 0
    outer loop
      vertex 79.4872 10.8042 1.1
      vertex 79.4489 10.6118 0
      vertex 79.4489 10.6118 1.1
    endloop
  endfacet
  facet normal -1 0 0
    outer loop
      vertex 79.5 11 0
      vertex 79.5 33 1.1
      vertex 79.5 33 0
    endloop
  endfacet
  facet normal -1 -0 0
    outer loop
      vertex 79.5 33 1.1
      vertex 79.5 11 0
      vertex 79.5 11 1.1
    endloop
  endfacet
  facet normal 0.442273 0.89688 -0
    outer loop
      vertex 9.42598 9.61418 0
      vertex 9.25 9.70096 1.1
      vertex 9.42598 9.61418 1.1
    endloop
  endfacet
  facet normal 0.442273 0.89688 0
    outer loop
      vertex 9.25 9.70096 1.1
      vertex 9.42598 9.61418 0
      vertex 9.25 9.70096 0
    endloop
  endfacet
  facet normal 0.99786 -0.0653858 0
    outer loop
      vertex 8.5 33 1.1
      vertex 8.51283 33.1958 0
      vertex 8.51283 33.1958 1.1
    endloop
  endfacet
  facet normal 0.99786 -0.0653858 0
    outer loop
      vertex 8.51283 33.1958 0
      vertex 8.5 33 1.1
      vertex 8.5 33 0
    endloop
  endfacet
  facet normal 0.555523 -0.831501 0
    outer loop
      vertex 9.08685 34.19 0
      vertex 9.25 34.299 1.1
      vertex 9.08685 34.19 1.1
    endloop
  endfacet
  facet normal 0.555523 -0.831501 0
    outer loop
      vertex 9.25 34.299 1.1
      vertex 9.08685 34.19 0
      vertex 9.25 34.299 0
    endloop
  endfacet
  facet normal 0.751996 -0.659168 0
    outer loop
      vertex 8.80997 33.9131 1.1
      vertex 8.93935 34.0607 0
      vertex 8.93935 34.0607 1.1
    endloop
  endfacet
  facet normal 0.751996 -0.659168 0
    outer loop
      vertex 8.93935 34.0607 0
      vertex 8.80997 33.9131 1.1
      vertex 8.80997 33.9131 0
    endloop
  endfacet
  facet normal 0.321407 0.946941 -0
    outer loop
      vertex 9.61177 9.55112 0
      vertex 9.42598 9.61418 1.1
      vertex 9.61177 9.55112 1.1
    endloop
  endfacet
  facet normal 0.321407 0.946941 0
    outer loop
      vertex 9.42598 9.61418 1.1
      vertex 9.61177 9.55112 0
      vertex 9.42598 9.61418 0
    endloop
  endfacet
  facet normal 0.0652369 -0.99787 0
    outer loop
      vertex 9.80421 34.4872 0
      vertex 10 34.5 1.1
      vertex 9.80421 34.4872 1.1
    endloop
  endfacet
  facet normal 0.0652369 -0.99787 0
    outer loop
      vertex 10 34.5 1.1
      vertex 9.80421 34.4872 0
      vertex 10 34.5 0
    endloop
  endfacet
  facet normal 0.980766 -0.195185 0
    outer loop
      vertex 8.51283 33.1958 1.1
      vertex 8.55112 33.3882 0
      vertex 8.55112 33.3882 1.1
    endloop
  endfacet
  facet normal 0.980766 -0.195185 0
    outer loop
      vertex 8.55112 33.3882 0
      vertex 8.51283 33.1958 1.1
      vertex 8.51283 33.1958 0
    endloop
  endfacet
  facet normal 0.555558 0.831477 -0
    outer loop
      vertex 9.25 9.70096 0
      vertex 9.08685 9.80997 1.1
      vertex 9.25 9.70096 1.1
    endloop
  endfacet
  facet normal 0.555558 0.831477 0
    outer loop
      vertex 9.08685 9.80997 1.1
      vertex 9.25 9.70096 0
      vertex 9.08685 9.80997 0
    endloop
  endfacet
  facet normal 0.659421 0.751774 -0
    outer loop
      vertex 9.08685 9.80997 0
      vertex 8.93935 9.93935 1.1
      vertex 9.08685 9.80997 1.1
    endloop
  endfacet
  facet normal 0.659421 0.751774 0
    outer loop
      vertex 8.93935 9.93935 1.1
      vertex 9.08685 9.80997 0
      vertex 8.93935 9.93935 0
    endloop
  endfacet
  facet normal -0.195234 -0.980757 0
    outer loop
      vertex 78.1958 34.4872 0
      vertex 78.3882 34.4489 1.1
      vertex 78.1958 34.4872 1.1
    endloop
  endfacet
  facet normal -0.195234 -0.980757 -0
    outer loop
      vertex 78.3882 34.4489 1.1
      vertex 78.1958 34.4872 0
      vertex 78.3882 34.4489 0
    endloop
  endfacet
  facet normal -0.946885 -0.321574 0
    outer loop
      vertex 79.4489 33.3882 0
      vertex 79.3858 33.574 1.1
      vertex 79.3858 33.574 0
    endloop
  endfacet
  facet normal -0.946885 -0.321574 0
    outer loop
      vertex 79.3858 33.574 1.1
      vertex 79.4489 33.3882 0
      vertex 79.4489 33.3882 1.1
    endloop
  endfacet
  facet normal 0.831399 -0.555676 0
    outer loop
      vertex 8.70096 33.75 1.1
      vertex 8.80997 33.9131 0
      vertex 8.80997 33.9131 1.1
    endloop
  endfacet
  facet normal 0.831399 -0.555676 0
    outer loop
      vertex 8.80997 33.9131 0
      vertex 8.70096 33.75 1.1
      vertex 8.70096 33.75 0
    endloop
  endfacet
  facet normal -0.321574 -0.946885 0
    outer loop
      vertex 78.3882 34.4489 0
      vertex 78.574 34.3858 1.1
      vertex 78.3882 34.4489 1.1
    endloop
  endfacet
  facet normal -0.321574 -0.946885 -0
    outer loop
      vertex 78.574 34.3858 1.1
      vertex 78.3882 34.4489 0
      vertex 78.574 34.3858 0
    endloop
  endfacet
  facet normal -0.555641 -0.831422 0
    outer loop
      vertex 78.75 34.299 0
      vertex 78.9131 34.19 1.1
      vertex 78.75 34.299 1.1
    endloop
  endfacet
  facet normal -0.555641 -0.831422 -0
    outer loop
      vertex 78.9131 34.19 1.1
      vertex 78.75 34.299 0
      vertex 78.9131 34.19 0
    endloop
  endfacet
  facet normal -0.752198 -0.658937 0
    outer loop
      vertex 79.19 33.9131 0
      vertex 79.0607 34.0607 1.1
      vertex 79.0607 34.0607 0
    endloop
  endfacet
  facet normal -0.752198 -0.658937 0
    outer loop
      vertex 79.0607 34.0607 1.1
      vertex 79.19 33.9131 0
      vertex 79.19 33.9131 1.1
    endloop
  endfacet
  facet normal 0.442355 -0.89684 0
    outer loop
      vertex 9.25 34.299 0
      vertex 9.42598 34.3858 1.1
      vertex 9.25 34.299 1.1
    endloop
  endfacet
  facet normal 0.442355 -0.89684 0
    outer loop
      vertex 9.42598 34.3858 1.1
      vertex 9.25 34.299 0
      vertex 9.42598 34.3858 0
    endloop
  endfacet
  facet normal -0.89686 -0.442315 0
    outer loop
      vertex 79.3858 33.574 0
      vertex 79.299 33.75 1.1
      vertex 79.299 33.75 0
    endloop
  endfacet
  facet normal -0.89686 -0.442315 0
    outer loop
      vertex 79.299 33.75 1.1
      vertex 79.3858 33.574 0
      vertex 79.3858 33.574 1.1
    endloop
  endfacet
  facet normal 0.195195 -0.980764 0
    outer loop
      vertex 9.61177 34.4489 0
      vertex 9.80421 34.4872 1.1
      vertex 9.61177 34.4489 1.1
    endloop
  endfacet
  facet normal 0.195195 -0.980764 0
    outer loop
      vertex 9.80421 34.4872 1.1
      vertex 9.61177 34.4489 0
      vertex 9.80421 34.4872 0
    endloop
  endfacet
  facet normal -0.99787 -0.0652336 0
    outer loop
      vertex 79.5 33 0
      vertex 79.4872 33.1958 1.1
      vertex 79.4872 33.1958 0
    endloop
  endfacet
  facet normal -0.99787 -0.0652336 0
    outer loop
      vertex 79.4872 33.1958 1.1
      vertex 79.5 33 0
      vertex 79.5 33 1.1
    endloop
  endfacet
  facet normal 0.946947 -0.321391 0
    outer loop
      vertex 8.55112 33.3882 1.1
      vertex 8.61418 33.574 0
      vertex 8.61418 33.574 1.1
    endloop
  endfacet
  facet normal 0.946947 -0.321391 0
    outer loop
      vertex 8.61418 33.574 0
      vertex 8.55112 33.3882 1.1
      vertex 8.55112 33.3882 0
    endloop
  endfacet
  facet normal 0.321589 -0.946879 0
    outer loop
      vertex 9.42598 34.3858 0
      vertex 9.61177 34.4489 1.1
      vertex 9.42598 34.3858 1.1
    endloop
  endfacet
  facet normal 0.321589 -0.946879 0
    outer loop
      vertex 9.61177 34.4489 1.1
      vertex 9.42598 34.3858 0
      vertex 9.61177 34.4489 0
    endloop
  endfacet
  facet normal 0.831399 0.555676 0
    outer loop
      vertex 8.80997 10.0869 1.1
      vertex 8.70096 10.25 0
      vertex 8.70096 10.25 1.1
    endloop
  endfacet
  facet normal 0.831399 0.555676 0
    outer loop
      vertex 8.70096 10.25 0
      vertex 8.80997 10.0869 1.1
      vertex 8.80997 10.0869 0
    endloop
  endfacet
  facet normal 0 0 -1
    outer loop
      vertex 78 9.5 1.1
      vertex 79.5 11 1.1
      vertex 79.4872 10.8042 1.1
    endloop
  endfacet
  facet normal 0 0 -1
    outer loop
      vertex 79.5 11 1.1
      vertex 77 14 1.1
      vertex 79.5 33 1.1
    endloop
  endfacet
  facet normal 0 0 -1
    outer loop
      vertex 78 9.5 1.1
      vertex 79.4872 10.8042 1.1
      vertex 79.4489 10.6118 1.1
    endloop
  endfacet
  facet normal 0 0 -1
    outer loop
      vertex 77 30 1.1
      vertex 79.5 33 1.1
      vertex 77 14 1.1
    endloop
  endfacet
  facet normal 0 0 -1
    outer loop
      vertex 78 9.5 1.1
      vertex 79.4489 10.6118 1.1
      vertex 79.3858 10.426 1.1
    endloop
  endfacet
  facet normal 0 -0 -1
    outer loop
      vertex 78 34.5 1.1
      vertex 79.5 33 1.1
      vertex 77 30 1.1
    endloop
  endfacet
  facet normal 0 0 -1
    outer loop
      vertex 78 9.5 1.1
      vertex 79.3858 10.426 1.1
      vertex 79.299 10.25 1.1
    endloop
  endfacet
  facet normal 0 0 -1
    outer loop
      vertex 79.5 33 1.1
      vertex 78 34.5 1.1
      vertex 79.4872 33.1958 1.1
    endloop
  endfacet
  facet normal 0 0 -1
    outer loop
      vertex 78 9.5 1.1
      vertex 79.299 10.25 1.1
      vertex 79.19 10.0869 1.1
    endloop
  endfacet
  facet normal 0 0 -1
    outer loop
      vertex 79.4872 33.1958 1.1
      vertex 78 34.5 1.1
      vertex 79.4489 33.3882 1.1
    endloop
  endfacet
  facet normal 0 0 -1
    outer loop
      vertex 78 9.5 1.1
      vertex 79.19 10.0869 1.1
      vertex 79.0607 9.93935 1.1
    endloop
  endfacet
  facet normal 0 0 -1
    outer loop
      vertex 79.4489 33.3882 1.1
      vertex 78 34.5 1.1
      vertex 79.3858 33.574 1.1
    endloop
  endfacet
  facet normal 0 0 -1
    outer loop
      vertex 78 9.5 1.1
      vertex 79.0607 9.93935 1.1
      vertex 78.9131 9.80997 1.1
    endloop
  endfacet
  facet normal 0 0 -1
    outer loop
      vertex 79.3858 33.574 1.1
      vertex 78 34.5 1.1
      vertex 79.299 33.75 1.1
    endloop
  endfacet
  facet normal 0 0 -1
    outer loop
      vertex 78 9.5 1.1
      vertex 78.9131 9.80997 1.1
      vertex 78.75 9.70096 1.1
    endloop
  endfacet
  facet normal 0 0 -1
    outer loop
      vertex 79.299 33.75 1.1
      vertex 78 34.5 1.1
      vertex 79.19 33.9131 1.1
    endloop
  endfacet
  facet normal 0 0 -1
    outer loop
      vertex 78 9.5 1.1
      vertex 78.75 9.70096 1.1
      vertex 78.574 9.61418 1.1
    endloop
  endfacet
  facet normal 0 0 -1
    outer loop
      vertex 79.19 33.9131 1.1
      vertex 78 34.5 1.1
      vertex 79.0607 34.0607 1.1
    endloop
  endfacet
  facet normal 0 0 -1
    outer loop
      vertex 78 9.5 1.1
      vertex 78.574 9.61418 1.1
      vertex 78.3882 9.55112 1.1
    endloop
  endfacet
  facet normal 0 0 -1
    outer loop
      vertex 79.0607 34.0607 1.1
      vertex 78 34.5 1.1
      vertex 78.9131 34.19 1.1
    endloop
  endfacet
  facet normal 0 0 -1
    outer loop
      vertex 78 9.5 1.1
      vertex 78.3882 9.55112 1.1
      vertex 78.1958 9.51283 1.1
    endloop
  endfacet
  facet normal 0 0 -1
    outer loop
      vertex 78.9131 34.19 1.1
      vertex 78 34.5 1.1
      vertex 78.75 34.299 1.1
    endloop
  endfacet
  facet normal -0 0 -1
    outer loop
      vertex 79.5 11 1.1
      vertex 78 9.5 1.1
      vertex 77 14 1.1
    endloop
  endfacet
  facet normal 0 0 -1
    outer loop
      vertex 78.75 34.299 1.1
      vertex 78 34.5 1.1
      vertex 78.574 34.3858 1.1
    endloop
  endfacet
  facet normal 0 0 -1
    outer loop
      vertex 78.574 34.3858 1.1
      vertex 78 34.5 1.1
      vertex 78.3882 34.4489 1.1
    endloop
  endfacet
  facet normal 0 0 -1
    outer loop
      vertex 78 9.5 1.1
      vertex 11 14 1.1
      vertex 77 14 1.1
    endloop
  endfacet
  facet normal 0 0 -1
    outer loop
      vertex 8.5 11 1.1
      vertex 11 14 1.1
      vertex 10 9.5 1.1
    endloop
  endfacet
  facet normal 0 0 -1
    outer loop
      vertex 10 9.5 1.1
      vertex 11 14 1.1
      vertex 78 9.5 1.1
    endloop
  endfacet
  facet normal 0 0 -1
    outer loop
      vertex 78.3882 34.4489 1.1
      vertex 78 34.5 1.1
      vertex 78.1958 34.4872 1.1
    endloop
  endfacet
  facet normal 0 0 -1
    outer loop
      vertex 11 30 1.1
      vertex 78 34.5 1.1
      vertex 77 30 1.1
    endloop
  endfacet
  facet normal 0 0 -1
    outer loop
      vertex 11 30 1.1
      vertex 10 34.5 1.1
      vertex 78 34.5 1.1
    endloop
  endfacet
  facet normal -0 0 -1
    outer loop
      vertex 11 14 1.1
      vertex 8.5 11 1.1
      vertex 11 30 1.1
    endloop
  endfacet
  facet normal 0 0 -1
    outer loop
      vertex 8.5 11 1.1
      vertex 10 9.5 1.1
      vertex 9.80421 9.51283 1.1
    endloop
  endfacet
  facet normal 0 0 -1
    outer loop
      vertex 8.5 33 1.1
      vertex 11 30 1.1
      vertex 8.5 11 1.1
    endloop
  endfacet
  facet normal 0 0 -1
    outer loop
      vertex 8.5 11 1.1
      vertex 9.80421 9.51283 1.1
      vertex 9.61177 9.55112 1.1
    endloop
  endfacet
  facet normal 0 0 -1
    outer loop
      vertex 11 30 1.1
      vertex 8.5 33 1.1
      vertex 10 34.5 1.1
    endloop
  endfacet
  facet normal 0 0 -1
    outer loop
      vertex 8.5 11 1.1
      vertex 9.61177 9.55112 1.1
      vertex 9.42598 9.61418 1.1
    endloop
  endfacet
  facet normal 0 0 -1
    outer loop
      vertex 10 34.5 1.1
      vertex 8.5 33 1.1
      vertex 9.80421 34.4872 1.1
    endloop
  endfacet
  facet normal 0 0 -1
    outer loop
      vertex 8.5 11 1.1
      vertex 9.42598 9.61418 1.1
      vertex 9.25 9.70096 1.1
    endloop
  endfacet
  facet normal 0 0 -1
    outer loop
      vertex 9.80421 34.4872 1.1
      vertex 8.5 33 1.1
      vertex 9.61177 34.4489 1.1
    endloop
  endfacet
  facet normal 0 0 -1
    outer loop
      vertex 8.5 11 1.1
      vertex 9.25 9.70096 1.1
      vertex 9.08685 9.80997 1.1
    endloop
  endfacet
  facet normal 0 0 -1
    outer loop
      vertex 9.61177 34.4489 1.1
      vertex 8.5 33 1.1
      vertex 9.42598 34.3858 1.1
    endloop
  endfacet
  facet normal 0 0 -1
    outer loop
      vertex 8.5 11 1.1
      vertex 9.08685 9.80997 1.1
      vertex 8.93935 9.93935 1.1
    endloop
  endfacet
  facet normal 0 0 -1
    outer loop
      vertex 9.42598 34.3858 1.1
      vertex 8.5 33 1.1
      vertex 9.25 34.299 1.1
    endloop
  endfacet
  facet normal 0 0 -1
    outer loop
      vertex 8.5 11 1.1
      vertex 8.93935 9.93935 1.1
      vertex 8.80997 10.0869 1.1
    endloop
  endfacet
  facet normal 0 0 -1
    outer loop
      vertex 9.25 34.299 1.1
      vertex 8.5 33 1.1
      vertex 9.08685 34.19 1.1
    endloop
  endfacet
  facet normal 0 0 -1
    outer loop
      vertex 8.5 11 1.1
      vertex 8.80997 10.0869 1.1
      vertex 8.70096 10.25 1.1
    endloop
  endfacet
  facet normal 0 0 -1
    outer loop
      vertex 9.08685 34.19 1.1
      vertex 8.5 33 1.1
      vertex 8.93935 34.0607 1.1
    endloop
  endfacet
  facet normal 0 0 -1
    outer loop
      vertex 8.5 11 1.1
      vertex 8.70096 10.25 1.1
      vertex 8.61418 10.426 1.1
    endloop
  endfacet
  facet normal 0 0 -1
    outer loop
      vertex 8.93935 34.0607 1.1
      vertex 8.5 33 1.1
      vertex 8.80997 33.9131 1.1
    endloop
  endfacet
  facet normal 0 0 -1
    outer loop
      vertex 8.5 11 1.1
      vertex 8.61418 10.426 1.1
      vertex 8.55112 10.6118 1.1
    endloop
  endfacet
  facet normal 0 0 -1
    outer loop
      vertex 8.80997 33.9131 1.1
      vertex 8.5 33 1.1
      vertex 8.70096 33.75 1.1
    endloop
  endfacet
  facet normal 0 0 -1
    outer loop
      vertex 8.5 11 1.1
      vertex 8.55112 10.6118 1.1
      vertex 8.51283 10.8042 1.1
    endloop
  endfacet
  facet normal 0 0 -1
    outer loop
      vertex 8.70096 33.75 1.1
      vertex 8.5 33 1.1
      vertex 8.61418 33.574 1.1
    endloop
  endfacet
  facet normal 0 0 -1
    outer loop
      vertex 8.61418 33.574 1.1
      vertex 8.5 33 1.1
      vertex 8.55112 33.3882 1.1
    endloop
  endfacet
  facet normal 0 0 -1
    outer loop
      vertex 8.55112 33.3882 1.1
      vertex 8.5 33 1.1
      vertex 8.51283 33.1958 1.1
    endloop
  endfacet
  facet normal -0.831422 0.555641 0
    outer loop
      vertex 79.19 10.0869 0
      vertex 79.299 10.25 1.1
      vertex 79.299 10.25 0
    endloop
  endfacet
  facet normal -0.831422 0.555641 0
    outer loop
      vertex 79.299 10.25 1.1
      vertex 79.19 10.0869 0
      vertex 79.19 10.0869 1.1
    endloop
  endfacet
  facet normal -0.555676 0.831399 0
    outer loop
      vertex 78.9131 9.80997 0
      vertex 78.75 9.70096 1.1
      vertex 78.9131 9.80997 1.1
    endloop
  endfacet
  facet normal -0.555676 0.831399 0
    outer loop
      vertex 78.75 9.70096 1.1
      vertex 78.9131 9.80997 0
      vertex 78.75 9.70096 0
    endloop
  endfacet
  facet normal -0.752087 0.659064 0
    outer loop
      vertex 79.0607 9.93935 0
      vertex 79.19 10.0869 1.1
      vertex 79.19 10.0869 0
    endloop
  endfacet
  facet normal -0.752087 0.659064 0
    outer loop
      vertex 79.19 10.0869 1.1
      vertex 79.0607 9.93935 0
      vertex 79.0607 9.93935 1.1
    endloop
  endfacet
  facet normal -0.442233 0.8969 0
    outer loop
      vertex 78.75 9.70096 0
      vertex 78.574 9.61418 1.1
      vertex 78.75 9.70096 1.1
    endloop
  endfacet
  facet normal -0.442233 0.8969 0
    outer loop
      vertex 78.574 9.61418 1.1
      vertex 78.75 9.70096 0
      vertex 78.574 9.61418 0
    endloop
  endfacet
  facet normal -0.99787 0.0652336 0
    outer loop
      vertex 79.4872 10.8042 0
      vertex 79.5 11 1.1
      vertex 79.5 11 0
    endloop
  endfacet
  facet normal -0.99787 0.0652336 0
    outer loop
      vertex 79.5 11 1.1
      vertex 79.4872 10.8042 0
      vertex 79.4872 10.8042 1.1
    endloop
  endfacet
  facet normal -0.980757 -0.195234 0
    outer loop
      vertex 79.4872 33.1958 0
      vertex 79.4489 33.3882 1.1
      vertex 79.4489 33.3882 0
    endloop
  endfacet
  facet normal -0.980757 -0.195234 0
    outer loop
      vertex 79.4489 33.3882 1.1
      vertex 79.4872 33.1958 0
      vertex 79.4872 33.1958 1.1
    endloop
  endfacet
  facet normal 0.980766 0.195185 0
    outer loop
      vertex 8.55112 10.6118 1.1
      vertex 8.51283 10.8042 0
      vertex 8.51283 10.8042 1.1
    endloop
  endfacet
  facet normal 0.980766 0.195185 0
    outer loop
      vertex 8.51283 10.8042 0
      vertex 8.55112 10.6118 1.1
      vertex 8.55112 10.6118 0
    endloop
  endfacet
  facet normal 0.946947 0.321391 0
    outer loop
      vertex 8.61418 10.426 1.1
      vertex 8.55112 10.6118 0
      vertex 8.55112 10.6118 1.1
    endloop
  endfacet
  facet normal 0.946947 0.321391 0
    outer loop
      vertex 8.55112 10.6118 0
      vertex 8.61418 10.426 1.1
      vertex 8.61418 10.426 0
    endloop
  endfacet
  facet normal -0.442315 -0.89686 0
    outer loop
      vertex 78.574 34.3858 0
      vertex 78.75 34.299 1.1
      vertex 78.574 34.3858 1.1
    endloop
  endfacet
  facet normal -0.442315 -0.89686 -0
    outer loop
      vertex 78.75 34.299 1.1
      vertex 78.574 34.3858 0
      vertex 78.75 34.299 0
    endloop
  endfacet
  facet normal -0.195185 0.980766 0
    outer loop
      vertex 78.3882 9.55112 0
      vertex 78.1958 9.51283 1.1
      vertex 78.3882 9.55112 1.1
    endloop
  endfacet
  facet normal -0.195185 0.980766 0
    outer loop
      vertex 78.1958 9.51283 1.1
      vertex 78.3882 9.55112 0
      vertex 78.1958 9.51283 0
    endloop
  endfacet
  facet normal -0.831422 -0.555641 0
    outer loop
      vertex 79.299 33.75 0
      vertex 79.19 33.9131 1.1
      vertex 79.19 33.9131 0
    endloop
  endfacet
  facet normal -0.831422 -0.555641 0
    outer loop
      vertex 79.19 33.9131 1.1
      vertex 79.299 33.75 0
      vertex 79.299 33.75 1.1
    endloop
  endfacet
  facet normal -0.89686 0.442315 0
    outer loop
      vertex 79.299 10.25 0
      vertex 79.3858 10.426 1.1
      vertex 79.3858 10.426 0
    endloop
  endfacet
  facet normal -0.89686 0.442315 0
    outer loop
      vertex 79.3858 10.426 1.1
      vertex 79.299 10.25 0
      vertex 79.299 10.25 1.1
    endloop
  endfacet
  facet normal -0.946885 0.321574 0
    outer loop
      vertex 79.3858 10.426 0
      vertex 79.4489 10.6118 1.1
      vertex 79.4489 10.6118 0
    endloop
  endfacet
  facet normal -0.946885 0.321574 0
    outer loop
      vertex 79.4489 10.6118 1.1
      vertex 79.3858 10.426 0
      vertex 79.3858 10.426 1.1
    endloop
  endfacet
  facet normal -0.321391 0.946947 0
    outer loop
      vertex 78.574 9.61418 0
      vertex 78.3882 9.55112 1.1
      vertex 78.574 9.61418 1.1
    endloop
  endfacet
  facet normal -0.321391 0.946947 0
    outer loop
      vertex 78.3882 9.55112 1.1
      vertex 78.574 9.61418 0
      vertex 78.3882 9.55112 0
    endloop
  endfacet
  facet normal -0.658937 -0.752198 0
    outer loop
      vertex 78.9131 34.19 0
      vertex 79.0607 34.0607 1.1
      vertex 78.9131 34.19 1.1
    endloop
  endfacet
  facet normal -0.658937 -0.752198 -0
    outer loop
      vertex 79.0607 34.0607 1.1
      vertex 78.9131 34.19 0
      vertex 79.0607 34.0607 0
    endloop
  endfacet
  facet normal -1 0 0
    outer loop
      vertex 77 14 1.1
      vertex 77 30 2
      vertex 77 30 1.1
    endloop
  endfacet
  facet normal -1 -0 0
    outer loop
      vertex 77 30 2
      vertex 77 14 1.1
      vertex 77 14 2
    endloop
  endfacet
  facet normal 1 -0 0
    outer loop
      vertex 11 14 2
      vertex 11 30 1.1
      vertex 11 30 2
    endloop
  endfacet
  facet normal 1 0 0
    outer loop
      vertex 11 30 1.1
      vertex 11 14 2
      vertex 11 14 1.1
    endloop
  endfacet
  facet normal 0 -1 0
    outer loop
      vertex 11 30 1.1
      vertex 77 30 2
      vertex 11 30 2
    endloop
  endfacet
  facet normal 0 -1 -0
    outer loop
      vertex 77 30 2
      vertex 11 30 1.1
      vertex 77 30 1.1
    endloop
  endfacet
  facet normal 0 1 -0
    outer loop
      vertex 77 14 1.1
      vertex 11 14 2
      vertex 77 14 2
    endloop
  endfacet
  facet normal 0 1 0
    outer loop
      vertex 11 14 2
      vertex 77 14 1.1
      vertex 11 14 1.1
    endloop
  endfacet
  facet normal 0 0 -1
    outer loop
      vertex 84.8858 3.92597 9
      vertex 86.5 3.75 9
      vertex 86.4808 3.45632 9
    endloop
  endfacet
  facet normal 0 0 -1
    outer loop
      vertex 86.5 3.75 9
      vertex 85 4.5 9
      vertex 86.5 40.25 9
    endloop
  endfacet
  facet normal 0 0 -1
    outer loop
      vertex 84.8858 3.92597 9
      vertex 86.4808 3.45632 9
      vertex 86.4233 3.16766 9
    endloop
  endfacet
  facet normal 0 0 -1
    outer loop
      vertex 85 39.5 9
      vertex 86.5 40.25 9
      vertex 85 4.5 9
    endloop
  endfacet
  facet normal 0 0 -1
    outer loop
      vertex 84.799 3.75 9
      vertex 86.4233 3.16766 9
      vertex 86.3287 2.88896 9
    endloop
  endfacet
  facet normal 0 0 -1
    outer loop
      vertex 84.9872 39.6958 9
      vertex 86.5 40.25 9
      vertex 85 39.5 9
    endloop
  endfacet
  facet normal 0 0 -1
    outer loop
      vertex 84.69 3.58686 9
      vertex 86.3287 2.88896 9
      vertex 86.1986 2.625 9
    endloop
  endfacet
  facet normal 0 0 -1
    outer loop
      vertex 84.9489 39.8882 9
      vertex 86.5 40.25 9
      vertex 84.9872 39.6958 9
    endloop
  endfacet
  facet normal 0 0 -1
    outer loop
      vertex 84.69 3.58686 9
      vertex 86.1986 2.625 9
      vertex 86.035 2.38029 9
    endloop
  endfacet
  facet normal 0 0 -1
    outer loop
      vertex 84.8858 40.074 9
      vertex 86.5 40.25 9
      vertex 84.9489 39.8882 9
    endloop
  endfacet
  facet normal 0 0 -1
    outer loop
      vertex 84.5607 3.43934 9
      vertex 86.035 2.38029 9
      vertex 85.841 2.15901 9
    endloop
  endfacet
  facet normal -0 0 -1
    outer loop
      vertex 86.5 40.25 9
      vertex 84.8858 40.074 9
      vertex 86.4808 40.5437 9
    endloop
  endfacet
  facet normal 0 0 -1
    outer loop
      vertex 84.5607 3.43934 9
      vertex 85.841 2.15901 9
      vertex 85.6197 1.96495 9
    endloop
  endfacet
  facet normal -0 0 -1
    outer loop
      vertex 86.4808 40.5437 9
      vertex 84.8858 40.074 9
      vertex 86.4233 40.8323 9
    endloop
  endfacet
  facet normal 0 0 -1
    outer loop
      vertex 84.4131 3.30997 9
      vertex 85.6197 1.96495 9
      vertex 85.375 1.80144 9
    endloop
  endfacet
  facet normal 0 0 -1
    outer loop
      vertex 84.799 40.25 9
      vertex 86.4233 40.8323 9
      vertex 84.8858 40.074 9
    endloop
  endfacet
  facet normal 0 0 -1
    outer loop
      vertex 84.4131 3.30997 9
      vertex 85.375 1.80144 9
      vertex 85.111 1.67127 9
    endloop
  endfacet
  facet normal -0 0 -1
    outer loop
      vertex 86.4233 40.8323 9
      vertex 84.799 40.25 9
      vertex 86.3287 41.111 9
    endloop
  endfacet
  facet normal 0 0 -1
    outer loop
      vertex 84.69 40.4131 9
      vertex 86.3287 41.111 9
      vertex 84.799 40.25 9
    endloop
  endfacet
  facet normal 0 0 -1
    outer loop
      vertex 86.5 3.75 9
      vertex 84.9872 4.30421 9
      vertex 85 4.5 9
    endloop
  endfacet
  facet normal 0 0 -1
    outer loop
      vertex 86.5 3.75 9
      vertex 84.9489 4.11177 9
      vertex 84.9872 4.30421 9
    endloop
  endfacet
  facet normal 0 0 -1
    outer loop
      vertex 86.5 3.75 9
      vertex 84.8858 3.92597 9
      vertex 84.9489 4.11177 9
    endloop
  endfacet
  facet normal 0 0 -1
    outer loop
      vertex 84.25 3.20096 9
      vertex 85.111 1.67127 9
      vertex 84.8323 1.57667 9
    endloop
  endfacet
  facet normal 0 0 -1
    outer loop
      vertex 86.4233 3.16766 9
      vertex 84.799 3.75 9
      vertex 84.8858 3.92597 9
    endloop
  endfacet
  facet normal 0 0 -1
    outer loop
      vertex 86.3287 2.88896 9
      vertex 84.69 3.58686 9
      vertex 84.799 3.75 9
    endloop
  endfacet
  facet normal 0 0 -1
    outer loop
      vertex 86.035 2.38029 9
      vertex 84.5607 3.43934 9
      vertex 84.69 3.58686 9
    endloop
  endfacet
  facet normal 0 0 -1
    outer loop
      vertex 84.074 3.11418 9
      vertex 84.8323 1.57667 9
      vertex 84.5437 1.51925 9
    endloop
  endfacet
  facet normal 0 0 -1
    outer loop
      vertex 85.6197 1.96495 9
      vertex 84.4131 3.30997 9
      vertex 84.5607 3.43934 9
    endloop
  endfacet
  facet normal 0 0 -1
    outer loop
      vertex 84.074 3.11418 9
      vertex 84.5437 1.51925 9
      vertex 84.25 1.5 9
    endloop
  endfacet
  facet normal 0 0 -1
    outer loop
      vertex 85.111 1.67127 9
      vertex 84.25 3.20096 9
      vertex 84.4131 3.30997 9
    endloop
  endfacet
  facet normal 0 0 -1
    outer loop
      vertex 84.8323 1.57667 9
      vertex 84.074 3.11418 9
      vertex 84.25 3.20096 9
    endloop
  endfacet
  facet normal 0 0 -1
    outer loop
      vertex 84.25 1.5 9
      vertex 83.8882 3.05111 9
      vertex 84.074 3.11418 9
    endloop
  endfacet
  facet normal 0 0 -1
    outer loop
      vertex 84.25 1.5 9
      vertex 83.6958 3.01283 9
      vertex 83.8882 3.05111 9
    endloop
  endfacet
  facet normal 0 0 -1
    outer loop
      vertex 84.25 1.5 9
      vertex 83.5 3 9
      vertex 83.6958 3.01283 9
    endloop
  endfacet
  facet normal 0 0 -1
    outer loop
      vertex 84.25 1.5 9
      vertex 4.5 3 9
      vertex 83.5 3 9
    endloop
  endfacet
  facet normal 0 0 -1
    outer loop
      vertex 3.75 1.5 9
      vertex 4.5 3 9
      vertex 84.25 1.5 9
    endloop
  endfacet
  facet normal 0 0 -1
    outer loop
      vertex 3.75 1.5 9
      vertex 4.30421 3.01283 9
      vertex 4.5 3 9
    endloop
  endfacet
  facet normal 0 0 -1
    outer loop
      vertex 3.75 1.5 9
      vertex 4.11177 3.05111 9
      vertex 4.30421 3.01283 9
    endloop
  endfacet
  facet normal 0 0 -1
    outer loop
      vertex 3.75 1.5 9
      vertex 3.92597 3.11418 9
      vertex 4.11177 3.05111 9
    endloop
  endfacet
  facet normal 0 0 -1
    outer loop
      vertex 3.45632 1.51925 9
      vertex 3.92597 3.11418 9
      vertex 3.75 1.5 9
    endloop
  endfacet
  facet normal 0 0 -1
    outer loop
      vertex 3.16766 1.57667 9
      vertex 3.92597 3.11418 9
      vertex 3.45632 1.51925 9
    endloop
  endfacet
  facet normal -0 0 -1
    outer loop
      vertex 3.92597 3.11418 9
      vertex 3.16766 1.57667 9
      vertex 3.75 3.20096 9
    endloop
  endfacet
  facet normal 0 0 -1
    outer loop
      vertex 2.88896 1.67127 9
      vertex 3.75 3.20096 9
      vertex 3.16766 1.57667 9
    endloop
  endfacet
  facet normal -0 0 -1
    outer loop
      vertex 3.75 3.20096 9
      vertex 2.88896 1.67127 9
      vertex 3.58686 3.30997 9
    endloop
  endfacet
  facet normal 0 0 -1
    outer loop
      vertex 2.625 1.80144 9
      vertex 3.58686 3.30997 9
      vertex 2.88896 1.67127 9
    endloop
  endfacet
  facet normal 0 0 -1
    outer loop
      vertex 2.38029 1.96495 9
      vertex 3.58686 3.30997 9
      vertex 2.625 1.80144 9
    endloop
  endfacet
  facet normal -0 0 -1
    outer loop
      vertex 3.58686 3.30997 9
      vertex 2.38029 1.96495 9
      vertex 3.43934 3.43934 9
    endloop
  endfacet
  facet normal 0 0 -1
    outer loop
      vertex 2.15901 2.15901 9
      vertex 3.43934 3.43934 9
      vertex 2.38029 1.96495 9
    endloop
  endfacet
  facet normal 0 0 -1
    outer loop
      vertex 1.96495 2.38029 9
      vertex 3.43934 3.43934 9
      vertex 2.15901 2.15901 9
    endloop
  endfacet
  facet normal -0 0 -1
    outer loop
      vertex 3.43934 3.43934 9
      vertex 1.96495 2.38029 9
      vertex 3.30997 3.58686 9
    endloop
  endfacet
  facet normal 0 0 -1
    outer loop
      vertex 1.67127 2.88896 9
      vertex 3.30997 3.58686 9
      vertex 1.80144 2.625 9
    endloop
  endfacet
  facet normal 0 0 -1
    outer loop
      vertex 1.80144 2.625 9
      vertex 3.30997 3.58686 9
      vertex 1.96495 2.38029 9
    endloop
  endfacet
  facet normal -0 0 -1
    outer loop
      vertex 86.3287 41.111 9
      vertex 84.69 40.4131 9
      vertex 86.1986 41.375 9
    endloop
  endfacet
  facet normal -0 0 -1
    outer loop
      vertex 86.1986 41.375 9
      vertex 84.69 40.4131 9
      vertex 86.035 41.6197 9
    endloop
  endfacet
  facet normal 0 0 -1
    outer loop
      vertex 84.5607 40.5607 9
      vertex 86.035 41.6197 9
      vertex 84.69 40.4131 9
    endloop
  endfacet
  facet normal -0 0 -1
    outer loop
      vertex 86.035 41.6197 9
      vertex 84.5607 40.5607 9
      vertex 85.841 41.841 9
    endloop
  endfacet
  facet normal -0 0 -1
    outer loop
      vertex 85.841 41.841 9
      vertex 84.5607 40.5607 9
      vertex 85.6197 42.035 9
    endloop
  endfacet
  facet normal 0 0 -1
    outer loop
      vertex 84.4131 40.69 9
      vertex 85.6197 42.035 9
      vertex 84.5607 40.5607 9
    endloop
  endfacet
  facet normal -0 0 -1
    outer loop
      vertex 85.6197 42.035 9
      vertex 84.4131 40.69 9
      vertex 85.375 42.1986 9
    endloop
  endfacet
  facet normal -0 0 -1
    outer loop
      vertex 85.375 42.1986 9
      vertex 84.4131 40.69 9
      vertex 85.111 42.3287 9
    endloop
  endfacet
  facet normal 0 0 -1
    outer loop
      vertex 84.25 40.799 9
      vertex 85.111 42.3287 9
      vertex 84.4131 40.69 9
    endloop
  endfacet
  facet normal -0 0 -1
    outer loop
      vertex 85.111 42.3287 9
      vertex 84.25 40.799 9
      vertex 84.8323 42.4233 9
    endloop
  endfacet
  facet normal 0 0 -1
    outer loop
      vertex 84.074 40.8858 9
      vertex 84.8323 42.4233 9
      vertex 84.25 40.799 9
    endloop
  endfacet
  facet normal -0 0 -1
    outer loop
      vertex 84.8323 42.4233 9
      vertex 84.074 40.8858 9
      vertex 84.5437 42.4808 9
    endloop
  endfacet
  facet normal -0 0 -1
    outer loop
      vertex 84.5437 42.4808 9
      vertex 84.074 40.8858 9
      vertex 84.25 42.5 9
    endloop
  endfacet
  facet normal 0 0 -1
    outer loop
      vertex 83.8882 40.9489 9
      vertex 84.25 42.5 9
      vertex 84.074 40.8858 9
    endloop
  endfacet
  facet normal 0 0 -1
    outer loop
      vertex 83.6958 40.9872 9
      vertex 84.25 42.5 9
      vertex 83.8882 40.9489 9
    endloop
  endfacet
  facet normal 0 0 -1
    outer loop
      vertex 83.5 41 9
      vertex 84.25 42.5 9
      vertex 83.6958 40.9872 9
    endloop
  endfacet
  facet normal 0 0 -1
    outer loop
      vertex 4.5 41 9
      vertex 84.25 42.5 9
      vertex 83.5 41 9
    endloop
  endfacet
  facet normal 0 0 -1
    outer loop
      vertex 4.5 41 9
      vertex 3.75 42.5 9
      vertex 84.25 42.5 9
    endloop
  endfacet
  facet normal 0 0 -1
    outer loop
      vertex 4.30421 40.9872 9
      vertex 3.75 42.5 9
      vertex 4.5 41 9
    endloop
  endfacet
  facet normal 0 0 -1
    outer loop
      vertex 4.11177 40.9489 9
      vertex 3.75 42.5 9
      vertex 4.30421 40.9872 9
    endloop
  endfacet
  facet normal 0 0 -1
    outer loop
      vertex 3.92597 40.8858 9
      vertex 3.75 42.5 9
      vertex 4.11177 40.9489 9
    endloop
  endfacet
  facet normal 0 0 -1
    outer loop
      vertex 3.16766 42.4233 9
      vertex 3.92597 40.8858 9
      vertex 3.75 40.799 9
    endloop
  endfacet
  facet normal 0 0 -1
    outer loop
      vertex 2.88896 42.3287 9
      vertex 3.75 40.799 9
      vertex 3.58686 40.69 9
    endloop
  endfacet
  facet normal 0 0 -1
    outer loop
      vertex 3.92597 40.8858 9
      vertex 3.45632 42.4808 9
      vertex 3.75 42.5 9
    endloop
  endfacet
  facet normal 0 0 -1
    outer loop
      vertex 2.38029 42.035 9
      vertex 3.58686 40.69 9
      vertex 3.43934 40.5607 9
    endloop
  endfacet
  facet normal 0 0 -1
    outer loop
      vertex 1.96495 41.6197 9
      vertex 3.43934 40.5607 9
      vertex 3.30997 40.4131 9
    endloop
  endfacet
  facet normal 0 0 -1
    outer loop
      vertex 1.67127 41.111 9
      vertex 3.30997 40.4131 9
      vertex 3.20096 40.25 9
    endloop
  endfacet
  facet normal 0 0 -1
    outer loop
      vertex 3.92597 40.8858 9
      vertex 3.16766 42.4233 9
      vertex 3.45632 42.4808 9
    endloop
  endfacet
  facet normal 0 0 -1
    outer loop
      vertex 1.57667 40.8323 9
      vertex 3.20096 40.25 9
      vertex 3.11418 40.074 9
    endloop
  endfacet
  facet normal 0 0 -1
    outer loop
      vertex 1.5 40.25 9
      vertex 3.11418 40.074 9
      vertex 3.05111 39.8882 9
    endloop
  endfacet
  facet normal 0 0 -1
    outer loop
      vertex 1.5 40.25 9
      vertex 3.05111 39.8882 9
      vertex 3.01283 39.6958 9
    endloop
  endfacet
  facet normal 0 0 -1
    outer loop
      vertex 1.5 40.25 9
      vertex 3.01283 39.6958 9
      vertex 3 39.5 9
    endloop
  endfacet
  facet normal 0 0 -1
    outer loop
      vertex 3.75 40.799 9
      vertex 2.88896 42.3287 9
      vertex 3.16766 42.4233 9
    endloop
  endfacet
  facet normal -0 0 -1
    outer loop
      vertex 3 4.5 9
      vertex 1.5 3.75 9
      vertex 3 39.5 9
    endloop
  endfacet
  facet normal -0 0 -1
    outer loop
      vertex 3.30997 3.58686 9
      vertex 1.67127 2.88896 9
      vertex 3.20096 3.75 9
    endloop
  endfacet
  facet normal 0 0 -1
    outer loop
      vertex 1.5 40.25 9
      vertex 3 39.5 9
      vertex 1.5 3.75 9
    endloop
  endfacet
  facet normal 0 0 -1
    outer loop
      vertex 1.57667 3.16766 9
      vertex 3.20096 3.75 9
      vertex 1.67127 2.88896 9
    endloop
  endfacet
  facet normal 0 0 -1
    outer loop
      vertex 3.11418 40.074 9
      vertex 1.5 40.25 9
      vertex 1.51925 40.5437 9
    endloop
  endfacet
  facet normal -0 0 -1
    outer loop
      vertex 3.20096 3.75 9
      vertex 1.57667 3.16766 9
      vertex 3.11418 3.92597 9
    endloop
  endfacet
  facet normal 0 0 -1
    outer loop
      vertex 3.58686 40.69 9
      vertex 2.625 42.1986 9
      vertex 2.88896 42.3287 9
    endloop
  endfacet
  facet normal 0 0 -1
    outer loop
      vertex 1.51925 3.45632 9
      vertex 3.11418 3.92597 9
      vertex 1.57667 3.16766 9
    endloop
  endfacet
  facet normal 0 0 -1
    outer loop
      vertex 3.58686 40.69 9
      vertex 2.38029 42.035 9
      vertex 2.625 42.1986 9
    endloop
  endfacet
  facet normal 0 0 -1
    outer loop
      vertex 1.5 3.75 9
      vertex 3.11418 3.92597 9
      vertex 1.51925 3.45632 9
    endloop
  endfacet
  facet normal 0 0 -1
    outer loop
      vertex 3.43934 40.5607 9
      vertex 2.15901 41.841 9
      vertex 2.38029 42.035 9
    endloop
  endfacet
  facet normal -0 0 -1
    outer loop
      vertex 3.11418 3.92597 9
      vertex 1.5 3.75 9
      vertex 3.05111 4.11177 9
    endloop
  endfacet
  facet normal 0 0 -1
    outer loop
      vertex 3.43934 40.5607 9
      vertex 1.96495 41.6197 9
      vertex 2.15901 41.841 9
    endloop
  endfacet
  facet normal -0 0 -1
    outer loop
      vertex 3.05111 4.11177 9
      vertex 1.5 3.75 9
      vertex 3.01283 4.30421 9
    endloop
  endfacet
  facet normal 0 0 -1
    outer loop
      vertex 3.30997 40.4131 9
      vertex 1.80144 41.375 9
      vertex 1.96495 41.6197 9
    endloop
  endfacet
  facet normal -0 0 -1
    outer loop
      vertex 3.01283 4.30421 9
      vertex 1.5 3.75 9
      vertex 3 4.5 9
    endloop
  endfacet
  facet normal 0 0 -1
    outer loop
      vertex 3.30997 40.4131 9
      vertex 1.67127 41.111 9
      vertex 1.80144 41.375 9
    endloop
  endfacet
  facet normal 0 0 -1
    outer loop
      vertex 3.20096 40.25 9
      vertex 1.57667 40.8323 9
      vertex 1.67127 41.111 9
    endloop
  endfacet
  facet normal 0 0 -1
    outer loop
      vertex 3.11418 40.074 9
      vertex 1.51925 40.5437 9
      vertex 1.57667 40.8323 9
    endloop
  endfacet
  facet normal 0.980776 -0.195136 0
    outer loop
      vertex 3.01283 39.6958 10.5
      vertex 3.05111 39.8882 9
      vertex 3.05111 39.8882 10.5
    endloop
  endfacet
  facet normal 0.980776 -0.195136 0
    outer loop
      vertex 3.05111 39.8882 9
      vertex 3.01283 39.6958 10.5
      vertex 3.01283 39.6958 9
    endloop
  endfacet
  facet normal -0.321437 0.946931 0
    outer loop
      vertex 84.074 3.11418 9
      vertex 83.8882 3.05111 10.5
      vertex 84.074 3.11418 10.5
    endloop
  endfacet
  facet normal -0.321437 0.946931 0
    outer loop
      vertex 83.8882 3.05111 10.5
      vertex 84.074 3.11418 9
      vertex 83.8882 3.05111 9
    endloop
  endfacet
  facet normal -0.659139 0.752021 0
    outer loop
      vertex 84.5607 3.43934 9
      vertex 84.4131 3.30997 10.5
      vertex 84.5607 3.43934 10.5
    endloop
  endfacet
  facet normal -0.659139 0.752021 0
    outer loop
      vertex 84.4131 3.30997 10.5
      vertex 84.5607 3.43934 9
      vertex 84.4131 3.30997 9
    endloop
  endfacet
  facet normal -0.555641 -0.831422 0
    outer loop
      vertex 84.25 40.799 9
      vertex 84.4131 40.69 10.5
      vertex 84.25 40.799 10.5
    endloop
  endfacet
  facet normal -0.555641 -0.831422 -0
    outer loop
      vertex 84.4131 40.69 10.5
      vertex 84.25 40.799 9
      vertex 84.4131 40.69 9
    endloop
  endfacet
  facet normal 0.99786 0.0653892 0
    outer loop
      vertex 3.01283 4.30421 10.5
      vertex 3 4.5 9
      vertex 3 4.5 10.5
    endloop
  endfacet
  facet normal 0.99786 0.0653892 0
    outer loop
      vertex 3 4.5 9
      vertex 3.01283 4.30421 10.5
      vertex 3.01283 4.30421 9
    endloop
  endfacet
  facet normal -0.752021 0.65914 0
    outer loop
      vertex 84.5607 3.43934 9
      vertex 84.69 3.58686 10.5
      vertex 84.69 3.58686 9
    endloop
  endfacet
  facet normal -0.752021 0.65914 0
    outer loop
      vertex 84.69 3.58686 10.5
      vertex 84.5607 3.43934 9
      vertex 84.5607 3.43934 10.5
    endloop
  endfacet
  facet normal -0.0653858 0.99786 0
    outer loop
      vertex 83.6958 3.01283 9
      vertex 83.5 3 10.5
      vertex 83.6958 3.01283 10.5
    endloop
  endfacet
  facet normal -0.0653858 0.99786 0
    outer loop
      vertex 83.5 3 10.5
      vertex 83.6958 3.01283 9
      vertex 83.5 3 9
    endloop
  endfacet
  facet normal -0.89686 -0.442315 0
    outer loop
      vertex 84.8858 40.074 9
      vertex 84.799 40.25 10.5
      vertex 84.799 40.25 9
    endloop
  endfacet
  facet normal -0.89686 -0.442315 0
    outer loop
      vertex 84.799 40.25 10.5
      vertex 84.8858 40.074 9
      vertex 84.8858 40.074 10.5
    endloop
  endfacet
  facet normal 0.321437 0.946931 -0
    outer loop
      vertex 4.11177 3.05111 9
      vertex 3.92597 3.11418 10.5
      vertex 4.11177 3.05111 10.5
    endloop
  endfacet
  facet normal 0.321437 0.946931 0
    outer loop
      vertex 3.92597 3.11418 10.5
      vertex 4.11177 3.05111 9
      vertex 3.92597 3.11418 9
    endloop
  endfacet
  facet normal 1 0 0
    outer loop
      vertex 3 5.6822 10.5
      vertex 3 4.5 10.5
      vertex 3 5.6822 9.1
    endloop
  endfacet
  facet normal 1 0 0
    outer loop
      vertex 3 36.6822 10.5
      vertex 3 7.31779 10.5
      vertex 3 36.6822 9.1
    endloop
  endfacet
  facet normal 1 0 0
    outer loop
      vertex 3 38.3178 9.1
      vertex 3 39.5 10.5
      vertex 3 38.3178 10.5
    endloop
  endfacet
  facet normal 1 0 0
    outer loop
      vertex 3 39.5 10.5
      vertex 3 38.3178 9.1
      vertex 3 39.5 9
    endloop
  endfacet
  facet normal 1 -0 0
    outer loop
      vertex 3 36.6822 9.1
      vertex 3 39.5 9
      vertex 3 38.3178 9.1
    endloop
  endfacet
  facet normal 1 0 0
    outer loop
      vertex 3 7.31779 9.1
      vertex 3 36.6822 9.1
      vertex 3 7.31779 10.5
    endloop
  endfacet
  facet normal 1 -0 0
    outer loop
      vertex 3 7.31779 9.1
      vertex 3 39.5 9
      vertex 3 36.6822 9.1
    endloop
  endfacet
  facet normal 1 0 0
    outer loop
      vertex 3 4.5 9
      vertex 3 7.31779 9.1
      vertex 3 5.6822 9.1
    endloop
  endfacet
  facet normal 1 0 0
    outer loop
      vertex 3 7.31779 9.1
      vertex 3 4.5 9
      vertex 3 39.5 9
    endloop
  endfacet
  facet normal 1 0 0
    outer loop
      vertex 3 4.5 9
      vertex 3 5.6822 9.1
      vertex 3 4.5 10.5
    endloop
  endfacet
  facet normal -0.831485 0.555547 0
    outer loop
      vertex 84.69 3.58686 9
      vertex 84.799 3.75 10.5
      vertex 84.799 3.75 9
    endloop
  endfacet
  facet normal -0.831485 0.555547 0
    outer loop
      vertex 84.799 3.75 10.5
      vertex 84.69 3.58686 9
      vertex 84.69 3.58686 10.5
    endloop
  endfacet
  facet normal -1 0 0
    outer loop
      vertex 85 39.5 9
      vertex 85 38.3178 9.1
      vertex 85 39.5 10.5
    endloop
  endfacet
  facet normal -1 0 0
    outer loop
      vertex 85 39.5 9
      vertex 85 36.6822 9.1
      vertex 85 38.3178 9.1
    endloop
  endfacet
  facet normal -1 0 0
    outer loop
      vertex 85 36.6822 9.1
      vertex 85 7.31779 9.1
      vertex 85 36.6822 10.5
    endloop
  endfacet
  facet normal -1 0 0
    outer loop
      vertex 85 39.5 9
      vertex 85 7.31779 9.1
      vertex 85 36.6822 9.1
    endloop
  endfacet
  facet normal -1 0 0
    outer loop
      vertex 85 4.5 9
      vertex 85 7.31779 9.1
      vertex 85 39.5 9
    endloop
  endfacet
  facet normal -1 -0 0
    outer loop
      vertex 85 7.31779 9.1
      vertex 85 4.5 9
      vertex 85 5.68221 9.1
    endloop
  endfacet
  facet normal -1 0 0
    outer loop
      vertex 85 4.5 10.5
      vertex 85 5.68221 9.1
      vertex 85 4.5 9
    endloop
  endfacet
  facet normal -1 0 0
    outer loop
      vertex 85 5.68221 9.1
      vertex 85 4.5 10.5
      vertex 85 5.68221 10.5
    endloop
  endfacet
  facet normal -1 -0 0
    outer loop
      vertex 85 39.5 10.5
      vertex 85 38.3178 9.1
      vertex 85 38.3178 10.5
    endloop
  endfacet
  facet normal -1 -0 0
    outer loop
      vertex 85 36.6822 10.5
      vertex 85 7.31779 9.1
      vertex 85 7.31779 10.5
    endloop
  endfacet
  facet normal 0.659341 0.751844 -0
    outer loop
      vertex 3.58686 3.30997 9
      vertex 3.43934 3.43934 10.5
      vertex 3.58686 3.30997 10.5
    endloop
  endfacet
  facet normal 0.659341 0.751844 0
    outer loop
      vertex 3.43934 3.43934 10.5
      vertex 3.58686 3.30997 9
      vertex 3.43934 3.43934 9
    endloop
  endfacet
  facet normal 0.555547 -0.831485 0
    outer loop
      vertex 3.58686 40.69 9
      vertex 3.75 40.799 10.5
      vertex 3.58686 40.69 10.5
    endloop
  endfacet
  facet normal 0.555547 -0.831485 0
    outer loop
      vertex 3.75 40.799 10.5
      vertex 3.58686 40.69 9
      vertex 3.75 40.799 9
    endloop
  endfacet
  facet normal 0 1 0
    outer loop
      vertex 83.5 3 10.5
      vertex 82.3178 3 9.1
      vertex 82.3178 3 10.5
    endloop
  endfacet
  facet normal 0 1 0
    outer loop
      vertex 83.5 3 9
      vertex 80.6822 3 9.1
      vertex 82.3178 3 9.1
    endloop
  endfacet
  facet normal 0 1 0
    outer loop
      vertex 80.6822 3 9.1
      vertex 83.5 3 9
      vertex 7.31779 3 9.1
    endloop
  endfacet
  facet normal 0 1 0
    outer loop
      vertex 4.5 3 9
      vertex 7.31779 3 9.1
      vertex 83.5 3 9
    endloop
  endfacet
  facet normal 0 1 -0
    outer loop
      vertex 83.5 3 9
      vertex 82.3178 3 9.1
      vertex 83.5 3 10.5
    endloop
  endfacet
  facet normal 0 1 -0
    outer loop
      vertex 80.6822 3 9.1
      vertex 7.31779 3 10.5
      vertex 80.6822 3 10.5
    endloop
  endfacet
  facet normal 0 1 0
    outer loop
      vertex 7.31779 3 10.5
      vertex 80.6822 3 9.1
      vertex 7.31779 3 9.1
    endloop
  endfacet
  facet normal 0 1 -0
    outer loop
      vertex 5.6822 3 9.1
      vertex 4.5 3 10.5
      vertex 5.6822 3 10.5
    endloop
  endfacet
  facet normal 0 1 0
    outer loop
      vertex 5.6822 3 9.1
      vertex 4.5 3 9
      vertex 4.5 3 10.5
    endloop
  endfacet
  facet normal 0 1 0
    outer loop
      vertex 7.31779 3 9.1
      vertex 4.5 3 9
      vertex 5.6822 3 9.1
    endloop
  endfacet
  facet normal -0.658937 -0.752198 0
    outer loop
      vertex 84.4131 40.69 9
      vertex 84.5607 40.5607 10.5
      vertex 84.4131 40.69 10.5
    endloop
  endfacet
  facet normal -0.658937 -0.752198 -0
    outer loop
      vertex 84.5607 40.5607 10.5
      vertex 84.4131 40.69 9
      vertex 84.5607 40.5607 9
    endloop
  endfacet
  facet normal 0.751844 0.659341 0
    outer loop
      vertex 3.43934 3.43934 10.5
      vertex 3.30997 3.58686 9
      vertex 3.30997 3.58686 10.5
    endloop
  endfacet
  facet normal 0.751844 0.659341 0
    outer loop
      vertex 3.30997 3.58686 9
      vertex 3.43934 3.43934 10.5
      vertex 3.43934 3.43934 9
    endloop
  endfacet
  facet normal -0.555676 0.831399 0
    outer loop
      vertex 84.4131 3.30997 9
      vertex 84.25 3.20096 10.5
      vertex 84.4131 3.30997 10.5
    endloop
  endfacet
  facet normal -0.555676 0.831399 0
    outer loop
      vertex 84.25 3.20096 10.5
      vertex 84.4131 3.30997 9
      vertex 84.25 3.20096 9
    endloop
  endfacet
  facet normal 0.0653892 0.99786 -0
    outer loop
      vertex 4.5 3 9
      vertex 4.30421 3.01283 10.5
      vertex 4.5 3 10.5
    endloop
  endfacet
  facet normal 0.0653892 0.99786 0
    outer loop
      vertex 4.30421 3.01283 10.5
      vertex 4.5 3 9
      vertex 4.30421 3.01283 9
    endloop
  endfacet
  facet normal -0.980764 0.195195 0
    outer loop
      vertex 84.9489 4.11177 9
      vertex 84.9872 4.30421 10.5
      vertex 84.9872 4.30421 9
    endloop
  endfacet
  facet normal -0.980764 0.195195 0
    outer loop
      vertex 84.9872 4.30421 10.5
      vertex 84.9489 4.11177 9
      vertex 84.9489 4.11177 10.5
    endloop
  endfacet
  facet normal -0.946885 -0.321574 0
    outer loop
      vertex 84.9489 39.8882 9
      vertex 84.8858 40.074 10.5
      vertex 84.8858 40.074 9
    endloop
  endfacet
  facet normal -0.946885 -0.321574 0
    outer loop
      vertex 84.8858 40.074 10.5
      vertex 84.9489 39.8882 9
      vertex 84.9489 39.8882 10.5
    endloop
  endfacet
  facet normal -0.89683 0.442376 0
    outer loop
      vertex 84.799 3.75 9
      vertex 84.8858 3.92597 10.5
      vertex 84.8858 3.92597 9
    endloop
  endfacet
  facet normal -0.89683 0.442376 0
    outer loop
      vertex 84.8858 3.92597 10.5
      vertex 84.799 3.75 9
      vertex 84.799 3.75 10.5
    endloop
  endfacet
  facet normal -0.195234 -0.980757 0
    outer loop
      vertex 83.6958 40.9872 9
      vertex 83.8882 40.9489 10.5
      vertex 83.6958 40.9872 10.5
    endloop
  endfacet
  facet normal -0.195234 -0.980757 -0
    outer loop
      vertex 83.8882 40.9489 10.5
      vertex 83.6958 40.9872 9
      vertex 83.8882 40.9489 9
    endloop
  endfacet
  facet normal 0.442294 0.89687 -0
    outer loop
      vertex 3.92597 3.11418 9
      vertex 3.75 3.20096 10.5
      vertex 3.92597 3.11418 10.5
    endloop
  endfacet
  facet normal 0.442294 0.89687 0
    outer loop
      vertex 3.75 3.20096 10.5
      vertex 3.92597 3.11418 9
      vertex 3.75 3.20096 9
    endloop
  endfacet
  facet normal 0.65914 -0.752021 0
    outer loop
      vertex 3.43934 40.5607 9
      vertex 3.58686 40.69 10.5
      vertex 3.43934 40.5607 10.5
    endloop
  endfacet
  facet normal 0.65914 -0.752021 0
    outer loop
      vertex 3.58686 40.69 10.5
      vertex 3.43934 40.5607 9
      vertex 3.58686 40.69 9
    endloop
  endfacet
  facet normal 0.442376 -0.89683 0
    outer loop
      vertex 3.75 40.799 9
      vertex 3.92597 40.8858 10.5
      vertex 3.75 40.799 10.5
    endloop
  endfacet
  facet normal 0.442376 -0.89683 0
    outer loop
      vertex 3.92597 40.8858 10.5
      vertex 3.75 40.799 9
      vertex 3.92597 40.8858 9
    endloop
  endfacet
  facet normal 0.752021 -0.659139 0
    outer loop
      vertex 3.30997 40.4131 10.5
      vertex 3.43934 40.5607 9
      vertex 3.43934 40.5607 10.5
    endloop
  endfacet
  facet normal 0.752021 -0.659139 0
    outer loop
      vertex 3.43934 40.5607 9
      vertex 3.30997 40.4131 10.5
      vertex 3.30997 40.4131 9
    endloop
  endfacet
  facet normal 0.99786 -0.0653858 0
    outer loop
      vertex 3 39.5 10.5
      vertex 3.01283 39.6958 9
      vertex 3.01283 39.6958 10.5
    endloop
  endfacet
  facet normal 0.99786 -0.0653858 0
    outer loop
      vertex 3.01283 39.6958 9
      vertex 3 39.5 10.5
      vertex 3 39.5 9
    endloop
  endfacet
  facet normal -0.321574 -0.946885 0
    outer loop
      vertex 83.8882 40.9489 9
      vertex 84.074 40.8858 10.5
      vertex 83.8882 40.9489 10.5
    endloop
  endfacet
  facet normal -0.321574 -0.946885 -0
    outer loop
      vertex 84.074 40.8858 10.5
      vertex 83.8882 40.9489 9
      vertex 84.074 40.8858 9
    endloop
  endfacet
  facet normal -0.99787 0.0652369 0
    outer loop
      vertex 84.9872 4.30421 9
      vertex 85 4.5 10.5
      vertex 85 4.5 9
    endloop
  endfacet
  facet normal -0.99787 0.0652369 0
    outer loop
      vertex 85 4.5 10.5
      vertex 84.9872 4.30421 9
      vertex 84.9872 4.30421 10.5
    endloop
  endfacet
  facet normal -0.442233 0.8969 0
    outer loop
      vertex 84.25 3.20096 9
      vertex 84.074 3.11418 10.5
      vertex 84.25 3.20096 10.5
    endloop
  endfacet
  facet normal -0.442233 0.8969 0
    outer loop
      vertex 84.074 3.11418 10.5
      vertex 84.25 3.20096 9
      vertex 84.074 3.11418 9
    endloop
  endfacet
  facet normal -0.752198 -0.658937 0
    outer loop
      vertex 84.69 40.4131 9
      vertex 84.5607 40.5607 10.5
      vertex 84.5607 40.5607 9
    endloop
  endfacet
  facet normal -0.752198 -0.658937 0
    outer loop
      vertex 84.5607 40.5607 10.5
      vertex 84.69 40.4131 9
      vertex 84.69 40.4131 10.5
    endloop
  endfacet
  facet normal -0.946885 0.321574 0
    outer loop
      vertex 84.8858 3.92597 9
      vertex 84.9489 4.11177 10.5
      vertex 84.9489 4.11177 9
    endloop
  endfacet
  facet normal -0.946885 0.321574 0
    outer loop
      vertex 84.9489 4.11177 10.5
      vertex 84.8858 3.92597 9
      vertex 84.8858 3.92597 10.5
    endloop
  endfacet
  facet normal 0 -1 0
    outer loop
      vertex 4.5 41 10.5
      vertex 5.68221 41 9.1
      vertex 5.68221 41 10.5
    endloop
  endfacet
  facet normal 0 -1 0
    outer loop
      vertex 4.5 41 9
      vertex 7.31779 41 9.1
      vertex 5.68221 41 9.1
    endloop
  endfacet
  facet normal 0 -1 -0
    outer loop
      vertex 7.31779 41 9.1
      vertex 4.5 41 9
      vertex 80.6822 41 9.1
    endloop
  endfacet
  facet normal 0 -1 0
    outer loop
      vertex 83.5 41 9
      vertex 80.6822 41 9.1
      vertex 4.5 41 9
    endloop
  endfacet
  facet normal 0 -1 0
    outer loop
      vertex 4.5 41 9
      vertex 5.68221 41 9.1
      vertex 4.5 41 10.5
    endloop
  endfacet
  facet normal 0 -1 0
    outer loop
      vertex 7.31779 41 9.1
      vertex 80.6822 41 10.5
      vertex 7.31779 41 10.5
    endloop
  endfacet
  facet normal 0 -1 -0
    outer loop
      vertex 80.6822 41 10.5
      vertex 7.31779 41 9.1
      vertex 80.6822 41 9.1
    endloop
  endfacet
  facet normal 0 -1 0
    outer loop
      vertex 82.3178 41 9.1
      vertex 83.5 41 10.5
      vertex 82.3178 41 10.5
    endloop
  endfacet
  facet normal 0 -1 0
    outer loop
      vertex 82.3178 41 9.1
      vertex 83.5 41 9
      vertex 83.5 41 10.5
    endloop
  endfacet
  facet normal 0 -1 0
    outer loop
      vertex 80.6822 41 9.1
      vertex 83.5 41 9
      vertex 82.3178 41 9.1
    endloop
  endfacet
  facet normal 0.195097 0.980784 -0
    outer loop
      vertex 4.30421 3.01283 9
      vertex 4.11177 3.05111 10.5
      vertex 4.30421 3.01283 10.5
    endloop
  endfacet
  facet normal 0.195097 0.980784 0
    outer loop
      vertex 4.11177 3.05111 10.5
      vertex 4.30421 3.01283 9
      vertex 4.11177 3.05111 9
    endloop
  endfacet
  facet normal 0.980784 0.195097 0
    outer loop
      vertex 3.05111 4.11177 10.5
      vertex 3.01283 4.30421 9
      vertex 3.01283 4.30421 10.5
    endloop
  endfacet
  facet normal 0.980784 0.195097 0
    outer loop
      vertex 3.01283 4.30421 9
      vertex 3.05111 4.11177 10.5
      vertex 3.05111 4.11177 9
    endloop
  endfacet
  facet normal 0.831462 0.555582 0
    outer loop
      vertex 3.30997 3.58686 10.5
      vertex 3.20096 3.75 9
      vertex 3.20096 3.75 10.5
    endloop
  endfacet
  facet normal 0.831462 0.555582 0
    outer loop
      vertex 3.20096 3.75 9
      vertex 3.30997 3.58686 10.5
      vertex 3.30997 3.58686 9
    endloop
  endfacet
  facet normal 0.0652369 -0.99787 0
    outer loop
      vertex 4.30421 40.9872 9
      vertex 4.5 41 10.5
      vertex 4.30421 40.9872 10.5
    endloop
  endfacet
  facet normal 0.0652369 -0.99787 0
    outer loop
      vertex 4.5 41 10.5
      vertex 4.30421 40.9872 9
      vertex 4.5 41 9
    endloop
  endfacet
  facet normal -0.0652336 -0.99787 0
    outer loop
      vertex 83.5 41 9
      vertex 83.6958 40.9872 10.5
      vertex 83.5 41 10.5
    endloop
  endfacet
  facet normal -0.0652336 -0.99787 -0
    outer loop
      vertex 83.6958 40.9872 10.5
      vertex 83.5 41 9
      vertex 83.6958 40.9872 9
    endloop
  endfacet
  facet normal -0.195136 0.980776 0
    outer loop
      vertex 83.8882 3.05111 9
      vertex 83.6958 3.01283 10.5
      vertex 83.8882 3.05111 10.5
    endloop
  endfacet
  facet normal -0.195136 0.980776 0
    outer loop
      vertex 83.6958 3.01283 10.5
      vertex 83.8882 3.05111 9
      vertex 83.6958 3.01283 9
    endloop
  endfacet
  facet normal -0.442315 -0.89686 0
    outer loop
      vertex 84.074 40.8858 9
      vertex 84.25 40.799 10.5
      vertex 84.074 40.8858 10.5
    endloop
  endfacet
  facet normal -0.442315 -0.89686 -0
    outer loop
      vertex 84.25 40.799 10.5
      vertex 84.074 40.8858 9
      vertex 84.25 40.799 9
    endloop
  endfacet
  facet normal -0.831422 -0.555641 0
    outer loop
      vertex 84.799 40.25 9
      vertex 84.69 40.4131 10.5
      vertex 84.69 40.4131 9
    endloop
  endfacet
  facet normal -0.831422 -0.555641 0
    outer loop
      vertex 84.69 40.4131 10.5
      vertex 84.799 40.25 9
      vertex 84.799 40.25 10.5
    endloop
  endfacet
  facet normal 0.946931 -0.321437 0
    outer loop
      vertex 3.05111 39.8882 10.5
      vertex 3.11418 40.074 9
      vertex 3.11418 40.074 10.5
    endloop
  endfacet
  facet normal 0.946931 -0.321437 0
    outer loop
      vertex 3.11418 40.074 9
      vertex 3.05111 39.8882 10.5
      vertex 3.05111 39.8882 9
    endloop
  endfacet
  facet normal 0.555582 0.831462 -0
    outer loop
      vertex 3.75 3.20096 9
      vertex 3.58686 3.30997 10.5
      vertex 3.75 3.20096 10.5
    endloop
  endfacet
  facet normal 0.555582 0.831462 0
    outer loop
      vertex 3.58686 3.30997 10.5
      vertex 3.75 3.20096 9
      vertex 3.58686 3.30997 9
    endloop
  endfacet
  facet normal -0.980757 -0.195234 0
    outer loop
      vertex 84.9872 39.6958 9
      vertex 84.9489 39.8882 10.5
      vertex 84.9489 39.8882 9
    endloop
  endfacet
  facet normal -0.980757 -0.195234 0
    outer loop
      vertex 84.9489 39.8882 10.5
      vertex 84.9872 39.6958 9
      vertex 84.9872 39.6958 10.5
    endloop
  endfacet
  facet normal -0.99787 -0.0652336 0
    outer loop
      vertex 85 39.5 9
      vertex 84.9872 39.6958 10.5
      vertex 84.9872 39.6958 9
    endloop
  endfacet
  facet normal -0.99787 -0.0652336 0
    outer loop
      vertex 84.9872 39.6958 10.5
      vertex 85 39.5 9
      vertex 85 39.5 10.5
    endloop
  endfacet
  facet normal 0.831399 -0.555676 0
    outer loop
      vertex 3.20096 40.25 10.5
      vertex 3.30997 40.4131 9
      vertex 3.30997 40.4131 10.5
    endloop
  endfacet
  facet normal 0.831399 -0.555676 0
    outer loop
      vertex 3.30997 40.4131 9
      vertex 3.20096 40.25 10.5
      vertex 3.20096 40.25 9
    endloop
  endfacet
  facet normal 0.195195 -0.980764 0
    outer loop
      vertex 4.11177 40.9489 9
      vertex 4.30421 40.9872 10.5
      vertex 4.11177 40.9489 10.5
    endloop
  endfacet
  facet normal 0.195195 -0.980764 0
    outer loop
      vertex 4.30421 40.9872 10.5
      vertex 4.11177 40.9489 9
      vertex 4.30421 40.9872 9
    endloop
  endfacet
  facet normal 0.321574 -0.946885 0
    outer loop
      vertex 3.92597 40.8858 9
      vertex 4.11177 40.9489 10.5
      vertex 3.92597 40.8858 10.5
    endloop
  endfacet
  facet normal 0.321574 -0.946885 0
    outer loop
      vertex 4.11177 40.9489 10.5
      vertex 3.92597 40.8858 9
      vertex 4.11177 40.9489 9
    endloop
  endfacet
  facet normal 0.89687 0.442294 0
    outer loop
      vertex 3.20096 3.75 10.5
      vertex 3.11418 3.92597 9
      vertex 3.11418 3.92597 10.5
    endloop
  endfacet
  facet normal 0.89687 0.442294 0
    outer loop
      vertex 3.11418 3.92597 9
      vertex 3.20096 3.75 10.5
      vertex 3.20096 3.75 9
    endloop
  endfacet
  facet normal 0.946931 0.321437 0
    outer loop
      vertex 3.11418 3.92597 10.5
      vertex 3.05111 4.11177 9
      vertex 3.05111 4.11177 10.5
    endloop
  endfacet
  facet normal 0.946931 0.321437 0
    outer loop
      vertex 3.05111 4.11177 9
      vertex 3.11418 3.92597 10.5
      vertex 3.11418 3.92597 9
    endloop
  endfacet
  facet normal 0.8969 -0.442233 0
    outer loop
      vertex 3.11418 40.074 10.5
      vertex 3.20096 40.25 9
      vertex 3.20096 40.25 10.5
    endloop
  endfacet
  facet normal 0.8969 -0.442233 0
    outer loop
      vertex 3.20096 40.25 9
      vertex 3.11418 40.074 10.5
      vertex 3.11418 40.074 9
    endloop
  endfacet
  facet normal 0.980785 0.195091 0
    outer loop
      vertex 10.0692 6.96989 10.5
      vertex 9.97733 7.43175 9.1
      vertex 9.97733 7.43175 10.5
    endloop
  endfacet
  facet normal 0.980785 0.195091 0
    outer loop
      vertex 9.97733 7.43175 9.1
      vertex 10.0692 6.96989 10.5
      vertex 10.0692 6.96989 9.1
    endloop
  endfacet
  facet normal 0.997859 0.0654069 0
    outer loop
      vertex 10.1 6.5 10.5
      vertex 10.0692 6.96989 9.1
      vertex 10.0692 6.96989 10.5
    endloop
  endfacet
  facet normal 0.997859 0.0654069 0
    outer loop
      vertex 10.0692 6.96989 9.1
      vertex 10.1 6.5 10.5
      vertex 10.1 6.5 9.1
    endloop
  endfacet
  facet normal 0.946934 0.321428 0
    outer loop
      vertex 9.97733 7.43175 10.5
      vertex 9.82597 7.87766 9.1
      vertex 9.82597 7.87766 10.5
    endloop
  endfacet
  facet normal 0.946934 0.321428 0
    outer loop
      vertex 9.82597 7.87766 9.1
      vertex 9.97733 7.43175 10.5
      vertex 9.97733 7.43175 9.1
    endloop
  endfacet
  facet normal 0.831468 0.555572 0
    outer loop
      vertex 9.61769 8.3 10.5
      vertex 9.35607 8.69154 9.1
      vertex 9.35607 8.69154 10.5
    endloop
  endfacet
  facet normal 0.831468 0.555572 0
    outer loop
      vertex 9.35607 8.69154 9.1
      vertex 9.61769 8.3 10.5
      vertex 9.61769 8.3 9.1
    endloop
  endfacet
  facet normal -0.946934 -0.321428 0
    outer loop
      vertex 3.17403 5.12234 9.1
      vertex 3.02267 5.56825 10.5
      vertex 3.02267 5.56825 9.1
    endloop
  endfacet
  facet normal -0.946934 -0.321428 0
    outer loop
      vertex 3.02267 5.56825 10.5
      vertex 3.17403 5.12234 9.1
      vertex 3.17403 5.12234 10.5
    endloop
  endfacet
  facet normal 0.321428 -0.946934 0
    outer loop
      vertex 7.43175 3.02267 9.1
      vertex 7.87766 3.17403 10.5
      vertex 7.43175 3.02267 10.5
    endloop
  endfacet
  facet normal 0.321428 -0.946934 0
    outer loop
      vertex 7.87766 3.17403 10.5
      vertex 7.43175 3.02267 9.1
      vertex 7.87766 3.17403 9.1
    endloop
  endfacet
  facet normal 0.896869 0.442297 0
    outer loop
      vertex 9.82597 7.87766 10.5
      vertex 9.61769 8.3 9.1
      vertex 9.61769 8.3 10.5
    endloop
  endfacet
  facet normal 0.896869 0.442297 0
    outer loop
      vertex 9.61769 8.3 9.1
      vertex 9.82597 7.87766 10.5
      vertex 9.82597 7.87766 9.1
    endloop
  endfacet
  facet normal -0.555572 0.831468 0
    outer loop
      vertex 4.7 9.61769 9.1
      vertex 4.30846 9.35607 10.5
      vertex 4.7 9.61769 10.5
    endloop
  endfacet
  facet normal -0.555572 0.831468 0
    outer loop
      vertex 4.30846 9.35607 10.5
      vertex 4.7 9.61769 9.1
      vertex 4.30846 9.35607 9.1
    endloop
  endfacet
  facet normal 0.980785 -0.195091 0
    outer loop
      vertex 9.97733 5.56825 10.5
      vertex 10.0692 6.03011 9.1
      vertex 10.0692 6.03011 10.5
    endloop
  endfacet
  facet normal 0.980785 -0.195091 0
    outer loop
      vertex 10.0692 6.03011 9.1
      vertex 9.97733 5.56825 10.5
      vertex 9.97733 5.56825 9.1
    endloop
  endfacet
  facet normal 0 0 -1
    outer loop
      vertex 7.85 6.5 9.1
      vertex 10.1 6.5 9.1
      vertex 10.0692 6.03011 9.1
    endloop
  endfacet
  facet normal 0 0 -1
    outer loop
      vertex 7.83845 6.32379 9.1
      vertex 10.0692 6.03011 9.1
      vertex 9.97733 5.56825 9.1
    endloop
  endfacet
  facet normal 0 0 -1
    outer loop
      vertex 10.1 6.5 9.1
      vertex 7.85 6.5 9.1
      vertex 10.0692 6.96989 9.1
    endloop
  endfacet
  facet normal 0 0 -1
    outer loop
      vertex 7.804 6.15059 9.1
      vertex 9.97733 5.56825 9.1
      vertex 9.82597 5.12234 9.1
    endloop
  endfacet
  facet normal 0 0 -1
    outer loop
      vertex 7.83845 6.67621 9.1
      vertex 10.0692 6.96989 9.1
      vertex 7.85 6.5 9.1
    endloop
  endfacet
  facet normal 0 0 -1
    outer loop
      vertex 7.74724 5.98338 9.1
      vertex 9.82597 5.12234 9.1
      vertex 9.61769 4.7 9.1
    endloop
  endfacet
  facet normal -0 0 -1
    outer loop
      vertex 10.0692 6.96989 9.1
      vertex 7.83845 6.67621 9.1
      vertex 9.97733 7.43175 9.1
    endloop
  endfacet
  facet normal 0 0 -1
    outer loop
      vertex 7.66913 5.825 9.1
      vertex 9.61769 4.7 9.1
      vertex 9.35607 4.30846 9.1
    endloop
  endfacet
  facet normal 0 0 -1
    outer loop
      vertex 7.804 6.84941 9.1
      vertex 9.97733 7.43175 9.1
      vertex 7.83845 6.67621 9.1
    endloop
  endfacet
  facet normal 0 0 -1
    outer loop
      vertex 7.57103 5.67817 9.1
      vertex 9.35607 4.30846 9.1
      vertex 9.04558 3.95442 9.1
    endloop
  endfacet
  facet normal -0 0 -1
    outer loop
      vertex 9.97733 7.43175 9.1
      vertex 7.804 6.84941 9.1
      vertex 9.82597 7.87766 9.1
    endloop
  endfacet
  facet normal 0 0 -1
    outer loop
      vertex 7.45459 5.54541 9.1
      vertex 9.04558 3.95442 9.1
      vertex 8.69154 3.64393 9.1
    endloop
  endfacet
  facet normal 0 0 -1
    outer loop
      vertex 7.74724 7.01662 9.1
      vertex 9.82597 7.87766 9.1
      vertex 7.804 6.84941 9.1
    endloop
  endfacet
  facet normal 0 0 -1
    outer loop
      vertex 7.32183 5.42897 9.1
      vertex 8.69154 3.64393 9.1
      vertex 8.3 3.38231 9.1
    endloop
  endfacet
  facet normal -0 0 -1
    outer loop
      vertex 9.82597 7.87766 9.1
      vertex 7.74724 7.01662 9.1
      vertex 9.61769 8.3 9.1
    endloop
  endfacet
  facet normal 0 0 -1
    outer loop
      vertex 7.175 5.33086 9.1
      vertex 8.3 3.38231 9.1
      vertex 7.87766 3.17403 9.1
    endloop
  endfacet
  facet normal 0 0 -1
    outer loop
      vertex 7.66913 7.175 9.1
      vertex 9.61769 8.3 9.1
      vertex 7.74724 7.01662 9.1
    endloop
  endfacet
  facet normal -0 0 -1
    outer loop
      vertex 9.61769 8.3 9.1
      vertex 7.66913 7.175 9.1
      vertex 9.35607 8.69154 9.1
    endloop
  endfacet
  facet normal 0 0 -1
    outer loop
      vertex 10.0692 6.03011 9.1
      vertex 7.83845 6.32379 9.1
      vertex 7.85 6.5 9.1
    endloop
  endfacet
  facet normal 0 0 -1
    outer loop
      vertex 9.97733 5.56825 9.1
      vertex 7.804 6.15059 9.1
      vertex 7.83845 6.32379 9.1
    endloop
  endfacet
  facet normal 0 0 -1
    outer loop
      vertex 9.82597 5.12234 9.1
      vertex 7.74724 5.98338 9.1
      vertex 7.804 6.15059 9.1
    endloop
  endfacet
  facet normal 0 0 -1
    outer loop
      vertex 9.61769 4.7 9.1
      vertex 7.66913 5.825 9.1
      vertex 7.74724 5.98338 9.1
    endloop
  endfacet
  facet normal 0 0 -1
    outer loop
      vertex 9.35607 4.30846 9.1
      vertex 7.57103 5.67817 9.1
      vertex 7.66913 5.825 9.1
    endloop
  endfacet
  facet normal 0 0 -1
    outer loop
      vertex 9.04558 3.95442 9.1
      vertex 7.45459 5.54541 9.1
      vertex 7.57103 5.67817 9.1
    endloop
  endfacet
  facet normal 0 0 -1
    outer loop
      vertex 7.01662 5.25276 9.1
      vertex 7.87766 3.17403 9.1
      vertex 7.43175 3.02267 9.1
    endloop
  endfacet
  facet normal 0 0 -1
    outer loop
      vertex 8.69154 3.64393 9.1
      vertex 7.32183 5.42897 9.1
      vertex 7.45459 5.54541 9.1
    endloop
  endfacet
  facet normal 0 0 -1
    outer loop
      vertex 6.84941 5.196 9.1
      vertex 7.43175 3.02267 9.1
      vertex 7.31779 3 9.1
    endloop
  endfacet
  facet normal 0 0 -1
    outer loop
      vertex 8.3 3.38231 9.1
      vertex 7.175 5.33086 9.1
      vertex 7.32183 5.42897 9.1
    endloop
  endfacet
  facet normal 0 0 -1
    outer loop
      vertex 7.87766 3.17403 9.1
      vertex 7.01662 5.25276 9.1
      vertex 7.175 5.33086 9.1
    endloop
  endfacet
  facet normal 0 0 -1
    outer loop
      vertex 7.43175 3.02267 9.1
      vertex 6.84941 5.196 9.1
      vertex 7.01662 5.25276 9.1
    endloop
  endfacet
  facet normal 0 0 -1
    outer loop
      vertex 7.31779 3 9.1
      vertex 6.67621 5.16155 9.1
      vertex 6.84941 5.196 9.1
    endloop
  endfacet
  facet normal 0 0 -1
    outer loop
      vertex 7.31779 3 9.1
      vertex 6.5 5.15 9.1
      vertex 6.67621 5.16155 9.1
    endloop
  endfacet
  facet normal 0 0 -1
    outer loop
      vertex 5.6822 3 9.1
      vertex 6.5 5.15 9.1
      vertex 7.31779 3 9.1
    endloop
  endfacet
  facet normal -0 0 -1
    outer loop
      vertex 6.5 5.15 9.1
      vertex 5.6822 3 9.1
      vertex 6.32379 5.16155 9.1
    endloop
  endfacet
  facet normal -0 0 -1
    outer loop
      vertex 6.32379 5.16155 9.1
      vertex 5.6822 3 9.1
      vertex 6.15059 5.196 9.1
    endloop
  endfacet
  facet normal 0 0 -1
    outer loop
      vertex 5.56825 3.02267 9.1
      vertex 6.15059 5.196 9.1
      vertex 5.6822 3 9.1
    endloop
  endfacet
  facet normal -0 0 -1
    outer loop
      vertex 6.15059 5.196 9.1
      vertex 5.56825 3.02267 9.1
      vertex 5.98338 5.25276 9.1
    endloop
  endfacet
  facet normal 0 0 -1
    outer loop
      vertex 5.12234 3.17403 9.1
      vertex 5.98338 5.25276 9.1
      vertex 5.56825 3.02267 9.1
    endloop
  endfacet
  facet normal -0 0 -1
    outer loop
      vertex 5.98338 5.25276 9.1
      vertex 5.12234 3.17403 9.1
      vertex 5.825 5.33086 9.1
    endloop
  endfacet
  facet normal 0 0 -1
    outer loop
      vertex 4.7 3.38231 9.1
      vertex 5.825 5.33086 9.1
      vertex 5.12234 3.17403 9.1
    endloop
  endfacet
  facet normal -0 0 -1
    outer loop
      vertex 5.825 5.33086 9.1
      vertex 4.7 3.38231 9.1
      vertex 5.67817 5.42897 9.1
    endloop
  endfacet
  facet normal 0 0 -1
    outer loop
      vertex 4.30846 3.64393 9.1
      vertex 5.67817 5.42897 9.1
      vertex 4.7 3.38231 9.1
    endloop
  endfacet
  facet normal -0 0 -1
    outer loop
      vertex 5.67817 5.42897 9.1
      vertex 4.30846 3.64393 9.1
      vertex 5.54541 5.54541 9.1
    endloop
  endfacet
  facet normal 0 0 -1
    outer loop
      vertex 3.95442 3.95442 9.1
      vertex 5.54541 5.54541 9.1
      vertex 4.30846 3.64393 9.1
    endloop
  endfacet
  facet normal -0 0 -1
    outer loop
      vertex 5.54541 5.54541 9.1
      vertex 3.95442 3.95442 9.1
      vertex 5.42897 5.67817 9.1
    endloop
  endfacet
  facet normal -0 0 -1
    outer loop
      vertex 5.42897 5.67817 9.1
      vertex 3.64393 4.30846 9.1
      vertex 5.33086 5.825 9.1
    endloop
  endfacet
  facet normal 0 0 -1
    outer loop
      vertex 3.64393 4.30846 9.1
      vertex 5.42897 5.67817 9.1
      vertex 3.95442 3.95442 9.1
    endloop
  endfacet
  facet normal 0 0 -1
    outer loop
      vertex 7.57103 7.32183 9.1
      vertex 9.35607 8.69154 9.1
      vertex 7.66913 7.175 9.1
    endloop
  endfacet
  facet normal -0 0 -1
    outer loop
      vertex 9.35607 8.69154 9.1
      vertex 7.57103 7.32183 9.1
      vertex 9.04558 9.04558 9.1
    endloop
  endfacet
  facet normal 0 0 -1
    outer loop
      vertex 7.45459 7.45459 9.1
      vertex 9.04558 9.04558 9.1
      vertex 7.57103 7.32183 9.1
    endloop
  endfacet
  facet normal -0 0 -1
    outer loop
      vertex 9.04558 9.04558 9.1
      vertex 7.45459 7.45459 9.1
      vertex 8.69154 9.35607 9.1
    endloop
  endfacet
  facet normal 0 0 -1
    outer loop
      vertex 7.32183 7.57103 9.1
      vertex 8.69154 9.35607 9.1
      vertex 7.45459 7.45459 9.1
    endloop
  endfacet
  facet normal -0 0 -1
    outer loop
      vertex 8.69154 9.35607 9.1
      vertex 7.32183 7.57103 9.1
      vertex 8.3 9.61769 9.1
    endloop
  endfacet
  facet normal 0 0 -1
    outer loop
      vertex 7.175 7.66913 9.1
      vertex 8.3 9.61769 9.1
      vertex 7.32183 7.57103 9.1
    endloop
  endfacet
  facet normal -0 0 -1
    outer loop
      vertex 8.3 9.61769 9.1
      vertex 7.175 7.66913 9.1
      vertex 7.87766 9.82597 9.1
    endloop
  endfacet
  facet normal 0 0 -1
    outer loop
      vertex 7.01662 7.74724 9.1
      vertex 7.87766 9.82597 9.1
      vertex 7.175 7.66913 9.1
    endloop
  endfacet
  facet normal -0 0 -1
    outer loop
      vertex 7.87766 9.82597 9.1
      vertex 7.01662 7.74724 9.1
      vertex 7.43175 9.97733 9.1
    endloop
  endfacet
  facet normal 0 0 -1
    outer loop
      vertex 6.84941 7.804 9.1
      vertex 7.43175 9.97733 9.1
      vertex 7.01662 7.74724 9.1
    endloop
  endfacet
  facet normal -0 0 -1
    outer loop
      vertex 7.43175 9.97733 9.1
      vertex 6.84941 7.804 9.1
      vertex 6.96989 10.0692 9.1
    endloop
  endfacet
  facet normal 0 0 -1
    outer loop
      vertex 6.67621 7.83845 9.1
      vertex 6.96989 10.0692 9.1
      vertex 6.84941 7.804 9.1
    endloop
  endfacet
  facet normal 0 0 -1
    outer loop
      vertex 6.5 7.85 9.1
      vertex 6.96989 10.0692 9.1
      vertex 6.67621 7.83845 9.1
    endloop
  endfacet
  facet normal 0 0 -1
    outer loop
      vertex 6.5 7.85 9.1
      vertex 6.5 10.1 9.1
      vertex 6.96989 10.0692 9.1
    endloop
  endfacet
  facet normal 0 0 -1
    outer loop
      vertex 6.32379 7.83845 9.1
      vertex 6.5 10.1 9.1
      vertex 6.5 7.85 9.1
    endloop
  endfacet
  facet normal 0 0 -1
    outer loop
      vertex 6.03011 10.0692 9.1
      vertex 6.32379 7.83845 9.1
      vertex 6.15059 7.804 9.1
    endloop
  endfacet
  facet normal 0 0 -1
    outer loop
      vertex 6.32379 7.83845 9.1
      vertex 6.03011 10.0692 9.1
      vertex 6.5 10.1 9.1
    endloop
  endfacet
  facet normal 0 0 -1
    outer loop
      vertex 5.56825 9.97733 9.1
      vertex 6.15059 7.804 9.1
      vertex 5.98338 7.74724 9.1
    endloop
  endfacet
  facet normal 0 0 -1
    outer loop
      vertex 5.12234 9.82597 9.1
      vertex 5.98338 7.74724 9.1
      vertex 5.825 7.66913 9.1
    endloop
  endfacet
  facet normal 0 0 -1
    outer loop
      vertex 4.7 9.61769 9.1
      vertex 5.825 7.66913 9.1
      vertex 5.67817 7.57103 9.1
    endloop
  endfacet
  facet normal 0 0 -1
    outer loop
      vertex 6.15059 7.804 9.1
      vertex 5.56825 9.97733 9.1
      vertex 6.03011 10.0692 9.1
    endloop
  endfacet
  facet normal 0 0 -1
    outer loop
      vertex 4.30846 9.35607 9.1
      vertex 5.67817 7.57103 9.1
      vertex 5.54541 7.45459 9.1
    endloop
  endfacet
  facet normal 0 0 -1
    outer loop
      vertex 3.95442 9.04558 9.1
      vertex 5.54541 7.45459 9.1
      vertex 5.42897 7.32183 9.1
    endloop
  endfacet
  facet normal 0 0 -1
    outer loop
      vertex 3.64393 8.69154 9.1
      vertex 5.42897 7.32183 9.1
      vertex 5.33086 7.175 9.1
    endloop
  endfacet
  facet normal 0 0 -1
    outer loop
      vertex 3.38231 8.3 9.1
      vertex 5.33086 7.175 9.1
      vertex 5.25276 7.01662 9.1
    endloop
  endfacet
  facet normal 0 0 -1
    outer loop
      vertex 3.17403 7.87766 9.1
      vertex 5.25276 7.01662 9.1
      vertex 5.196 6.84941 9.1
    endloop
  endfacet
  facet normal 0 0 -1
    outer loop
      vertex 3 7.31779 9.1
      vertex 5.196 6.84941 9.1
      vertex 5.16155 6.67621 9.1
    endloop
  endfacet
  facet normal 0 0 -1
    outer loop
      vertex 5.98338 7.74724 9.1
      vertex 5.12234 9.82597 9.1
      vertex 5.56825 9.97733 9.1
    endloop
  endfacet
  facet normal 0 0 -1
    outer loop
      vertex 3 7.31779 9.1
      vertex 5.16155 6.67621 9.1
      vertex 5.15 6.5 9.1
    endloop
  endfacet
  facet normal 0 0 -1
    outer loop
      vertex 3.38231 4.7 9.1
      vertex 5.33086 5.825 9.1
      vertex 3.64393 4.30846 9.1
    endloop
  endfacet
  facet normal -0 0 -1
    outer loop
      vertex 5.33086 5.825 9.1
      vertex 3.38231 4.7 9.1
      vertex 5.25276 5.98338 9.1
    endloop
  endfacet
  facet normal 0 0 -1
    outer loop
      vertex 5.825 7.66913 9.1
      vertex 4.7 9.61769 9.1
      vertex 5.12234 9.82597 9.1
    endloop
  endfacet
  facet normal 0 0 -1
    outer loop
      vertex 3.17403 5.12234 9.1
      vertex 5.25276 5.98338 9.1
      vertex 3.38231 4.7 9.1
    endloop
  endfacet
  facet normal 0 0 -1
    outer loop
      vertex 5.67817 7.57103 9.1
      vertex 4.30846 9.35607 9.1
      vertex 4.7 9.61769 9.1
    endloop
  endfacet
  facet normal -0 0 -1
    outer loop
      vertex 5.25276 5.98338 9.1
      vertex 3.17403 5.12234 9.1
      vertex 5.196 6.15059 9.1
    endloop
  endfacet
  facet normal 0 0 -1
    outer loop
      vertex 5.54541 7.45459 9.1
      vertex 3.95442 9.04558 9.1
      vertex 4.30846 9.35607 9.1
    endloop
  endfacet
  facet normal 0 0 -1
    outer loop
      vertex 3.02267 5.56825 9.1
      vertex 5.196 6.15059 9.1
      vertex 3.17403 5.12234 9.1
    endloop
  endfacet
  facet normal 0 0 -1
    outer loop
      vertex 5.42897 7.32183 9.1
      vertex 3.64393 8.69154 9.1
      vertex 3.95442 9.04558 9.1
    endloop
  endfacet
  facet normal 0 0 -1
    outer loop
      vertex 3 5.6822 9.1
      vertex 5.196 6.15059 9.1
      vertex 3.02267 5.56825 9.1
    endloop
  endfacet
  facet normal 0 0 -1
    outer loop
      vertex 5.33086 7.175 9.1
      vertex 3.38231 8.3 9.1
      vertex 3.64393 8.69154 9.1
    endloop
  endfacet
  facet normal -0 0 -1
    outer loop
      vertex 5.196 6.15059 9.1
      vertex 3 5.6822 9.1
      vertex 5.16155 6.32379 9.1
    endloop
  endfacet
  facet normal 0 0 -1
    outer loop
      vertex 3 7.31779 9.1
      vertex 5.15 6.5 9.1
      vertex 3 5.6822 9.1
    endloop
  endfacet
  facet normal -0 0 -1
    outer loop
      vertex 5.16155 6.32379 9.1
      vertex 3 5.6822 9.1
      vertex 5.15 6.5 9.1
    endloop
  endfacet
  facet normal 0 0 -1
    outer loop
      vertex 5.196 6.84941 9.1
      vertex 3 7.31779 9.1
      vertex 3.02267 7.43175 9.1
    endloop
  endfacet
  facet normal 0 0 -1
    outer loop
      vertex 5.25276 7.01662 9.1
      vertex 3.17403 7.87766 9.1
      vertex 3.38231 8.3 9.1
    endloop
  endfacet
  facet normal 0 0 -1
    outer loop
      vertex 5.196 6.84941 9.1
      vertex 3.02267 7.43175 9.1
      vertex 3.17403 7.87766 9.1
    endloop
  endfacet
  facet normal 0.321428 0.946934 -0
    outer loop
      vertex 7.87766 9.82597 9.1
      vertex 7.43175 9.97733 10.5
      vertex 7.87766 9.82597 10.5
    endloop
  endfacet
  facet normal 0.321428 0.946934 0
    outer loop
      vertex 7.43175 9.97733 10.5
      vertex 7.87766 9.82597 9.1
      vertex 7.43175 9.97733 9.1
    endloop
  endfacet
  facet normal -0.659352 0.751834 0
    outer loop
      vertex 4.30846 9.35607 9.1
      vertex 3.95442 9.04558 10.5
      vertex 4.30846 9.35607 10.5
    endloop
  endfacet
  facet normal -0.659352 0.751834 0
    outer loop
      vertex 3.95442 9.04558 10.5
      vertex 4.30846 9.35607 9.1
      vertex 3.95442 9.04558 9.1
    endloop
  endfacet
  facet normal 0.555572 -0.831468 0
    outer loop
      vertex 8.3 3.38231 9.1
      vertex 8.69154 3.64393 10.5
      vertex 8.3 3.38231 10.5
    endloop
  endfacet
  facet normal 0.555572 -0.831468 0
    outer loop
      vertex 8.69154 3.64393 10.5
      vertex 8.3 3.38231 9.1
      vertex 8.69154 3.64393 9.1
    endloop
  endfacet
  facet normal -0.195091 0.980785 0
    outer loop
      vertex 6.03011 10.0692 9.1
      vertex 5.56825 9.97733 10.5
      vertex 6.03011 10.0692 10.5
    endloop
  endfacet
  facet normal -0.195091 0.980785 0
    outer loop
      vertex 5.56825 9.97733 10.5
      vertex 6.03011 10.0692 9.1
      vertex 5.56825 9.97733 9.1
    endloop
  endfacet
  facet normal -0.896869 -0.442297 0
    outer loop
      vertex 3.38231 4.7 9.1
      vertex 3.17403 5.12234 10.5
      vertex 3.17403 5.12234 9.1
    endloop
  endfacet
  facet normal -0.896869 -0.442297 0
    outer loop
      vertex 3.17403 5.12234 10.5
      vertex 3.38231 4.7 9.1
      vertex 3.38231 4.7 10.5
    endloop
  endfacet
  facet normal 0.0654069 0.997859 -0
    outer loop
      vertex 6.96989 10.0692 9.1
      vertex 6.5 10.1 10.5
      vertex 6.96989 10.0692 10.5
    endloop
  endfacet
  facet normal 0.0654069 0.997859 0
    outer loop
      vertex 6.5 10.1 10.5
      vertex 6.96989 10.0692 9.1
      vertex 6.5 10.1 9.1
    endloop
  endfacet
  facet normal -0.321428 -0.946934 0
    outer loop
      vertex 5.12234 3.17403 9.1
      vertex 5.56825 3.02267 10.5
      vertex 5.12234 3.17403 10.5
    endloop
  endfacet
  facet normal -0.321428 -0.946934 -0
    outer loop
      vertex 5.56825 3.02267 10.5
      vertex 5.12234 3.17403 9.1
      vertex 5.56825 3.02267 9.1
    endloop
  endfacet
  facet normal 0.195106 -0.980782 0
    outer loop
      vertex 7.31779 3 9.1
      vertex 7.43175 3.02267 10.5
      vertex 7.31779 3 10.5
    endloop
  endfacet
  facet normal 0.195106 -0.980782 0
    outer loop
      vertex 7.43175 3.02267 10.5
      vertex 7.31779 3 9.1
      vertex 7.43175 3.02267 9.1
    endloop
  endfacet
  facet normal -0.442297 0.896869 0
    outer loop
      vertex 5.12234 9.82597 9.1
      vertex 4.7 9.61769 10.5
      vertex 5.12234 9.82597 10.5
    endloop
  endfacet
  facet normal -0.442297 0.896869 0
    outer loop
      vertex 4.7 9.61769 10.5
      vertex 5.12234 9.82597 9.1
      vertex 4.7 9.61769 9.1
    endloop
  endfacet
  facet normal -0.0654069 0.997859 0
    outer loop
      vertex 6.5 10.1 9.1
      vertex 6.03011 10.0692 10.5
      vertex 6.5 10.1 10.5
    endloop
  endfacet
  facet normal -0.0654069 0.997859 0
    outer loop
      vertex 6.03011 10.0692 10.5
      vertex 6.5 10.1 9.1
      vertex 6.03011 10.0692 9.1
    endloop
  endfacet
  facet normal 0.442297 0.896869 -0
    outer loop
      vertex 8.3 9.61769 9.1
      vertex 7.87766 9.82597 10.5
      vertex 8.3 9.61769 10.5
    endloop
  endfacet
  facet normal 0.442297 0.896869 0
    outer loop
      vertex 7.87766 9.82597 10.5
      vertex 8.3 9.61769 9.1
      vertex 7.87766 9.82597 9.1
    endloop
  endfacet
  facet normal 0.442297 -0.896869 0
    outer loop
      vertex 7.87766 3.17403 9.1
      vertex 8.3 3.38231 10.5
      vertex 7.87766 3.17403 10.5
    endloop
  endfacet
  facet normal 0.442297 -0.896869 0
    outer loop
      vertex 8.3 3.38231 10.5
      vertex 7.87766 3.17403 9.1
      vertex 8.3 3.38231 9.1
    endloop
  endfacet
  facet normal -0.980779 -0.195123 0
    outer loop
      vertex 3.02267 5.56825 9.1
      vertex 3 5.6822 10.5
      vertex 3 5.6822 9.1
    endloop
  endfacet
  facet normal -0.980779 -0.195123 0
    outer loop
      vertex 3 5.6822 10.5
      vertex 3.02267 5.56825 9.1
      vertex 3.02267 5.56825 10.5
    endloop
  endfacet
  facet normal 0.997859 -0.0654069 0
    outer loop
      vertex 10.0692 6.03011 10.5
      vertex 10.1 6.5 9.1
      vertex 10.1 6.5 10.5
    endloop
  endfacet
  facet normal 0.997859 -0.0654069 0
    outer loop
      vertex 10.1 6.5 9.1
      vertex 10.0692 6.03011 10.5
      vertex 10.0692 6.03011 9.1
    endloop
  endfacet
  facet normal -0.555572 -0.831468 0
    outer loop
      vertex 4.30846 3.64393 9.1
      vertex 4.7 3.38231 10.5
      vertex 4.30846 3.64393 10.5
    endloop
  endfacet
  facet normal -0.555572 -0.831468 -0
    outer loop
      vertex 4.7 3.38231 10.5
      vertex 4.30846 3.64393 9.1
      vertex 4.7 3.38231 9.1
    endloop
  endfacet
  facet normal 0.751834 -0.659352 0
    outer loop
      vertex 9.04558 3.95442 10.5
      vertex 9.35607 4.30846 9.1
      vertex 9.35607 4.30846 10.5
    endloop
  endfacet
  facet normal 0.751834 -0.659352 0
    outer loop
      vertex 9.35607 4.30846 9.1
      vertex 9.04558 3.95442 10.5
      vertex 9.04558 3.95442 9.1
    endloop
  endfacet
  facet normal 0.831468 -0.555572 0
    outer loop
      vertex 9.35607 4.30846 10.5
      vertex 9.61769 4.7 9.1
      vertex 9.61769 4.7 10.5
    endloop
  endfacet
  facet normal 0.831468 -0.555572 0
    outer loop
      vertex 9.61769 4.7 9.1
      vertex 9.35607 4.30846 10.5
      vertex 9.35607 4.30846 9.1
    endloop
  endfacet
  facet normal -0.751834 -0.659352 0
    outer loop
      vertex 3.95442 3.95442 9.1
      vertex 3.64393 4.30846 10.5
      vertex 3.64393 4.30846 9.1
    endloop
  endfacet
  facet normal -0.751834 -0.659352 0
    outer loop
      vertex 3.64393 4.30846 10.5
      vertex 3.95442 3.95442 9.1
      vertex 3.95442 3.95442 10.5
    endloop
  endfacet
  facet normal -0.751834 0.659352 0
    outer loop
      vertex 3.64393 8.69154 9.1
      vertex 3.95442 9.04558 10.5
      vertex 3.95442 9.04558 9.1
    endloop
  endfacet
  facet normal -0.751834 0.659352 0
    outer loop
      vertex 3.95442 9.04558 10.5
      vertex 3.64393 8.69154 9.1
      vertex 3.64393 8.69154 10.5
    endloop
  endfacet
  facet normal -0.831468 0.555572 0
    outer loop
      vertex 3.38231 8.3 9.1
      vertex 3.64393 8.69154 10.5
      vertex 3.64393 8.69154 9.1
    endloop
  endfacet
  facet normal -0.831468 0.555572 0
    outer loop
      vertex 3.64393 8.69154 10.5
      vertex 3.38231 8.3 9.1
      vertex 3.38231 8.3 10.5
    endloop
  endfacet
  facet normal -0.659352 -0.751834 0
    outer loop
      vertex 3.95442 3.95442 9.1
      vertex 4.30846 3.64393 10.5
      vertex 3.95442 3.95442 10.5
    endloop
  endfacet
  facet normal -0.659352 -0.751834 -0
    outer loop
      vertex 4.30846 3.64393 10.5
      vertex 3.95442 3.95442 9.1
      vertex 4.30846 3.64393 9.1
    endloop
  endfacet
  facet normal 0.946934 -0.321428 0
    outer loop
      vertex 9.82597 5.12234 10.5
      vertex 9.97733 5.56825 9.1
      vertex 9.97733 5.56825 10.5
    endloop
  endfacet
  facet normal 0.946934 -0.321428 0
    outer loop
      vertex 9.97733 5.56825 9.1
      vertex 9.82597 5.12234 10.5
      vertex 9.82597 5.12234 9.1
    endloop
  endfacet
  facet normal -0.831468 -0.555572 0
    outer loop
      vertex 3.64393 4.30846 9.1
      vertex 3.38231 4.7 10.5
      vertex 3.38231 4.7 9.1
    endloop
  endfacet
  facet normal -0.831468 -0.555572 0
    outer loop
      vertex 3.38231 4.7 10.5
      vertex 3.64393 4.30846 9.1
      vertex 3.64393 4.30846 10.5
    endloop
  endfacet
  facet normal 0.896869 -0.442297 0
    outer loop
      vertex 9.61769 4.7 10.5
      vertex 9.82597 5.12234 9.1
      vertex 9.82597 5.12234 10.5
    endloop
  endfacet
  facet normal 0.896869 -0.442297 0
    outer loop
      vertex 9.82597 5.12234 9.1
      vertex 9.61769 4.7 10.5
      vertex 9.61769 4.7 9.1
    endloop
  endfacet
  facet normal -0.195123 -0.980779 0
    outer loop
      vertex 5.56825 3.02267 9.1
      vertex 5.6822 3 10.5
      vertex 5.56825 3.02267 10.5
    endloop
  endfacet
  facet normal -0.195123 -0.980779 -0
    outer loop
      vertex 5.6822 3 10.5
      vertex 5.56825 3.02267 9.1
      vertex 5.6822 3 9.1
    endloop
  endfacet
  facet normal -0.442297 -0.896869 0
    outer loop
      vertex 4.7 3.38231 9.1
      vertex 5.12234 3.17403 10.5
      vertex 4.7 3.38231 10.5
    endloop
  endfacet
  facet normal -0.442297 -0.896869 -0
    outer loop
      vertex 5.12234 3.17403 10.5
      vertex 4.7 3.38231 9.1
      vertex 5.12234 3.17403 9.1
    endloop
  endfacet
  facet normal 0.195091 0.980785 -0
    outer loop
      vertex 7.43175 9.97733 9.1
      vertex 6.96989 10.0692 10.5
      vertex 7.43175 9.97733 10.5
    endloop
  endfacet
  facet normal 0.195091 0.980785 0
    outer loop
      vertex 6.96989 10.0692 10.5
      vertex 7.43175 9.97733 9.1
      vertex 6.96989 10.0692 9.1
    endloop
  endfacet
  facet normal 0.659352 -0.751834 0
    outer loop
      vertex 8.69154 3.64393 9.1
      vertex 9.04558 3.95442 10.5
      vertex 8.69154 3.64393 10.5
    endloop
  endfacet
  facet normal 0.659352 -0.751834 0
    outer loop
      vertex 9.04558 3.95442 10.5
      vertex 8.69154 3.64393 9.1
      vertex 9.04558 3.95442 9.1
    endloop
  endfacet
  facet normal 0.555572 0.831468 -0
    outer loop
      vertex 8.69154 9.35607 9.1
      vertex 8.3 9.61769 10.5
      vertex 8.69154 9.35607 10.5
    endloop
  endfacet
  facet normal 0.555572 0.831468 0
    outer loop
      vertex 8.3 9.61769 10.5
      vertex 8.69154 9.35607 9.1
      vertex 8.3 9.61769 9.1
    endloop
  endfacet
  facet normal -0.321428 0.946934 0
    outer loop
      vertex 5.56825 9.97733 9.1
      vertex 5.12234 9.82597 10.5
      vertex 5.56825 9.97733 10.5
    endloop
  endfacet
  facet normal -0.321428 0.946934 0
    outer loop
      vertex 5.12234 9.82597 10.5
      vertex 5.56825 9.97733 9.1
      vertex 5.12234 9.82597 9.1
    endloop
  endfacet
  facet normal -0.896869 0.442297 0
    outer loop
      vertex 3.17403 7.87766 9.1
      vertex 3.38231 8.3 10.5
      vertex 3.38231 8.3 9.1
    endloop
  endfacet
  facet normal -0.896869 0.442297 0
    outer loop
      vertex 3.38231 8.3 10.5
      vertex 3.17403 7.87766 9.1
      vertex 3.17403 7.87766 10.5
    endloop
  endfacet
  facet normal -0.980782 0.195106 0
    outer loop
      vertex 3 7.31779 9.1
      vertex 3.02267 7.43175 10.5
      vertex 3.02267 7.43175 9.1
    endloop
  endfacet
  facet normal -0.980782 0.195106 0
    outer loop
      vertex 3.02267 7.43175 10.5
      vertex 3 7.31779 9.1
      vertex 3 7.31779 10.5
    endloop
  endfacet
  facet normal 0.751834 0.659352 0
    outer loop
      vertex 9.35607 8.69154 10.5
      vertex 9.04558 9.04558 9.1
      vertex 9.04558 9.04558 10.5
    endloop
  endfacet
  facet normal 0.751834 0.659352 0
    outer loop
      vertex 9.04558 9.04558 9.1
      vertex 9.35607 8.69154 10.5
      vertex 9.35607 8.69154 9.1
    endloop
  endfacet
  facet normal 0.659352 0.751834 -0
    outer loop
      vertex 9.04558 9.04558 9.1
      vertex 8.69154 9.35607 10.5
      vertex 9.04558 9.04558 10.5
    endloop
  endfacet
  facet normal 0.659352 0.751834 0
    outer loop
      vertex 8.69154 9.35607 10.5
      vertex 9.04558 9.04558 9.1
      vertex 8.69154 9.35607 9.1
    endloop
  endfacet
  facet normal -0.946934 0.321428 0
    outer loop
      vertex 3.02267 7.43175 9.1
      vertex 3.17403 7.87766 10.5
      vertex 3.17403 7.87766 9.1
    endloop
  endfacet
  facet normal -0.946934 0.321428 0
    outer loop
      vertex 3.17403 7.87766 10.5
      vertex 3.02267 7.43175 9.1
      vertex 3.02267 7.43175 10.5
    endloop
  endfacet
  facet normal 0.98078 0.195115 0
    outer loop
      vertex 10.0692 37.9699 10.5
      vertex 9.97733 38.4317 9.1
      vertex 9.97733 38.4317 10.5
    endloop
  endfacet
  facet normal 0.98078 0.195115 0
    outer loop
      vertex 9.97733 38.4317 9.1
      vertex 10.0692 37.9699 10.5
      vertex 10.0692 37.9699 9.1
    endloop
  endfacet
  facet normal 0.997859 0.0654055 0
    outer loop
      vertex 10.1 37.5 10.5
      vertex 10.0692 37.9699 9.1
      vertex 10.0692 37.9699 10.5
    endloop
  endfacet
  facet normal 0.997859 0.0654055 0
    outer loop
      vertex 10.0692 37.9699 9.1
      vertex 10.1 37.5 10.5
      vertex 10.1 37.5 9.1
    endloop
  endfacet
  facet normal 0.946954 0.32137 0
    outer loop
      vertex 9.97733 38.4317 10.5
      vertex 9.82597 38.8777 9.1
      vertex 9.82597 38.8777 10.5
    endloop
  endfacet
  facet normal 0.946954 0.32137 0
    outer loop
      vertex 9.82597 38.8777 9.1
      vertex 9.97733 38.4317 10.5
      vertex 9.97733 38.4317 9.1
    endloop
  endfacet
  facet normal 0.831442 0.555611 0
    outer loop
      vertex 9.61769 39.3 10.5
      vertex 9.35607 39.6915 9.1
      vertex 9.35607 39.6915 10.5
    endloop
  endfacet
  facet normal 0.831442 0.555611 0
    outer loop
      vertex 9.35607 39.6915 9.1
      vertex 9.61769 39.3 10.5
      vertex 9.61769 39.3 9.1
    endloop
  endfacet
  facet normal -0.946954 -0.32137 0
    outer loop
      vertex 3.17403 36.1223 9.1
      vertex 3.02267 36.5683 10.5
      vertex 3.02267 36.5683 9.1
    endloop
  endfacet
  facet normal -0.946954 -0.32137 0
    outer loop
      vertex 3.02267 36.5683 10.5
      vertex 3.17403 36.1223 9.1
      vertex 3.17403 36.1223 10.5
    endloop
  endfacet
  facet normal 0.321314 -0.946973 0
    outer loop
      vertex 7.43175 34.0227 9.1
      vertex 7.87766 34.174 10.5
      vertex 7.43175 34.0227 10.5
    endloop
  endfacet
  facet normal 0.321314 -0.946973 0
    outer loop
      vertex 7.87766 34.174 10.5
      vertex 7.43175 34.0227 9.1
      vertex 7.87766 34.174 9.1
    endloop
  endfacet
  facet normal 0.896852 0.442331 0
    outer loop
      vertex 9.82597 38.8777 10.5
      vertex 9.61769 39.3 9.1
      vertex 9.61769 39.3 10.5
    endloop
  endfacet
  facet normal 0.896852 0.442331 0
    outer loop
      vertex 9.61769 39.3 9.1
      vertex 9.82597 38.8777 10.5
      vertex 9.82597 38.8777 9.1
    endloop
  endfacet
  facet normal -0.555543 0.831488 0
    outer loop
      vertex 4.7 40.6177 9.1
      vertex 4.30846 40.3561 10.5
      vertex 4.7 40.6177 10.5
    endloop
  endfacet
  facet normal -0.555543 0.831488 0
    outer loop
      vertex 4.30846 40.3561 10.5
      vertex 4.7 40.6177 9.1
      vertex 4.30846 40.3561 9.1
    endloop
  endfacet
  facet normal 0.98078 -0.195115 0
    outer loop
      vertex 9.97733 36.5683 10.5
      vertex 10.0692 37.0301 9.1
      vertex 10.0692 37.0301 10.5
    endloop
  endfacet
  facet normal 0.98078 -0.195115 0
    outer loop
      vertex 10.0692 37.0301 9.1
      vertex 9.97733 36.5683 10.5
      vertex 9.97733 36.5683 9.1
    endloop
  endfacet
  facet normal 0 0 -1
    outer loop
      vertex 7.85 37.5 9.1
      vertex 10.1 37.5 9.1
      vertex 10.0692 37.0301 9.1
    endloop
  endfacet
  facet normal 0 0 -1
    outer loop
      vertex 7.83845 37.3238 9.1
      vertex 10.0692 37.0301 9.1
      vertex 9.97733 36.5683 9.1
    endloop
  endfacet
  facet normal 0 0 -1
    outer loop
      vertex 10.1 37.5 9.1
      vertex 7.85 37.5 9.1
      vertex 10.0692 37.9699 9.1
    endloop
  endfacet
  facet normal 0 0 -1
    outer loop
      vertex 7.804 37.1506 9.1
      vertex 9.97733 36.5683 9.1
      vertex 9.82597 36.1223 9.1
    endloop
  endfacet
  facet normal 0 0 -1
    outer loop
      vertex 7.83845 37.6762 9.1
      vertex 10.0692 37.9699 9.1
      vertex 7.85 37.5 9.1
    endloop
  endfacet
  facet normal 0 0 -1
    outer loop
      vertex 7.74724 36.9834 9.1
      vertex 9.82597 36.1223 9.1
      vertex 9.61769 35.7 9.1
    endloop
  endfacet
  facet normal -0 0 -1
    outer loop
      vertex 10.0692 37.9699 9.1
      vertex 7.83845 37.6762 9.1
      vertex 9.97733 38.4317 9.1
    endloop
  endfacet
  facet normal 0 0 -1
    outer loop
      vertex 7.66913 36.825 9.1
      vertex 9.61769 35.7 9.1
      vertex 9.35607 35.3085 9.1
    endloop
  endfacet
  facet normal 0 0 -1
    outer loop
      vertex 7.804 37.8494 9.1
      vertex 9.97733 38.4317 9.1
      vertex 7.83845 37.6762 9.1
    endloop
  endfacet
  facet normal 0 0 -1
    outer loop
      vertex 7.57103 36.6782 9.1
      vertex 9.35607 35.3085 9.1
      vertex 9.04558 34.9544 9.1
    endloop
  endfacet
  facet normal -0 0 -1
    outer loop
      vertex 9.97733 38.4317 9.1
      vertex 7.804 37.8494 9.1
      vertex 9.82597 38.8777 9.1
    endloop
  endfacet
  facet normal 0 0 -1
    outer loop
      vertex 7.45459 36.5454 9.1
      vertex 9.04558 34.9544 9.1
      vertex 8.69154 34.6439 9.1
    endloop
  endfacet
  facet normal 0 0 -1
    outer loop
      vertex 7.74724 38.0166 9.1
      vertex 9.82597 38.8777 9.1
      vertex 7.804 37.8494 9.1
    endloop
  endfacet
  facet normal 0 0 -1
    outer loop
      vertex 7.32183 36.429 9.1
      vertex 8.69154 34.6439 9.1
      vertex 8.3 34.3823 9.1
    endloop
  endfacet
  facet normal -0 0 -1
    outer loop
      vertex 9.82597 38.8777 9.1
      vertex 7.74724 38.0166 9.1
      vertex 9.61769 39.3 9.1
    endloop
  endfacet
  facet normal 0 0 -1
    outer loop
      vertex 7.175 36.3309 9.1
      vertex 8.3 34.3823 9.1
      vertex 7.87766 34.174 9.1
    endloop
  endfacet
  facet normal 0 0 -1
    outer loop
      vertex 7.66913 38.175 9.1
      vertex 9.61769 39.3 9.1
      vertex 7.74724 38.0166 9.1
    endloop
  endfacet
  facet normal -0 0 -1
    outer loop
      vertex 9.61769 39.3 9.1
      vertex 7.66913 38.175 9.1
      vertex 9.35607 39.6915 9.1
    endloop
  endfacet
  facet normal 0 0 -1
    outer loop
      vertex 10.0692 37.0301 9.1
      vertex 7.83845 37.3238 9.1
      vertex 7.85 37.5 9.1
    endloop
  endfacet
  facet normal 0 0 -1
    outer loop
      vertex 9.97733 36.5683 9.1
      vertex 7.804 37.1506 9.1
      vertex 7.83845 37.3238 9.1
    endloop
  endfacet
  facet normal 0 0 -1
    outer loop
      vertex 9.82597 36.1223 9.1
      vertex 7.74724 36.9834 9.1
      vertex 7.804 37.1506 9.1
    endloop
  endfacet
  facet normal 0 0 -1
    outer loop
      vertex 9.61769 35.7 9.1
      vertex 7.66913 36.825 9.1
      vertex 7.74724 36.9834 9.1
    endloop
  endfacet
  facet normal 0 0 -1
    outer loop
      vertex 9.35607 35.3085 9.1
      vertex 7.57103 36.6782 9.1
      vertex 7.66913 36.825 9.1
    endloop
  endfacet
  facet normal 0 0 -1
    outer loop
      vertex 9.04558 34.9544 9.1
      vertex 7.45459 36.5454 9.1
      vertex 7.57103 36.6782 9.1
    endloop
  endfacet
  facet normal 0 0 -1
    outer loop
      vertex 7.01662 36.2528 9.1
      vertex 7.87766 34.174 9.1
      vertex 7.43175 34.0227 9.1
    endloop
  endfacet
  facet normal 0 0 -1
    outer loop
      vertex 8.69154 34.6439 9.1
      vertex 7.32183 36.429 9.1
      vertex 7.45459 36.5454 9.1
    endloop
  endfacet
  facet normal 0 0 -1
    outer loop
      vertex 8.3 34.3823 9.1
      vertex 7.175 36.3309 9.1
      vertex 7.32183 36.429 9.1
    endloop
  endfacet
  facet normal 0 0 -1
    outer loop
      vertex 7.87766 34.174 9.1
      vertex 7.01662 36.2528 9.1
      vertex 7.175 36.3309 9.1
    endloop
  endfacet
  facet normal 0 0 -1
    outer loop
      vertex 6.84941 36.196 9.1
      vertex 7.43175 34.0227 9.1
      vertex 6.96989 33.9308 9.1
    endloop
  endfacet
  facet normal 0 0 -1
    outer loop
      vertex 7.43175 34.0227 9.1
      vertex 6.84941 36.196 9.1
      vertex 7.01662 36.2528 9.1
    endloop
  endfacet
  facet normal 0 0 -1
    outer loop
      vertex 6.96989 33.9308 9.1
      vertex 6.67621 36.1615 9.1
      vertex 6.84941 36.196 9.1
    endloop
  endfacet
  facet normal 0 0 -1
    outer loop
      vertex 6.5 33.9 9.1
      vertex 6.67621 36.1615 9.1
      vertex 6.96989 33.9308 9.1
    endloop
  endfacet
  facet normal 0 0 -1
    outer loop
      vertex 6.5 33.9 9.1
      vertex 6.5 36.15 9.1
      vertex 6.67621 36.1615 9.1
    endloop
  endfacet
  facet normal 0 0 -1
    outer loop
      vertex 6.5 33.9 9.1
      vertex 6.32379 36.1615 9.1
      vertex 6.5 36.15 9.1
    endloop
  endfacet
  facet normal 0 0 -1
    outer loop
      vertex 6.03011 33.9308 9.1
      vertex 6.32379 36.1615 9.1
      vertex 6.5 33.9 9.1
    endloop
  endfacet
  facet normal -0 0 -1
    outer loop
      vertex 6.32379 36.1615 9.1
      vertex 6.03011 33.9308 9.1
      vertex 6.15059 36.196 9.1
    endloop
  endfacet
  facet normal 0 0 -1
    outer loop
      vertex 5.56825 34.0227 9.1
      vertex 6.15059 36.196 9.1
      vertex 6.03011 33.9308 9.1
    endloop
  endfacet
  facet normal -0 0 -1
    outer loop
      vertex 6.15059 36.196 9.1
      vertex 5.56825 34.0227 9.1
      vertex 5.98338 36.2528 9.1
    endloop
  endfacet
  facet normal 0 0 -1
    outer loop
      vertex 5.12234 34.174 9.1
      vertex 5.98338 36.2528 9.1
      vertex 5.56825 34.0227 9.1
    endloop
  endfacet
  facet normal -0 0 -1
    outer loop
      vertex 5.98338 36.2528 9.1
      vertex 5.12234 34.174 9.1
      vertex 5.825 36.3309 9.1
    endloop
  endfacet
  facet normal 0 0 -1
    outer loop
      vertex 4.7 34.3823 9.1
      vertex 5.825 36.3309 9.1
      vertex 5.12234 34.174 9.1
    endloop
  endfacet
  facet normal -0 0 -1
    outer loop
      vertex 5.825 36.3309 9.1
      vertex 4.7 34.3823 9.1
      vertex 5.67817 36.429 9.1
    endloop
  endfacet
  facet normal 0 0 -1
    outer loop
      vertex 4.30846 34.6439 9.1
      vertex 5.67817 36.429 9.1
      vertex 4.7 34.3823 9.1
    endloop
  endfacet
  facet normal -0 0 -1
    outer loop
      vertex 5.67817 36.429 9.1
      vertex 4.30846 34.6439 9.1
      vertex 5.54541 36.5454 9.1
    endloop
  endfacet
  facet normal 0 0 -1
    outer loop
      vertex 3.95442 34.9544 9.1
      vertex 5.54541 36.5454 9.1
      vertex 4.30846 34.6439 9.1
    endloop
  endfacet
  facet normal -0 0 -1
    outer loop
      vertex 5.54541 36.5454 9.1
      vertex 3.95442 34.9544 9.1
      vertex 5.42897 36.6782 9.1
    endloop
  endfacet
  facet normal -0 0 -1
    outer loop
      vertex 5.42897 36.6782 9.1
      vertex 3.64393 35.3085 9.1
      vertex 5.33086 36.825 9.1
    endloop
  endfacet
  facet normal 0 0 -1
    outer loop
      vertex 3.64393 35.3085 9.1
      vertex 5.42897 36.6782 9.1
      vertex 3.95442 34.9544 9.1
    endloop
  endfacet
  facet normal 0 0 -1
    outer loop
      vertex 7.57103 38.3218 9.1
      vertex 9.35607 39.6915 9.1
      vertex 7.66913 38.175 9.1
    endloop
  endfacet
  facet normal -0 0 -1
    outer loop
      vertex 9.35607 39.6915 9.1
      vertex 7.57103 38.3218 9.1
      vertex 9.04558 40.0456 9.1
    endloop
  endfacet
  facet normal 0 0 -1
    outer loop
      vertex 7.45459 38.4546 9.1
      vertex 9.04558 40.0456 9.1
      vertex 7.57103 38.3218 9.1
    endloop
  endfacet
  facet normal -0 0 -1
    outer loop
      vertex 9.04558 40.0456 9.1
      vertex 7.45459 38.4546 9.1
      vertex 8.69154 40.3561 9.1
    endloop
  endfacet
  facet normal 0 0 -1
    outer loop
      vertex 7.32183 38.571 9.1
      vertex 8.69154 40.3561 9.1
      vertex 7.45459 38.4546 9.1
    endloop
  endfacet
  facet normal -0 0 -1
    outer loop
      vertex 8.69154 40.3561 9.1
      vertex 7.32183 38.571 9.1
      vertex 8.3 40.6177 9.1
    endloop
  endfacet
  facet normal 0 0 -1
    outer loop
      vertex 7.175 38.6691 9.1
      vertex 8.3 40.6177 9.1
      vertex 7.32183 38.571 9.1
    endloop
  endfacet
  facet normal -0 0 -1
    outer loop
      vertex 8.3 40.6177 9.1
      vertex 7.175 38.6691 9.1
      vertex 7.87766 40.826 9.1
    endloop
  endfacet
  facet normal 0 0 -1
    outer loop
      vertex 7.01662 38.7472 9.1
      vertex 7.87766 40.826 9.1
      vertex 7.175 38.6691 9.1
    endloop
  endfacet
  facet normal -0 0 -1
    outer loop
      vertex 7.87766 40.826 9.1
      vertex 7.01662 38.7472 9.1
      vertex 7.43175 40.9773 9.1
    endloop
  endfacet
  facet normal 0 0 -1
    outer loop
      vertex 6.84941 38.804 9.1
      vertex 7.43175 40.9773 9.1
      vertex 7.01662 38.7472 9.1
    endloop
  endfacet
  facet normal -0 0 -1
    outer loop
      vertex 7.43175 40.9773 9.1
      vertex 6.84941 38.804 9.1
      vertex 7.31779 41 9.1
    endloop
  endfacet
  facet normal 0 0 -1
    outer loop
      vertex 6.67621 38.8385 9.1
      vertex 7.31779 41 9.1
      vertex 6.84941 38.804 9.1
    endloop
  endfacet
  facet normal 0 0 -1
    outer loop
      vertex 6.5 38.85 9.1
      vertex 7.31779 41 9.1
      vertex 6.67621 38.8385 9.1
    endloop
  endfacet
  facet normal 0 0 -1
    outer loop
      vertex 5.68221 41 9.1
      vertex 6.5 38.85 9.1
      vertex 6.32379 38.8385 9.1
    endloop
  endfacet
  facet normal 0 0 -1
    outer loop
      vertex 5.68221 41 9.1
      vertex 6.32379 38.8385 9.1
      vertex 6.15059 38.804 9.1
    endloop
  endfacet
  facet normal 0 0 -1
    outer loop
      vertex 5.56825 40.9773 9.1
      vertex 6.15059 38.804 9.1
      vertex 5.98338 38.7472 9.1
    endloop
  endfacet
  facet normal 0 0 -1
    outer loop
      vertex 5.12234 40.826 9.1
      vertex 5.98338 38.7472 9.1
      vertex 5.825 38.6691 9.1
    endloop
  endfacet
  facet normal 0 0 -1
    outer loop
      vertex 6.5 38.85 9.1
      vertex 5.68221 41 9.1
      vertex 7.31779 41 9.1
    endloop
  endfacet
  facet normal 0 0 -1
    outer loop
      vertex 4.7 40.6177 9.1
      vertex 5.825 38.6691 9.1
      vertex 5.67817 38.571 9.1
    endloop
  endfacet
  facet normal 0 0 -1
    outer loop
      vertex 6.15059 38.804 9.1
      vertex 5.56825 40.9773 9.1
      vertex 5.68221 41 9.1
    endloop
  endfacet
  facet normal 0 0 -1
    outer loop
      vertex 4.30846 40.3561 9.1
      vertex 5.67817 38.571 9.1
      vertex 5.54541 38.4546 9.1
    endloop
  endfacet
  facet normal 0 0 -1
    outer loop
      vertex 3.95442 40.0456 9.1
      vertex 5.54541 38.4546 9.1
      vertex 5.42897 38.3218 9.1
    endloop
  endfacet
  facet normal 0 0 -1
    outer loop
      vertex 3.64393 39.6915 9.1
      vertex 5.42897 38.3218 9.1
      vertex 5.33086 38.175 9.1
    endloop
  endfacet
  facet normal 0 0 -1
    outer loop
      vertex 3.38231 39.3 9.1
      vertex 5.33086 38.175 9.1
      vertex 5.25276 38.0166 9.1
    endloop
  endfacet
  facet normal 0 0 -1
    outer loop
      vertex 3.17403 38.8777 9.1
      vertex 5.25276 38.0166 9.1
      vertex 5.196 37.8494 9.1
    endloop
  endfacet
  facet normal 0 0 -1
    outer loop
      vertex 3 38.3178 9.1
      vertex 5.196 37.8494 9.1
      vertex 5.16155 37.6762 9.1
    endloop
  endfacet
  facet normal 0 0 -1
    outer loop
      vertex 5.98338 38.7472 9.1
      vertex 5.12234 40.826 9.1
      vertex 5.56825 40.9773 9.1
    endloop
  endfacet
  facet normal 0 0 -1
    outer loop
      vertex 3 38.3178 9.1
      vertex 5.16155 37.6762 9.1
      vertex 5.15 37.5 9.1
    endloop
  endfacet
  facet normal 0 0 -1
    outer loop
      vertex 3.38231 35.7 9.1
      vertex 5.33086 36.825 9.1
      vertex 3.64393 35.3085 9.1
    endloop
  endfacet
  facet normal -0 0 -1
    outer loop
      vertex 5.33086 36.825 9.1
      vertex 3.38231 35.7 9.1
      vertex 5.25276 36.9834 9.1
    endloop
  endfacet
  facet normal 0 0 -1
    outer loop
      vertex 5.825 38.6691 9.1
      vertex 4.7 40.6177 9.1
      vertex 5.12234 40.826 9.1
    endloop
  endfacet
  facet normal 0 0 -1
    outer loop
      vertex 3.17403 36.1223 9.1
      vertex 5.25276 36.9834 9.1
      vertex 3.38231 35.7 9.1
    endloop
  endfacet
  facet normal 0 0 -1
    outer loop
      vertex 5.67817 38.571 9.1
      vertex 4.30846 40.3561 9.1
      vertex 4.7 40.6177 9.1
    endloop
  endfacet
  facet normal -0 0 -1
    outer loop
      vertex 5.25276 36.9834 9.1
      vertex 3.17403 36.1223 9.1
      vertex 5.196 37.1506 9.1
    endloop
  endfacet
  facet normal 0 0 -1
    outer loop
      vertex 5.54541 38.4546 9.1
      vertex 3.95442 40.0456 9.1
      vertex 4.30846 40.3561 9.1
    endloop
  endfacet
  facet normal 0 0 -1
    outer loop
      vertex 3.02267 36.5683 9.1
      vertex 5.196 37.1506 9.1
      vertex 3.17403 36.1223 9.1
    endloop
  endfacet
  facet normal 0 0 -1
    outer loop
      vertex 5.42897 38.3218 9.1
      vertex 3.64393 39.6915 9.1
      vertex 3.95442 40.0456 9.1
    endloop
  endfacet
  facet normal 0 0 -1
    outer loop
      vertex 3 36.6822 9.1
      vertex 5.196 37.1506 9.1
      vertex 3.02267 36.5683 9.1
    endloop
  endfacet
  facet normal 0 0 -1
    outer loop
      vertex 5.33086 38.175 9.1
      vertex 3.38231 39.3 9.1
      vertex 3.64393 39.6915 9.1
    endloop
  endfacet
  facet normal -0 0 -1
    outer loop
      vertex 5.196 37.1506 9.1
      vertex 3 36.6822 9.1
      vertex 5.16155 37.3238 9.1
    endloop
  endfacet
  facet normal 0 0 -1
    outer loop
      vertex 3 38.3178 9.1
      vertex 5.15 37.5 9.1
      vertex 3 36.6822 9.1
    endloop
  endfacet
  facet normal -0 0 -1
    outer loop
      vertex 5.16155 37.3238 9.1
      vertex 3 36.6822 9.1
      vertex 5.15 37.5 9.1
    endloop
  endfacet
  facet normal 0 0 -1
    outer loop
      vertex 5.196 37.8494 9.1
      vertex 3 38.3178 9.1
      vertex 3.02267 38.4317 9.1
    endloop
  endfacet
  facet normal 0 0 -1
    outer loop
      vertex 5.25276 38.0166 9.1
      vertex 3.17403 38.8777 9.1
      vertex 3.38231 39.3 9.1
    endloop
  endfacet
  facet normal 0 0 -1
    outer loop
      vertex 5.196 37.8494 9.1
      vertex 3.02267 38.4317 9.1
      vertex 3.17403 38.8777 9.1
    endloop
  endfacet
  facet normal 0.321314 0.946973 -0
    outer loop
      vertex 7.87766 40.826 9.1
      vertex 7.43175 40.9773 10.5
      vertex 7.87766 40.826 10.5
    endloop
  endfacet
  facet normal 0.321314 0.946973 0
    outer loop
      vertex 7.43175 40.9773 10.5
      vertex 7.87766 40.826 9.1
      vertex 7.43175 40.9773 9.1
    endloop
  endfacet
  facet normal -0.659364 0.751824 0
    outer loop
      vertex 4.30846 40.3561 9.1
      vertex 3.95442 40.0456 10.5
      vertex 4.30846 40.3561 10.5
    endloop
  endfacet
  facet normal -0.659364 0.751824 0
    outer loop
      vertex 3.95442 40.0456 10.5
      vertex 4.30846 40.3561 9.1
      vertex 3.95442 40.0456 9.1
    endloop
  endfacet
  facet normal 0.555543 -0.831488 0
    outer loop
      vertex 8.3 34.3823 9.1
      vertex 8.69154 34.6439 10.5
      vertex 8.3 34.3823 10.5
    endloop
  endfacet
  facet normal 0.555543 -0.831488 0
    outer loop
      vertex 8.69154 34.6439 10.5
      vertex 8.3 34.3823 9.1
      vertex 8.69154 34.6439 9.1
    endloop
  endfacet
  facet normal -0.195355 0.980733 0
    outer loop
      vertex 5.68221 41 9.1
      vertex 5.56825 40.9773 10.5
      vertex 5.68221 41 10.5
    endloop
  endfacet
  facet normal -0.195355 0.980733 0
    outer loop
      vertex 5.56825 40.9773 10.5
      vertex 5.68221 41 9.1
      vertex 5.56825 40.9773 9.1
    endloop
  endfacet
  facet normal -0.896852 -0.442331 0
    outer loop
      vertex 3.38231 35.7 9.1
      vertex 3.17403 36.1223 10.5
      vertex 3.17403 36.1223 9.1
    endloop
  endfacet
  facet normal -0.896852 -0.442331 0
    outer loop
      vertex 3.17403 36.1223 10.5
      vertex 3.38231 35.7 9.1
      vertex 3.38231 35.7 10.5
    endloop
  endfacet
  facet normal -0.321314 -0.946973 0
    outer loop
      vertex 5.12234 34.174 9.1
      vertex 5.56825 34.0227 10.5
      vertex 5.12234 34.174 10.5
    endloop
  endfacet
  facet normal -0.321314 -0.946973 -0
    outer loop
      vertex 5.56825 34.0227 10.5
      vertex 5.12234 34.174 9.1
      vertex 5.56825 34.0227 9.1
    endloop
  endfacet
  facet normal 0.195152 -0.980773 0
    outer loop
      vertex 6.96989 33.9308 9.1
      vertex 7.43175 34.0227 10.5
      vertex 6.96989 33.9308 10.5
    endloop
  endfacet
  facet normal 0.195152 -0.980773 0
    outer loop
      vertex 7.43175 34.0227 10.5
      vertex 6.96989 33.9308 9.1
      vertex 7.43175 34.0227 9.1
    endloop
  endfacet
  facet normal -0.442331 0.896852 0
    outer loop
      vertex 5.12234 40.826 9.1
      vertex 4.7 40.6177 10.5
      vertex 5.12234 40.826 10.5
    endloop
  endfacet
  facet normal -0.442331 0.896852 0
    outer loop
      vertex 4.7 40.6177 10.5
      vertex 5.12234 40.826 9.1
      vertex 4.7 40.6177 9.1
    endloop
  endfacet
  facet normal 0.442331 0.896852 -0
    outer loop
      vertex 8.3 40.6177 9.1
      vertex 7.87766 40.826 10.5
      vertex 8.3 40.6177 10.5
    endloop
  endfacet
  facet normal 0.442331 0.896852 0
    outer loop
      vertex 7.87766 40.826 10.5
      vertex 8.3 40.6177 9.1
      vertex 7.87766 40.826 9.1
    endloop
  endfacet
  facet normal 0.442331 -0.896852 0
    outer loop
      vertex 7.87766 34.174 9.1
      vertex 8.3 34.3823 10.5
      vertex 7.87766 34.174 10.5
    endloop
  endfacet
  facet normal 0.442331 -0.896852 0
    outer loop
      vertex 8.3 34.3823 10.5
      vertex 7.87766 34.174 9.1
      vertex 8.3 34.3823 9.1
    endloop
  endfacet
  facet normal -0.980762 -0.195205 0
    outer loop
      vertex 3.02267 36.5683 9.1
      vertex 3 36.6822 10.5
      vertex 3 36.6822 9.1
    endloop
  endfacet
  facet normal -0.980762 -0.195205 0
    outer loop
      vertex 3 36.6822 10.5
      vertex 3.02267 36.5683 9.1
      vertex 3.02267 36.5683 10.5
    endloop
  endfacet
  facet normal 0.997859 -0.0654055 0
    outer loop
      vertex 10.0692 37.0301 10.5
      vertex 10.1 37.5 9.1
      vertex 10.1 37.5 10.5
    endloop
  endfacet
  facet normal 0.997859 -0.0654055 0
    outer loop
      vertex 10.1 37.5 9.1
      vertex 10.0692 37.0301 10.5
      vertex 10.0692 37.0301 9.1
    endloop
  endfacet
  facet normal -0.555543 -0.831488 0
    outer loop
      vertex 4.30846 34.6439 9.1
      vertex 4.7 34.3823 10.5
      vertex 4.30846 34.6439 10.5
    endloop
  endfacet
  facet normal -0.555543 -0.831488 -0
    outer loop
      vertex 4.7 34.3823 10.5
      vertex 4.30846 34.6439 9.1
      vertex 4.7 34.3823 9.1
    endloop
  endfacet
  facet normal 0.75189 -0.659289 0
    outer loop
      vertex 9.04558 34.9544 10.5
      vertex 9.35607 35.3085 9.1
      vertex 9.35607 35.3085 10.5
    endloop
  endfacet
  facet normal 0.75189 -0.659289 0
    outer loop
      vertex 9.35607 35.3085 9.1
      vertex 9.04558 34.9544 10.5
      vertex 9.04558 34.9544 9.1
    endloop
  endfacet
  facet normal 0.831442 -0.555611 0
    outer loop
      vertex 9.35607 35.3085 10.5
      vertex 9.61769 35.7 9.1
      vertex 9.61769 35.7 10.5
    endloop
  endfacet
  facet normal 0.831442 -0.555611 0
    outer loop
      vertex 9.61769 35.7 9.1
      vertex 9.35607 35.3085 10.5
      vertex 9.35607 35.3085 9.1
    endloop
  endfacet
  facet normal -0.75189 -0.659289 0
    outer loop
      vertex 3.95442 34.9544 9.1
      vertex 3.64393 35.3085 10.5
      vertex 3.64393 35.3085 9.1
    endloop
  endfacet
  facet normal -0.75189 -0.659289 0
    outer loop
      vertex 3.64393 35.3085 10.5
      vertex 3.95442 34.9544 9.1
      vertex 3.95442 34.9544 10.5
    endloop
  endfacet
  facet normal -0.75189 0.659289 0
    outer loop
      vertex 3.64393 39.6915 9.1
      vertex 3.95442 40.0456 10.5
      vertex 3.95442 40.0456 9.1
    endloop
  endfacet
  facet normal -0.75189 0.659289 0
    outer loop
      vertex 3.95442 40.0456 10.5
      vertex 3.64393 39.6915 9.1
      vertex 3.64393 39.6915 10.5
    endloop
  endfacet
  facet normal 0.946954 -0.32137 0
    outer loop
      vertex 9.82597 36.1223 10.5
      vertex 9.97733 36.5683 9.1
      vertex 9.97733 36.5683 10.5
    endloop
  endfacet
  facet normal 0.946954 -0.32137 0
    outer loop
      vertex 9.97733 36.5683 9.1
      vertex 9.82597 36.1223 10.5
      vertex 9.82597 36.1223 9.1
    endloop
  endfacet
  facet normal -0.831442 -0.555611 0
    outer loop
      vertex 3.64393 35.3085 9.1
      vertex 3.38231 35.7 10.5
      vertex 3.38231 35.7 9.1
    endloop
  endfacet
  facet normal -0.831442 -0.555611 0
    outer loop
      vertex 3.38231 35.7 10.5
      vertex 3.64393 35.3085 9.1
      vertex 3.64393 35.3085 10.5
    endloop
  endfacet
  facet normal 0.896852 -0.442331 0
    outer loop
      vertex 9.61769 35.7 10.5
      vertex 9.82597 36.1223 9.1
      vertex 9.82597 36.1223 10.5
    endloop
  endfacet
  facet normal 0.896852 -0.442331 0
    outer loop
      vertex 9.82597 36.1223 9.1
      vertex 9.61769 35.7 10.5
      vertex 9.61769 35.7 9.1
    endloop
  endfacet
  facet normal -0.195152 -0.980773 0
    outer loop
      vertex 5.56825 34.0227 9.1
      vertex 6.03011 33.9308 10.5
      vertex 5.56825 34.0227 10.5
    endloop
  endfacet
  facet normal -0.195152 -0.980773 -0
    outer loop
      vertex 6.03011 33.9308 10.5
      vertex 5.56825 34.0227 9.1
      vertex 6.03011 33.9308 9.1
    endloop
  endfacet
  facet normal 0.0654069 -0.997859 0
    outer loop
      vertex 6.5 33.9 9.1
      vertex 6.96989 33.9308 10.5
      vertex 6.5 33.9 10.5
    endloop
  endfacet
  facet normal 0.0654069 -0.997859 0
    outer loop
      vertex 6.96989 33.9308 10.5
      vertex 6.5 33.9 9.1
      vertex 6.96989 33.9308 9.1
    endloop
  endfacet
  facet normal -0.442331 -0.896852 0
    outer loop
      vertex 4.7 34.3823 9.1
      vertex 5.12234 34.174 10.5
      vertex 4.7 34.3823 10.5
    endloop
  endfacet
  facet normal -0.442331 -0.896852 -0
    outer loop
      vertex 5.12234 34.174 10.5
      vertex 4.7 34.3823 9.1
      vertex 5.12234 34.174 9.1
    endloop
  endfacet
  facet normal 0.195355 0.980733 -0
    outer loop
      vertex 7.43175 40.9773 9.1
      vertex 7.31779 41 10.5
      vertex 7.43175 40.9773 10.5
    endloop
  endfacet
  facet normal 0.195355 0.980733 0
    outer loop
      vertex 7.31779 41 10.5
      vertex 7.43175 40.9773 9.1
      vertex 7.31779 41 9.1
    endloop
  endfacet
  facet normal 0.659364 -0.751824 0
    outer loop
      vertex 8.69154 34.6439 9.1
      vertex 9.04558 34.9544 10.5
      vertex 8.69154 34.6439 10.5
    endloop
  endfacet
  facet normal 0.659364 -0.751824 0
    outer loop
      vertex 9.04558 34.9544 10.5
      vertex 8.69154 34.6439 9.1
      vertex 9.04558 34.9544 9.1
    endloop
  endfacet
  facet normal 0.555543 0.831488 -0
    outer loop
      vertex 8.69154 40.3561 9.1
      vertex 8.3 40.6177 10.5
      vertex 8.69154 40.3561 10.5
    endloop
  endfacet
  facet normal 0.555543 0.831488 0
    outer loop
      vertex 8.3 40.6177 10.5
      vertex 8.69154 40.3561 9.1
      vertex 8.3 40.6177 9.1
    endloop
  endfacet
  facet normal -0.321314 0.946973 0
    outer loop
      vertex 5.56825 40.9773 9.1
      vertex 5.12234 40.826 10.5
      vertex 5.56825 40.9773 10.5
    endloop
  endfacet
  facet normal -0.321314 0.946973 0
    outer loop
      vertex 5.12234 40.826 10.5
      vertex 5.56825 40.9773 9.1
      vertex 5.12234 40.826 9.1
    endloop
  endfacet
  facet normal -0.0654069 -0.997859 0
    outer loop
      vertex 6.03011 33.9308 9.1
      vertex 6.5 33.9 10.5
      vertex 6.03011 33.9308 10.5
    endloop
  endfacet
  facet normal -0.0654069 -0.997859 -0
    outer loop
      vertex 6.5 33.9 10.5
      vertex 6.03011 33.9308 9.1
      vertex 6.5 33.9 9.1
    endloop
  endfacet
  facet normal -0.896852 0.442331 0
    outer loop
      vertex 3.17403 38.8777 9.1
      vertex 3.38231 39.3 10.5
      vertex 3.38231 39.3 9.1
    endloop
  endfacet
  facet normal -0.896852 0.442331 0
    outer loop
      vertex 3.38231 39.3 10.5
      vertex 3.17403 38.8777 9.1
      vertex 3.17403 38.8777 10.5
    endloop
  endfacet
  facet normal -0.980762 0.195205 0
    outer loop
      vertex 3 38.3178 9.1
      vertex 3.02267 38.4317 10.5
      vertex 3.02267 38.4317 9.1
    endloop
  endfacet
  facet normal -0.980762 0.195205 0
    outer loop
      vertex 3.02267 38.4317 10.5
      vertex 3 38.3178 9.1
      vertex 3 38.3178 10.5
    endloop
  endfacet
  facet normal 0.75189 0.659289 0
    outer loop
      vertex 9.35607 39.6915 10.5
      vertex 9.04558 40.0456 9.1
      vertex 9.04558 40.0456 10.5
    endloop
  endfacet
  facet normal 0.75189 0.659289 0
    outer loop
      vertex 9.04558 40.0456 9.1
      vertex 9.35607 39.6915 10.5
      vertex 9.35607 39.6915 9.1
    endloop
  endfacet
  facet normal -0.659364 -0.751824 0
    outer loop
      vertex 3.95442 34.9544 9.1
      vertex 4.30846 34.6439 10.5
      vertex 3.95442 34.9544 10.5
    endloop
  endfacet
  facet normal -0.659364 -0.751824 -0
    outer loop
      vertex 4.30846 34.6439 10.5
      vertex 3.95442 34.9544 9.1
      vertex 4.30846 34.6439 9.1
    endloop
  endfacet
  facet normal 0.659364 0.751824 -0
    outer loop
      vertex 9.04558 40.0456 9.1
      vertex 8.69154 40.3561 10.5
      vertex 9.04558 40.0456 10.5
    endloop
  endfacet
  facet normal 0.659364 0.751824 0
    outer loop
      vertex 8.69154 40.3561 10.5
      vertex 9.04558 40.0456 9.1
      vertex 8.69154 40.3561 9.1
    endloop
  endfacet
  facet normal -0.946954 0.32137 0
    outer loop
      vertex 3.02267 38.4317 9.1
      vertex 3.17403 38.8777 10.5
      vertex 3.17403 38.8777 9.1
    endloop
  endfacet
  facet normal -0.946954 0.32137 0
    outer loop
      vertex 3.17403 38.8777 10.5
      vertex 3.02267 38.4317 9.1
      vertex 3.02267 38.4317 10.5
    endloop
  endfacet
  facet normal -0.831442 0.555611 0
    outer loop
      vertex 3.38231 39.3 9.1
      vertex 3.64393 39.6915 10.5
      vertex 3.64393 39.6915 9.1
    endloop
  endfacet
  facet normal -0.831442 0.555611 0
    outer loop
      vertex 3.64393 39.6915 10.5
      vertex 3.38231 39.3 9.1
      vertex 3.38231 39.3 10.5
    endloop
  endfacet
  facet normal 0.980733 0.195355 0
    outer loop
      vertex 85 7.31779 10.5
      vertex 84.9773 7.43175 9.1
      vertex 84.9773 7.43175 10.5
    endloop
  endfacet
  facet normal 0.980733 0.195355 0
    outer loop
      vertex 84.9773 7.43175 9.1
      vertex 85 7.31779 10.5
      vertex 85 7.31779 9.1
    endloop
  endfacet
  facet normal 0.946973 0.321314 0
    outer loop
      vertex 84.9773 7.43175 10.5
      vertex 84.826 7.87766 9.1
      vertex 84.826 7.87766 10.5
    endloop
  endfacet
  facet normal 0.946973 0.321314 0
    outer loop
      vertex 84.826 7.87766 9.1
      vertex 84.9773 7.43175 10.5
      vertex 84.9773 7.43175 9.1
    endloop
  endfacet
  facet normal 0.831488 0.555543 0
    outer loop
      vertex 84.6177 8.3 10.5
      vertex 84.3561 8.69154 9.1
      vertex 84.3561 8.69154 10.5
    endloop
  endfacet
  facet normal 0.831488 0.555543 0
    outer loop
      vertex 84.3561 8.69154 9.1
      vertex 84.6177 8.3 10.5
      vertex 84.6177 8.3 9.1
    endloop
  endfacet
  facet normal -0.946973 -0.321314 0
    outer loop
      vertex 78.174 5.12234 9.1
      vertex 78.0227 5.56825 10.5
      vertex 78.0227 5.56825 9.1
    endloop
  endfacet
  facet normal -0.946973 -0.321314 0
    outer loop
      vertex 78.0227 5.56825 10.5
      vertex 78.174 5.12234 9.1
      vertex 78.174 5.12234 10.5
    endloop
  endfacet
  facet normal 0.32137 -0.946954 0
    outer loop
      vertex 82.4317 3.02267 9.1
      vertex 82.8777 3.17403 10.5
      vertex 82.4317 3.02267 10.5
    endloop
  endfacet
  facet normal 0.32137 -0.946954 0
    outer loop
      vertex 82.8777 3.17403 10.5
      vertex 82.4317 3.02267 9.1
      vertex 82.8777 3.17403 9.1
    endloop
  endfacet
  facet normal 0.896852 0.442331 0
    outer loop
      vertex 84.826 7.87766 10.5
      vertex 84.6177 8.3 9.1
      vertex 84.6177 8.3 10.5
    endloop
  endfacet
  facet normal 0.896852 0.442331 0
    outer loop
      vertex 84.6177 8.3 9.1
      vertex 84.826 7.87766 10.5
      vertex 84.826 7.87766 9.1
    endloop
  endfacet
  facet normal -0.555611 0.831442 0
    outer loop
      vertex 79.7 9.61769 9.1
      vertex 79.3085 9.35607 10.5
      vertex 79.7 9.61769 10.5
    endloop
  endfacet
  facet normal -0.555611 0.831442 0
    outer loop
      vertex 79.3085 9.35607 10.5
      vertex 79.7 9.61769 9.1
      vertex 79.3085 9.35607 9.1
    endloop
  endfacet
  facet normal 0.980733 -0.195355 0
    outer loop
      vertex 84.9773 5.56825 10.5
      vertex 85 5.68221 9.1
      vertex 85 5.68221 10.5
    endloop
  endfacet
  facet normal 0.980733 -0.195355 0
    outer loop
      vertex 85 5.68221 9.1
      vertex 84.9773 5.56825 10.5
      vertex 84.9773 5.56825 9.1
    endloop
  endfacet
  facet normal 0 0 -1
    outer loop
      vertex 82.804 6.15059 9.1
      vertex 85 5.68221 9.1
      vertex 84.9773 5.56825 9.1
    endloop
  endfacet
  facet normal 0 0 -1
    outer loop
      vertex 85 5.68221 9.1
      vertex 82.85 6.5 9.1
      vertex 85 7.31779 9.1
    endloop
  endfacet
  facet normal 0 0 -1
    outer loop
      vertex 82.804 6.15059 9.1
      vertex 84.9773 5.56825 9.1
      vertex 84.826 5.12234 9.1
    endloop
  endfacet
  facet normal 0 0 -1
    outer loop
      vertex 82.8384 6.67621 9.1
      vertex 85 7.31779 9.1
      vertex 82.85 6.5 9.1
    endloop
  endfacet
  facet normal 0 0 -1
    outer loop
      vertex 82.7472 5.98338 9.1
      vertex 84.826 5.12234 9.1
      vertex 84.6177 4.7 9.1
    endloop
  endfacet
  facet normal 0 0 -1
    outer loop
      vertex 82.804 6.84941 9.1
      vertex 85 7.31779 9.1
      vertex 82.8384 6.67621 9.1
    endloop
  endfacet
  facet normal 0 0 -1
    outer loop
      vertex 82.6691 5.825 9.1
      vertex 84.6177 4.7 9.1
      vertex 84.3561 4.30846 9.1
    endloop
  endfacet
  facet normal -0 0 -1
    outer loop
      vertex 85 7.31779 9.1
      vertex 82.804 6.84941 9.1
      vertex 84.9773 7.43175 9.1
    endloop
  endfacet
  facet normal 0 0 -1
    outer loop
      vertex 82.571 5.67817 9.1
      vertex 84.3561 4.30846 9.1
      vertex 84.0456 3.95442 9.1
    endloop
  endfacet
  facet normal -0 0 -1
    outer loop
      vertex 84.9773 7.43175 9.1
      vertex 82.804 6.84941 9.1
      vertex 84.826 7.87766 9.1
    endloop
  endfacet
  facet normal 0 0 -1
    outer loop
      vertex 82.4546 5.54541 9.1
      vertex 84.0456 3.95442 9.1
      vertex 83.6915 3.64393 9.1
    endloop
  endfacet
  facet normal 0 0 -1
    outer loop
      vertex 82.7472 7.01662 9.1
      vertex 84.826 7.87766 9.1
      vertex 82.804 6.84941 9.1
    endloop
  endfacet
  facet normal 0 0 -1
    outer loop
      vertex 82.3218 5.42897 9.1
      vertex 83.6915 3.64393 9.1
      vertex 83.3 3.38231 9.1
    endloop
  endfacet
  facet normal -0 0 -1
    outer loop
      vertex 84.826 7.87766 9.1
      vertex 82.7472 7.01662 9.1
      vertex 84.6177 8.3 9.1
    endloop
  endfacet
  facet normal 0 0 -1
    outer loop
      vertex 82.175 5.33086 9.1
      vertex 83.3 3.38231 9.1
      vertex 82.8777 3.17403 9.1
    endloop
  endfacet
  facet normal 0 0 -1
    outer loop
      vertex 82.6691 7.175 9.1
      vertex 84.6177 8.3 9.1
      vertex 82.7472 7.01662 9.1
    endloop
  endfacet
  facet normal -0 0 -1
    outer loop
      vertex 84.6177 8.3 9.1
      vertex 82.6691 7.175 9.1
      vertex 84.3561 8.69154 9.1
    endloop
  endfacet
  facet normal 0 0 -1
    outer loop
      vertex 85 5.68221 9.1
      vertex 82.8384 6.32379 9.1
      vertex 82.85 6.5 9.1
    endloop
  endfacet
  facet normal 0 0 -1
    outer loop
      vertex 85 5.68221 9.1
      vertex 82.804 6.15059 9.1
      vertex 82.8384 6.32379 9.1
    endloop
  endfacet
  facet normal 0 0 -1
    outer loop
      vertex 84.826 5.12234 9.1
      vertex 82.7472 5.98338 9.1
      vertex 82.804 6.15059 9.1
    endloop
  endfacet
  facet normal 0 0 -1
    outer loop
      vertex 84.6177 4.7 9.1
      vertex 82.6691 5.825 9.1
      vertex 82.7472 5.98338 9.1
    endloop
  endfacet
  facet normal 0 0 -1
    outer loop
      vertex 84.3561 4.30846 9.1
      vertex 82.571 5.67817 9.1
      vertex 82.6691 5.825 9.1
    endloop
  endfacet
  facet normal 0 0 -1
    outer loop
      vertex 84.0456 3.95442 9.1
      vertex 82.4546 5.54541 9.1
      vertex 82.571 5.67817 9.1
    endloop
  endfacet
  facet normal 0 0 -1
    outer loop
      vertex 82.0166 5.25276 9.1
      vertex 82.8777 3.17403 9.1
      vertex 82.4317 3.02267 9.1
    endloop
  endfacet
  facet normal 0 0 -1
    outer loop
      vertex 83.6915 3.64393 9.1
      vertex 82.3218 5.42897 9.1
      vertex 82.4546 5.54541 9.1
    endloop
  endfacet
  facet normal 0 0 -1
    outer loop
      vertex 81.8494 5.196 9.1
      vertex 82.4317 3.02267 9.1
      vertex 82.3178 3 9.1
    endloop
  endfacet
  facet normal 0 0 -1
    outer loop
      vertex 83.3 3.38231 9.1
      vertex 82.175 5.33086 9.1
      vertex 82.3218 5.42897 9.1
    endloop
  endfacet
  facet normal 0 0 -1
    outer loop
      vertex 82.8777 3.17403 9.1
      vertex 82.0166 5.25276 9.1
      vertex 82.175 5.33086 9.1
    endloop
  endfacet
  facet normal 0 0 -1
    outer loop
      vertex 82.4317 3.02267 9.1
      vertex 81.8494 5.196 9.1
      vertex 82.0166 5.25276 9.1
    endloop
  endfacet
  facet normal 0 0 -1
    outer loop
      vertex 82.3178 3 9.1
      vertex 81.6762 5.16155 9.1
      vertex 81.8494 5.196 9.1
    endloop
  endfacet
  facet normal 0 0 -1
    outer loop
      vertex 82.3178 3 9.1
      vertex 81.5 5.15 9.1
      vertex 81.6762 5.16155 9.1
    endloop
  endfacet
  facet normal 0 0 -1
    outer loop
      vertex 80.6822 3 9.1
      vertex 81.5 5.15 9.1
      vertex 82.3178 3 9.1
    endloop
  endfacet
  facet normal -0 0 -1
    outer loop
      vertex 81.5 5.15 9.1
      vertex 80.6822 3 9.1
      vertex 81.3238 5.16155 9.1
    endloop
  endfacet
  facet normal -0 0 -1
    outer loop
      vertex 81.3238 5.16155 9.1
      vertex 80.6822 3 9.1
      vertex 81.1506 5.196 9.1
    endloop
  endfacet
  facet normal 0 0 -1
    outer loop
      vertex 80.5683 3.02267 9.1
      vertex 81.1506 5.196 9.1
      vertex 80.6822 3 9.1
    endloop
  endfacet
  facet normal -0 0 -1
    outer loop
      vertex 81.1506 5.196 9.1
      vertex 80.5683 3.02267 9.1
      vertex 80.9834 5.25276 9.1
    endloop
  endfacet
  facet normal 0 0 -1
    outer loop
      vertex 80.1223 3.17403 9.1
      vertex 80.9834 5.25276 9.1
      vertex 80.5683 3.02267 9.1
    endloop
  endfacet
  facet normal -0 0 -1
    outer loop
      vertex 80.9834 5.25276 9.1
      vertex 80.1223 3.17403 9.1
      vertex 80.825 5.33086 9.1
    endloop
  endfacet
  facet normal 0 0 -1
    outer loop
      vertex 79.7 3.38231 9.1
      vertex 80.825 5.33086 9.1
      vertex 80.1223 3.17403 9.1
    endloop
  endfacet
  facet normal -0 0 -1
    outer loop
      vertex 80.825 5.33086 9.1
      vertex 79.7 3.38231 9.1
      vertex 80.6782 5.42897 9.1
    endloop
  endfacet
  facet normal 0 0 -1
    outer loop
      vertex 79.3085 3.64393 9.1
      vertex 80.6782 5.42897 9.1
      vertex 79.7 3.38231 9.1
    endloop
  endfacet
  facet normal -0 0 -1
    outer loop
      vertex 80.6782 5.42897 9.1
      vertex 79.3085 3.64393 9.1
      vertex 80.5454 5.54541 9.1
    endloop
  endfacet
  facet normal 0 0 -1
    outer loop
      vertex 78.9544 3.95442 9.1
      vertex 80.5454 5.54541 9.1
      vertex 79.3085 3.64393 9.1
    endloop
  endfacet
  facet normal -0 0 -1
    outer loop
      vertex 80.5454 5.54541 9.1
      vertex 78.9544 3.95442 9.1
      vertex 80.429 5.67817 9.1
    endloop
  endfacet
  facet normal -0 0 -1
    outer loop
      vertex 80.429 5.67817 9.1
      vertex 78.6439 4.30846 9.1
      vertex 80.3309 5.825 9.1
    endloop
  endfacet
  facet normal 0 0 -1
    outer loop
      vertex 78.6439 4.30846 9.1
      vertex 80.429 5.67817 9.1
      vertex 78.9544 3.95442 9.1
    endloop
  endfacet
  facet normal 0 0 -1
    outer loop
      vertex 82.571 7.32183 9.1
      vertex 84.3561 8.69154 9.1
      vertex 82.6691 7.175 9.1
    endloop
  endfacet
  facet normal -0 0 -1
    outer loop
      vertex 84.3561 8.69154 9.1
      vertex 82.571 7.32183 9.1
      vertex 84.0456 9.04558 9.1
    endloop
  endfacet
  facet normal 0 0 -1
    outer loop
      vertex 82.4546 7.45459 9.1
      vertex 84.0456 9.04558 9.1
      vertex 82.571 7.32183 9.1
    endloop
  endfacet
  facet normal -0 0 -1
    outer loop
      vertex 84.0456 9.04558 9.1
      vertex 82.4546 7.45459 9.1
      vertex 83.6915 9.35607 9.1
    endloop
  endfacet
  facet normal 0 0 -1
    outer loop
      vertex 82.3218 7.57103 9.1
      vertex 83.6915 9.35607 9.1
      vertex 82.4546 7.45459 9.1
    endloop
  endfacet
  facet normal -0 0 -1
    outer loop
      vertex 83.6915 9.35607 9.1
      vertex 82.3218 7.57103 9.1
      vertex 83.3 9.61769 9.1
    endloop
  endfacet
  facet normal 0 0 -1
    outer loop
      vertex 82.175 7.66913 9.1
      vertex 83.3 9.61769 9.1
      vertex 82.3218 7.57103 9.1
    endloop
  endfacet
  facet normal -0 0 -1
    outer loop
      vertex 83.3 9.61769 9.1
      vertex 82.175 7.66913 9.1
      vertex 82.8777 9.82597 9.1
    endloop
  endfacet
  facet normal 0 0 -1
    outer loop
      vertex 82.0166 7.74724 9.1
      vertex 82.8777 9.82597 9.1
      vertex 82.175 7.66913 9.1
    endloop
  endfacet
  facet normal -0 0 -1
    outer loop
      vertex 82.8777 9.82597 9.1
      vertex 82.0166 7.74724 9.1
      vertex 82.4317 9.97733 9.1
    endloop
  endfacet
  facet normal 0 0 -1
    outer loop
      vertex 81.8494 7.804 9.1
      vertex 82.4317 9.97733 9.1
      vertex 82.0166 7.74724 9.1
    endloop
  endfacet
  facet normal -0 0 -1
    outer loop
      vertex 82.4317 9.97733 9.1
      vertex 81.8494 7.804 9.1
      vertex 81.9699 10.0692 9.1
    endloop
  endfacet
  facet normal 0 0 -1
    outer loop
      vertex 81.6762 7.83845 9.1
      vertex 81.9699 10.0692 9.1
      vertex 81.8494 7.804 9.1
    endloop
  endfacet
  facet normal 0 0 -1
    outer loop
      vertex 81.5 7.85 9.1
      vertex 81.9699 10.0692 9.1
      vertex 81.6762 7.83845 9.1
    endloop
  endfacet
  facet normal 0 0 -1
    outer loop
      vertex 81.5 7.85 9.1
      vertex 81.5 10.1 9.1
      vertex 81.9699 10.0692 9.1
    endloop
  endfacet
  facet normal 0 0 -1
    outer loop
      vertex 81.3238 7.83845 9.1
      vertex 81.5 10.1 9.1
      vertex 81.5 7.85 9.1
    endloop
  endfacet
  facet normal 0 0 -1
    outer loop
      vertex 81.0301 10.0692 9.1
      vertex 81.3238 7.83845 9.1
      vertex 81.1506 7.804 9.1
    endloop
  endfacet
  facet normal 0 0 -1
    outer loop
      vertex 81.3238 7.83845 9.1
      vertex 81.0301 10.0692 9.1
      vertex 81.5 10.1 9.1
    endloop
  endfacet
  facet normal 0 0 -1
    outer loop
      vertex 80.5683 9.97733 9.1
      vertex 81.1506 7.804 9.1
      vertex 80.9834 7.74724 9.1
    endloop
  endfacet
  facet normal 0 0 -1
    outer loop
      vertex 80.1223 9.82597 9.1
      vertex 80.9834 7.74724 9.1
      vertex 80.825 7.66913 9.1
    endloop
  endfacet
  facet normal 0 0 -1
    outer loop
      vertex 79.7 9.61769 9.1
      vertex 80.825 7.66913 9.1
      vertex 80.6782 7.57103 9.1
    endloop
  endfacet
  facet normal 0 0 -1
    outer loop
      vertex 81.1506 7.804 9.1
      vertex 80.5683 9.97733 9.1
      vertex 81.0301 10.0692 9.1
    endloop
  endfacet
  facet normal 0 0 -1
    outer loop
      vertex 79.3085 9.35607 9.1
      vertex 80.6782 7.57103 9.1
      vertex 80.5454 7.45459 9.1
    endloop
  endfacet
  facet normal 0 0 -1
    outer loop
      vertex 78.9544 9.04558 9.1
      vertex 80.5454 7.45459 9.1
      vertex 80.429 7.32183 9.1
    endloop
  endfacet
  facet normal 0 0 -1
    outer loop
      vertex 78.6439 8.69154 9.1
      vertex 80.429 7.32183 9.1
      vertex 80.3309 7.175 9.1
    endloop
  endfacet
  facet normal 0 0 -1
    outer loop
      vertex 78.3823 8.3 9.1
      vertex 80.3309 7.175 9.1
      vertex 80.2528 7.01662 9.1
    endloop
  endfacet
  facet normal 0 0 -1
    outer loop
      vertex 78.174 7.87766 9.1
      vertex 80.2528 7.01662 9.1
      vertex 80.196 6.84941 9.1
    endloop
  endfacet
  facet normal 0 0 -1
    outer loop
      vertex 78.0227 7.43175 9.1
      vertex 80.196 6.84941 9.1
      vertex 80.1615 6.67621 9.1
    endloop
  endfacet
  facet normal 0 0 -1
    outer loop
      vertex 80.9834 7.74724 9.1
      vertex 80.1223 9.82597 9.1
      vertex 80.5683 9.97733 9.1
    endloop
  endfacet
  facet normal 0 0 -1
    outer loop
      vertex 77.9308 6.96989 9.1
      vertex 80.1615 6.67621 9.1
      vertex 80.15 6.5 9.1
    endloop
  endfacet
  facet normal 0 0 -1
    outer loop
      vertex 78.3823 4.7 9.1
      vertex 80.3309 5.825 9.1
      vertex 78.6439 4.30846 9.1
    endloop
  endfacet
  facet normal -0 0 -1
    outer loop
      vertex 80.3309 5.825 9.1
      vertex 78.3823 4.7 9.1
      vertex 80.2528 5.98338 9.1
    endloop
  endfacet
  facet normal 0 0 -1
    outer loop
      vertex 80.825 7.66913 9.1
      vertex 79.7 9.61769 9.1
      vertex 80.1223 9.82597 9.1
    endloop
  endfacet
  facet normal 0 0 -1
    outer loop
      vertex 78.174 5.12234 9.1
      vertex 80.2528 5.98338 9.1
      vertex 78.3823 4.7 9.1
    endloop
  endfacet
  facet normal 0 0 -1
    outer loop
      vertex 80.6782 7.57103 9.1
      vertex 79.3085 9.35607 9.1
      vertex 79.7 9.61769 9.1
    endloop
  endfacet
  facet normal -0 0 -1
    outer loop
      vertex 80.2528 5.98338 9.1
      vertex 78.174 5.12234 9.1
      vertex 80.196 6.15059 9.1
    endloop
  endfacet
  facet normal 0 0 -1
    outer loop
      vertex 80.5454 7.45459 9.1
      vertex 78.9544 9.04558 9.1
      vertex 79.3085 9.35607 9.1
    endloop
  endfacet
  facet normal 0 0 -1
    outer loop
      vertex 78.0227 5.56825 9.1
      vertex 80.196 6.15059 9.1
      vertex 78.174 5.12234 9.1
    endloop
  endfacet
  facet normal 0 0 -1
    outer loop
      vertex 80.429 7.32183 9.1
      vertex 78.6439 8.69154 9.1
      vertex 78.9544 9.04558 9.1
    endloop
  endfacet
  facet normal -0 0 -1
    outer loop
      vertex 80.196 6.15059 9.1
      vertex 78.0227 5.56825 9.1
      vertex 80.1615 6.32379 9.1
    endloop
  endfacet
  facet normal 0 0 -1
    outer loop
      vertex 80.3309 7.175 9.1
      vertex 78.3823 8.3 9.1
      vertex 78.6439 8.69154 9.1
    endloop
  endfacet
  facet normal 0 0 -1
    outer loop
      vertex 77.9308 6.03011 9.1
      vertex 80.1615 6.32379 9.1
      vertex 78.0227 5.56825 9.1
    endloop
  endfacet
  facet normal 0 0 -1
    outer loop
      vertex 80.2528 7.01662 9.1
      vertex 78.174 7.87766 9.1
      vertex 78.3823 8.3 9.1
    endloop
  endfacet
  facet normal -0 0 -1
    outer loop
      vertex 80.1615 6.32379 9.1
      vertex 77.9308 6.03011 9.1
      vertex 80.15 6.5 9.1
    endloop
  endfacet
  facet normal 0 0 -1
    outer loop
      vertex 80.196 6.84941 9.1
      vertex 78.0227 7.43175 9.1
      vertex 78.174 7.87766 9.1
    endloop
  endfacet
  facet normal 0 0 -1
    outer loop
      vertex 77.9 6.5 9.1
      vertex 80.15 6.5 9.1
      vertex 77.9308 6.03011 9.1
    endloop
  endfacet
  facet normal 0 0 -1
    outer loop
      vertex 80.1615 6.67621 9.1
      vertex 77.9308 6.96989 9.1
      vertex 78.0227 7.43175 9.1
    endloop
  endfacet
  facet normal 0 0 -1
    outer loop
      vertex 80.15 6.5 9.1
      vertex 77.9 6.5 9.1
      vertex 77.9308 6.96989 9.1
    endloop
  endfacet
  facet normal 0.32137 0.946954 -0
    outer loop
      vertex 82.8777 9.82597 9.1
      vertex 82.4317 9.97733 10.5
      vertex 82.8777 9.82597 10.5
    endloop
  endfacet
  facet normal 0.32137 0.946954 0
    outer loop
      vertex 82.4317 9.97733 10.5
      vertex 82.8777 9.82597 9.1
      vertex 82.4317 9.97733 9.1
    endloop
  endfacet
  facet normal -0.659289 0.75189 0
    outer loop
      vertex 79.3085 9.35607 9.1
      vertex 78.9544 9.04558 10.5
      vertex 79.3085 9.35607 10.5
    endloop
  endfacet
  facet normal -0.659289 0.75189 0
    outer loop
      vertex 78.9544 9.04558 10.5
      vertex 79.3085 9.35607 9.1
      vertex 78.9544 9.04558 9.1
    endloop
  endfacet
  facet normal 0.555611 -0.831442 0
    outer loop
      vertex 83.3 3.38231 9.1
      vertex 83.6915 3.64393 10.5
      vertex 83.3 3.38231 10.5
    endloop
  endfacet
  facet normal 0.555611 -0.831442 0
    outer loop
      vertex 83.6915 3.64393 10.5
      vertex 83.3 3.38231 9.1
      vertex 83.6915 3.64393 9.1
    endloop
  endfacet
  facet normal -0.195115 0.98078 0
    outer loop
      vertex 81.0301 10.0692 9.1
      vertex 80.5683 9.97733 10.5
      vertex 81.0301 10.0692 10.5
    endloop
  endfacet
  facet normal -0.195115 0.98078 0
    outer loop
      vertex 80.5683 9.97733 10.5
      vertex 81.0301 10.0692 9.1
      vertex 80.5683 9.97733 9.1
    endloop
  endfacet
  facet normal -0.997859 -0.0654069 0
    outer loop
      vertex 77.9308 6.03011 9.1
      vertex 77.9 6.5 10.5
      vertex 77.9 6.5 9.1
    endloop
  endfacet
  facet normal -0.997859 -0.0654069 0
    outer loop
      vertex 77.9 6.5 10.5
      vertex 77.9308 6.03011 9.1
      vertex 77.9308 6.03011 10.5
    endloop
  endfacet
  facet normal -0.896852 -0.442331 0
    outer loop
      vertex 78.3823 4.7 9.1
      vertex 78.174 5.12234 10.5
      vertex 78.174 5.12234 9.1
    endloop
  endfacet
  facet normal -0.896852 -0.442331 0
    outer loop
      vertex 78.174 5.12234 10.5
      vertex 78.3823 4.7 9.1
      vertex 78.3823 4.7 10.5
    endloop
  endfacet
  facet normal 0.0654055 0.997859 -0
    outer loop
      vertex 81.9699 10.0692 9.1
      vertex 81.5 10.1 10.5
      vertex 81.9699 10.0692 10.5
    endloop
  endfacet
  facet normal 0.0654055 0.997859 0
    outer loop
      vertex 81.5 10.1 10.5
      vertex 81.9699 10.0692 9.1
      vertex 81.5 10.1 9.1
    endloop
  endfacet
  facet normal -0.32137 -0.946954 0
    outer loop
      vertex 80.1223 3.17403 9.1
      vertex 80.5683 3.02267 10.5
      vertex 80.1223 3.17403 10.5
    endloop
  endfacet
  facet normal -0.32137 -0.946954 -0
    outer loop
      vertex 80.5683 3.02267 10.5
      vertex 80.1223 3.17403 9.1
      vertex 80.5683 3.02267 9.1
    endloop
  endfacet
  facet normal 0.195205 -0.980762 0
    outer loop
      vertex 82.3178 3 9.1
      vertex 82.4317 3.02267 10.5
      vertex 82.3178 3 10.5
    endloop
  endfacet
  facet normal 0.195205 -0.980762 0
    outer loop
      vertex 82.4317 3.02267 10.5
      vertex 82.3178 3 9.1
      vertex 82.4317 3.02267 9.1
    endloop
  endfacet
  facet normal -0.442331 0.896852 0
    outer loop
      vertex 80.1223 9.82597 9.1
      vertex 79.7 9.61769 10.5
      vertex 80.1223 9.82597 10.5
    endloop
  endfacet
  facet normal -0.442331 0.896852 0
    outer loop
      vertex 79.7 9.61769 10.5
      vertex 80.1223 9.82597 9.1
      vertex 79.7 9.61769 9.1
    endloop
  endfacet
  facet normal 0.442331 0.896852 -0
    outer loop
      vertex 83.3 9.61769 9.1
      vertex 82.8777 9.82597 10.5
      vertex 83.3 9.61769 10.5
    endloop
  endfacet
  facet normal 0.442331 0.896852 0
    outer loop
      vertex 82.8777 9.82597 10.5
      vertex 83.3 9.61769 9.1
      vertex 82.8777 9.82597 9.1
    endloop
  endfacet
  facet normal 0.442331 -0.896852 0
    outer loop
      vertex 82.8777 3.17403 9.1
      vertex 83.3 3.38231 10.5
      vertex 82.8777 3.17403 10.5
    endloop
  endfacet
  facet normal 0.442331 -0.896852 0
    outer loop
      vertex 83.3 3.38231 10.5
      vertex 82.8777 3.17403 9.1
      vertex 83.3 3.38231 9.1
    endloop
  endfacet
  facet normal -0.980773 -0.195152 0
    outer loop
      vertex 78.0227 5.56825 9.1
      vertex 77.9308 6.03011 10.5
      vertex 77.9308 6.03011 9.1
    endloop
  endfacet
  facet normal -0.980773 -0.195152 0
    outer loop
      vertex 77.9308 6.03011 10.5
      vertex 78.0227 5.56825 9.1
      vertex 78.0227 5.56825 10.5
    endloop
  endfacet
  facet normal -0.555611 -0.831442 0
    outer loop
      vertex 79.3085 3.64393 9.1
      vertex 79.7 3.38231 10.5
      vertex 79.3085 3.64393 10.5
    endloop
  endfacet
  facet normal -0.555611 -0.831442 -0
    outer loop
      vertex 79.7 3.38231 10.5
      vertex 79.3085 3.64393 9.1
      vertex 79.7 3.38231 9.1
    endloop
  endfacet
  facet normal 0.751824 -0.659364 0
    outer loop
      vertex 84.0456 3.95442 10.5
      vertex 84.3561 4.30846 9.1
      vertex 84.3561 4.30846 10.5
    endloop
  endfacet
  facet normal 0.751824 -0.659364 0
    outer loop
      vertex 84.3561 4.30846 9.1
      vertex 84.0456 3.95442 10.5
      vertex 84.0456 3.95442 9.1
    endloop
  endfacet
  facet normal 0.831488 -0.555543 0
    outer loop
      vertex 84.3561 4.30846 10.5
      vertex 84.6177 4.7 9.1
      vertex 84.6177 4.7 10.5
    endloop
  endfacet
  facet normal 0.831488 -0.555543 0
    outer loop
      vertex 84.6177 4.7 9.1
      vertex 84.3561 4.30846 10.5
      vertex 84.3561 4.30846 9.1
    endloop
  endfacet
  facet normal -0.751824 -0.659364 0
    outer loop
      vertex 78.9544 3.95442 9.1
      vertex 78.6439 4.30846 10.5
      vertex 78.6439 4.30846 9.1
    endloop
  endfacet
  facet normal -0.751824 -0.659364 0
    outer loop
      vertex 78.6439 4.30846 10.5
      vertex 78.9544 3.95442 9.1
      vertex 78.9544 3.95442 10.5
    endloop
  endfacet
  facet normal -0.751824 0.659364 0
    outer loop
      vertex 78.6439 8.69154 9.1
      vertex 78.9544 9.04558 10.5
      vertex 78.9544 9.04558 9.1
    endloop
  endfacet
  facet normal -0.751824 0.659364 0
    outer loop
      vertex 78.9544 9.04558 10.5
      vertex 78.6439 8.69154 9.1
      vertex 78.6439 8.69154 10.5
    endloop
  endfacet
  facet normal -0.659289 -0.75189 0
    outer loop
      vertex 78.9544 3.95442 9.1
      vertex 79.3085 3.64393 10.5
      vertex 78.9544 3.95442 10.5
    endloop
  endfacet
  facet normal -0.659289 -0.75189 -0
    outer loop
      vertex 79.3085 3.64393 10.5
      vertex 78.9544 3.95442 9.1
      vertex 79.3085 3.64393 9.1
    endloop
  endfacet
  facet normal 0.946973 -0.321314 0
    outer loop
      vertex 84.826 5.12234 10.5
      vertex 84.9773 5.56825 9.1
      vertex 84.9773 5.56825 10.5
    endloop
  endfacet
  facet normal 0.946973 -0.321314 0
    outer loop
      vertex 84.9773 5.56825 9.1
      vertex 84.826 5.12234 10.5
      vertex 84.826 5.12234 9.1
    endloop
  endfacet
  facet normal -0.831488 -0.555543 0
    outer loop
      vertex 78.6439 4.30846 9.1
      vertex 78.3823 4.7 10.5
      vertex 78.3823 4.7 9.1
    endloop
  endfacet
  facet normal -0.831488 -0.555543 0
    outer loop
      vertex 78.3823 4.7 10.5
      vertex 78.6439 4.30846 9.1
      vertex 78.6439 4.30846 10.5
    endloop
  endfacet
  facet normal 0.896852 -0.442331 0
    outer loop
      vertex 84.6177 4.7 10.5
      vertex 84.826 5.12234 9.1
      vertex 84.826 5.12234 10.5
    endloop
  endfacet
  facet normal 0.896852 -0.442331 0
    outer loop
      vertex 84.826 5.12234 9.1
      vertex 84.6177 4.7 10.5
      vertex 84.6177 4.7 9.1
    endloop
  endfacet
  facet normal -0.195205 -0.980762 0
    outer loop
      vertex 80.5683 3.02267 9.1
      vertex 80.6822 3 10.5
      vertex 80.5683 3.02267 10.5
    endloop
  endfacet
  facet normal -0.195205 -0.980762 -0
    outer loop
      vertex 80.6822 3 10.5
      vertex 80.5683 3.02267 9.1
      vertex 80.6822 3 9.1
    endloop
  endfacet
  facet normal -0.442331 -0.896852 0
    outer loop
      vertex 79.7 3.38231 9.1
      vertex 80.1223 3.17403 10.5
      vertex 79.7 3.38231 10.5
    endloop
  endfacet
  facet normal -0.442331 -0.896852 -0
    outer loop
      vertex 80.1223 3.17403 10.5
      vertex 79.7 3.38231 9.1
      vertex 80.1223 3.17403 9.1
    endloop
  endfacet
  facet normal 0.195115 0.98078 -0
    outer loop
      vertex 82.4317 9.97733 9.1
      vertex 81.9699 10.0692 10.5
      vertex 82.4317 9.97733 10.5
    endloop
  endfacet
  facet normal 0.195115 0.98078 0
    outer loop
      vertex 81.9699 10.0692 10.5
      vertex 82.4317 9.97733 9.1
      vertex 81.9699 10.0692 9.1
    endloop
  endfacet
  facet normal 0.659289 -0.75189 0
    outer loop
      vertex 83.6915 3.64393 9.1
      vertex 84.0456 3.95442 10.5
      vertex 83.6915 3.64393 10.5
    endloop
  endfacet
  facet normal 0.659289 -0.75189 0
    outer loop
      vertex 84.0456 3.95442 10.5
      vertex 83.6915 3.64393 9.1
      vertex 84.0456 3.95442 9.1
    endloop
  endfacet
  facet normal 0.555611 0.831442 -0
    outer loop
      vertex 83.6915 9.35607 9.1
      vertex 83.3 9.61769 10.5
      vertex 83.6915 9.35607 10.5
    endloop
  endfacet
  facet normal 0.555611 0.831442 0
    outer loop
      vertex 83.3 9.61769 10.5
      vertex 83.6915 9.35607 9.1
      vertex 83.3 9.61769 9.1
    endloop
  endfacet
  facet normal -0.32137 0.946954 0
    outer loop
      vertex 80.5683 9.97733 9.1
      vertex 80.1223 9.82597 10.5
      vertex 80.5683 9.97733 10.5
    endloop
  endfacet
  facet normal -0.32137 0.946954 0
    outer loop
      vertex 80.1223 9.82597 10.5
      vertex 80.5683 9.97733 9.1
      vertex 80.1223 9.82597 9.1
    endloop
  endfacet
  facet normal -0.896852 0.442331 0
    outer loop
      vertex 78.174 7.87766 9.1
      vertex 78.3823 8.3 10.5
      vertex 78.3823 8.3 9.1
    endloop
  endfacet
  facet normal -0.896852 0.442331 0
    outer loop
      vertex 78.3823 8.3 10.5
      vertex 78.174 7.87766 9.1
      vertex 78.174 7.87766 10.5
    endloop
  endfacet
  facet normal -0.980773 0.195152 0
    outer loop
      vertex 77.9308 6.96989 9.1
      vertex 78.0227 7.43175 10.5
      vertex 78.0227 7.43175 9.1
    endloop
  endfacet
  facet normal -0.980773 0.195152 0
    outer loop
      vertex 78.0227 7.43175 10.5
      vertex 77.9308 6.96989 9.1
      vertex 77.9308 6.96989 10.5
    endloop
  endfacet
  facet normal 0.751824 0.659364 0
    outer loop
      vertex 84.3561 8.69154 10.5
      vertex 84.0456 9.04558 9.1
      vertex 84.0456 9.04558 10.5
    endloop
  endfacet
  facet normal 0.751824 0.659364 0
    outer loop
      vertex 84.0456 9.04558 9.1
      vertex 84.3561 8.69154 10.5
      vertex 84.3561 8.69154 9.1
    endloop
  endfacet
  facet normal 0.659289 0.75189 -0
    outer loop
      vertex 84.0456 9.04558 9.1
      vertex 83.6915 9.35607 10.5
      vertex 84.0456 9.04558 10.5
    endloop
  endfacet
  facet normal 0.659289 0.75189 0
    outer loop
      vertex 83.6915 9.35607 10.5
      vertex 84.0456 9.04558 9.1
      vertex 83.6915 9.35607 9.1
    endloop
  endfacet
  facet normal -0.0654055 0.997859 0
    outer loop
      vertex 81.5 10.1 9.1
      vertex 81.0301 10.0692 10.5
      vertex 81.5 10.1 10.5
    endloop
  endfacet
  facet normal -0.0654055 0.997859 0
    outer loop
      vertex 81.0301 10.0692 10.5
      vertex 81.5 10.1 9.1
      vertex 81.0301 10.0692 9.1
    endloop
  endfacet
  facet normal -0.946973 0.321314 0
    outer loop
      vertex 78.0227 7.43175 9.1
      vertex 78.174 7.87766 10.5
      vertex 78.174 7.87766 9.1
    endloop
  endfacet
  facet normal -0.946973 0.321314 0
    outer loop
      vertex 78.174 7.87766 10.5
      vertex 78.0227 7.43175 9.1
      vertex 78.0227 7.43175 10.5
    endloop
  endfacet
  facet normal -0.997859 0.0654069 0
    outer loop
      vertex 77.9 6.5 9.1
      vertex 77.9308 6.96989 10.5
      vertex 77.9308 6.96989 9.1
    endloop
  endfacet
  facet normal -0.997859 0.0654069 0
    outer loop
      vertex 77.9308 6.96989 10.5
      vertex 77.9 6.5 9.1
      vertex 77.9 6.5 10.5
    endloop
  endfacet
  facet normal -0.831488 0.555543 0
    outer loop
      vertex 78.3823 8.3 9.1
      vertex 78.6439 8.69154 10.5
      vertex 78.6439 8.69154 9.1
    endloop
  endfacet
  facet normal -0.831488 0.555543 0
    outer loop
      vertex 78.6439 8.69154 10.5
      vertex 78.3823 8.3 9.1
      vertex 78.3823 8.3 10.5
    endloop
  endfacet
  facet normal 0.980713 0.195454 0
    outer loop
      vertex 85 38.3178 10.5
      vertex 84.9773 38.4317 9.1
      vertex 84.9773 38.4317 10.5
    endloop
  endfacet
  facet normal 0.980713 0.195454 0
    outer loop
      vertex 84.9773 38.4317 9.1
      vertex 85 38.3178 10.5
      vertex 85 38.3178 9.1
    endloop
  endfacet
  facet normal 0.946993 0.321256 0
    outer loop
      vertex 84.9773 38.4317 10.5
      vertex 84.826 38.8777 9.1
      vertex 84.826 38.8777 10.5
    endloop
  endfacet
  facet normal 0.946993 0.321256 0
    outer loop
      vertex 84.826 38.8777 9.1
      vertex 84.9773 38.4317 10.5
      vertex 84.9773 38.4317 9.1
    endloop
  endfacet
  facet normal 0.831462 0.555582 0
    outer loop
      vertex 84.6177 39.3 10.5
      vertex 84.3561 39.6915 9.1
      vertex 84.3561 39.6915 10.5
    endloop
  endfacet
  facet normal 0.831462 0.555582 0
    outer loop
      vertex 84.3561 39.6915 9.1
      vertex 84.6177 39.3 10.5
      vertex 84.6177 39.3 9.1
    endloop
  endfacet
  facet normal -0.946993 -0.321256 0
    outer loop
      vertex 78.174 36.1223 9.1
      vertex 78.0227 36.5683 10.5
      vertex 78.0227 36.5683 9.1
    endloop
  endfacet
  facet normal -0.946993 -0.321256 0
    outer loop
      vertex 78.0227 36.5683 10.5
      vertex 78.174 36.1223 9.1
      vertex 78.174 36.1223 10.5
    endloop
  endfacet
  facet normal 0.321256 -0.946993 0
    outer loop
      vertex 82.4317 34.0227 9.1
      vertex 82.8777 34.174 10.5
      vertex 82.4317 34.0227 10.5
    endloop
  endfacet
  facet normal 0.321256 -0.946993 0
    outer loop
      vertex 82.8777 34.174 10.5
      vertex 82.4317 34.0227 9.1
      vertex 82.8777 34.174 9.1
    endloop
  endfacet
  facet normal 0.896835 0.442365 0
    outer loop
      vertex 84.826 38.8777 10.5
      vertex 84.6177 39.3 9.1
      vertex 84.6177 39.3 10.5
    endloop
  endfacet
  facet normal 0.896835 0.442365 0
    outer loop
      vertex 84.6177 39.3 9.1
      vertex 84.826 38.8777 10.5
      vertex 84.826 38.8777 9.1
    endloop
  endfacet
  facet normal -0.555582 0.831462 0
    outer loop
      vertex 79.7 40.6177 9.1
      vertex 79.3085 40.3561 10.5
      vertex 79.7 40.6177 10.5
    endloop
  endfacet
  facet normal -0.555582 0.831462 0
    outer loop
      vertex 79.3085 40.3561 10.5
      vertex 79.7 40.6177 9.1
      vertex 79.3085 40.3561 9.1
    endloop
  endfacet
  facet normal 0.980713 -0.195454 0
    outer loop
      vertex 84.9773 36.5683 10.5
      vertex 85 36.6822 9.1
      vertex 85 36.6822 10.5
    endloop
  endfacet
  facet normal 0.980713 -0.195454 0
    outer loop
      vertex 85 36.6822 9.1
      vertex 84.9773 36.5683 10.5
      vertex 84.9773 36.5683 9.1
    endloop
  endfacet
  facet normal 0 0 -1
    outer loop
      vertex 82.804 37.1506 9.1
      vertex 85 36.6822 9.1
      vertex 84.9773 36.5683 9.1
    endloop
  endfacet
  facet normal 0 0 -1
    outer loop
      vertex 85 36.6822 9.1
      vertex 82.85 37.5 9.1
      vertex 85 38.3178 9.1
    endloop
  endfacet
  facet normal 0 0 -1
    outer loop
      vertex 82.804 37.1506 9.1
      vertex 84.9773 36.5683 9.1
      vertex 84.826 36.1223 9.1
    endloop
  endfacet
  facet normal 0 0 -1
    outer loop
      vertex 82.8384 37.6762 9.1
      vertex 85 38.3178 9.1
      vertex 82.85 37.5 9.1
    endloop
  endfacet
  facet normal 0 0 -1
    outer loop
      vertex 82.7472 36.9834 9.1
      vertex 84.826 36.1223 9.1
      vertex 84.6177 35.7 9.1
    endloop
  endfacet
  facet normal 0 0 -1
    outer loop
      vertex 82.804 37.8494 9.1
      vertex 85 38.3178 9.1
      vertex 82.8384 37.6762 9.1
    endloop
  endfacet
  facet normal 0 0 -1
    outer loop
      vertex 82.6691 36.825 9.1
      vertex 84.6177 35.7 9.1
      vertex 84.3561 35.3085 9.1
    endloop
  endfacet
  facet normal -0 0 -1
    outer loop
      vertex 85 38.3178 9.1
      vertex 82.804 37.8494 9.1
      vertex 84.9773 38.4317 9.1
    endloop
  endfacet
  facet normal 0 0 -1
    outer loop
      vertex 82.571 36.6782 9.1
      vertex 84.3561 35.3085 9.1
      vertex 84.0456 34.9544 9.1
    endloop
  endfacet
  facet normal -0 0 -1
    outer loop
      vertex 84.9773 38.4317 9.1
      vertex 82.804 37.8494 9.1
      vertex 84.826 38.8777 9.1
    endloop
  endfacet
  facet normal 0 0 -1
    outer loop
      vertex 82.4546 36.5454 9.1
      vertex 84.0456 34.9544 9.1
      vertex 83.6915 34.6439 9.1
    endloop
  endfacet
  facet normal 0 0 -1
    outer loop
      vertex 82.7472 38.0166 9.1
      vertex 84.826 38.8777 9.1
      vertex 82.804 37.8494 9.1
    endloop
  endfacet
  facet normal 0 0 -1
    outer loop
      vertex 82.3218 36.429 9.1
      vertex 83.6915 34.6439 9.1
      vertex 83.3 34.3823 9.1
    endloop
  endfacet
  facet normal -0 0 -1
    outer loop
      vertex 84.826 38.8777 9.1
      vertex 82.7472 38.0166 9.1
      vertex 84.6177 39.3 9.1
    endloop
  endfacet
  facet normal 0 0 -1
    outer loop
      vertex 82.175 36.3309 9.1
      vertex 83.3 34.3823 9.1
      vertex 82.8777 34.174 9.1
    endloop
  endfacet
  facet normal 0 0 -1
    outer loop
      vertex 82.6691 38.175 9.1
      vertex 84.6177 39.3 9.1
      vertex 82.7472 38.0166 9.1
    endloop
  endfacet
  facet normal -0 0 -1
    outer loop
      vertex 84.6177 39.3 9.1
      vertex 82.6691 38.175 9.1
      vertex 84.3561 39.6915 9.1
    endloop
  endfacet
  facet normal 0 0 -1
    outer loop
      vertex 85 36.6822 9.1
      vertex 82.8384 37.3238 9.1
      vertex 82.85 37.5 9.1
    endloop
  endfacet
  facet normal 0 0 -1
    outer loop
      vertex 85 36.6822 9.1
      vertex 82.804 37.1506 9.1
      vertex 82.8384 37.3238 9.1
    endloop
  endfacet
  facet normal 0 0 -1
    outer loop
      vertex 84.826 36.1223 9.1
      vertex 82.7472 36.9834 9.1
      vertex 82.804 37.1506 9.1
    endloop
  endfacet
  facet normal 0 0 -1
    outer loop
      vertex 84.6177 35.7 9.1
      vertex 82.6691 36.825 9.1
      vertex 82.7472 36.9834 9.1
    endloop
  endfacet
  facet normal 0 0 -1
    outer loop
      vertex 84.3561 35.3085 9.1
      vertex 82.571 36.6782 9.1
      vertex 82.6691 36.825 9.1
    endloop
  endfacet
  facet normal 0 0 -1
    outer loop
      vertex 84.0456 34.9544 9.1
      vertex 82.4546 36.5454 9.1
      vertex 82.571 36.6782 9.1
    endloop
  endfacet
  facet normal 0 0 -1
    outer loop
      vertex 82.0166 36.2528 9.1
      vertex 82.8777 34.174 9.1
      vertex 82.4317 34.0227 9.1
    endloop
  endfacet
  facet normal 0 0 -1
    outer loop
      vertex 83.6915 34.6439 9.1
      vertex 82.3218 36.429 9.1
      vertex 82.4546 36.5454 9.1
    endloop
  endfacet
  facet normal 0 0 -1
    outer loop
      vertex 83.3 34.3823 9.1
      vertex 82.175 36.3309 9.1
      vertex 82.3218 36.429 9.1
    endloop
  endfacet
  facet normal 0 0 -1
    outer loop
      vertex 82.8777 34.174 9.1
      vertex 82.0166 36.2528 9.1
      vertex 82.175 36.3309 9.1
    endloop
  endfacet
  facet normal 0 0 -1
    outer loop
      vertex 81.8494 36.196 9.1
      vertex 82.4317 34.0227 9.1
      vertex 81.9699 33.9308 9.1
    endloop
  endfacet
  facet normal 0 0 -1
    outer loop
      vertex 82.4317 34.0227 9.1
      vertex 81.8494 36.196 9.1
      vertex 82.0166 36.2528 9.1
    endloop
  endfacet
  facet normal 0 0 -1
    outer loop
      vertex 81.9699 33.9308 9.1
      vertex 81.6762 36.1615 9.1
      vertex 81.8494 36.196 9.1
    endloop
  endfacet
  facet normal 0 0 -1
    outer loop
      vertex 81.5 33.9 9.1
      vertex 81.6762 36.1615 9.1
      vertex 81.9699 33.9308 9.1
    endloop
  endfacet
  facet normal 0 0 -1
    outer loop
      vertex 81.5 33.9 9.1
      vertex 81.5 36.15 9.1
      vertex 81.6762 36.1615 9.1
    endloop
  endfacet
  facet normal 0 0 -1
    outer loop
      vertex 81.5 33.9 9.1
      vertex 81.3238 36.1615 9.1
      vertex 81.5 36.15 9.1
    endloop
  endfacet
  facet normal 0 0 -1
    outer loop
      vertex 81.0301 33.9308 9.1
      vertex 81.3238 36.1615 9.1
      vertex 81.5 33.9 9.1
    endloop
  endfacet
  facet normal -0 0 -1
    outer loop
      vertex 81.3238 36.1615 9.1
      vertex 81.0301 33.9308 9.1
      vertex 81.1506 36.196 9.1
    endloop
  endfacet
  facet normal 0 0 -1
    outer loop
      vertex 80.5683 34.0227 9.1
      vertex 81.1506 36.196 9.1
      vertex 81.0301 33.9308 9.1
    endloop
  endfacet
  facet normal -0 0 -1
    outer loop
      vertex 81.1506 36.196 9.1
      vertex 80.5683 34.0227 9.1
      vertex 80.9834 36.2528 9.1
    endloop
  endfacet
  facet normal 0 0 -1
    outer loop
      vertex 80.1223 34.174 9.1
      vertex 80.9834 36.2528 9.1
      vertex 80.5683 34.0227 9.1
    endloop
  endfacet
  facet normal -0 0 -1
    outer loop
      vertex 80.9834 36.2528 9.1
      vertex 80.1223 34.174 9.1
      vertex 80.825 36.3309 9.1
    endloop
  endfacet
  facet normal 0 0 -1
    outer loop
      vertex 79.7 34.3823 9.1
      vertex 80.825 36.3309 9.1
      vertex 80.1223 34.174 9.1
    endloop
  endfacet
  facet normal -0 0 -1
    outer loop
      vertex 80.825 36.3309 9.1
      vertex 79.7 34.3823 9.1
      vertex 80.6782 36.429 9.1
    endloop
  endfacet
  facet normal 0 0 -1
    outer loop
      vertex 79.3085 34.6439 9.1
      vertex 80.6782 36.429 9.1
      vertex 79.7 34.3823 9.1
    endloop
  endfacet
  facet normal -0 0 -1
    outer loop
      vertex 80.6782 36.429 9.1
      vertex 79.3085 34.6439 9.1
      vertex 80.5454 36.5454 9.1
    endloop
  endfacet
  facet normal 0 0 -1
    outer loop
      vertex 78.9544 34.9544 9.1
      vertex 80.5454 36.5454 9.1
      vertex 79.3085 34.6439 9.1
    endloop
  endfacet
  facet normal -0 0 -1
    outer loop
      vertex 80.5454 36.5454 9.1
      vertex 78.9544 34.9544 9.1
      vertex 80.429 36.6782 9.1
    endloop
  endfacet
  facet normal -0 0 -1
    outer loop
      vertex 80.429 36.6782 9.1
      vertex 78.6439 35.3085 9.1
      vertex 80.3309 36.825 9.1
    endloop
  endfacet
  facet normal 0 0 -1
    outer loop
      vertex 78.6439 35.3085 9.1
      vertex 80.429 36.6782 9.1
      vertex 78.9544 34.9544 9.1
    endloop
  endfacet
  facet normal 0 0 -1
    outer loop
      vertex 82.571 38.3218 9.1
      vertex 84.3561 39.6915 9.1
      vertex 82.6691 38.175 9.1
    endloop
  endfacet
  facet normal -0 0 -1
    outer loop
      vertex 84.3561 39.6915 9.1
      vertex 82.571 38.3218 9.1
      vertex 84.0456 40.0456 9.1
    endloop
  endfacet
  facet normal 0 0 -1
    outer loop
      vertex 82.4546 38.4546 9.1
      vertex 84.0456 40.0456 9.1
      vertex 82.571 38.3218 9.1
    endloop
  endfacet
  facet normal -0 0 -1
    outer loop
      vertex 84.0456 40.0456 9.1
      vertex 82.4546 38.4546 9.1
      vertex 83.6915 40.3561 9.1
    endloop
  endfacet
  facet normal 0 0 -1
    outer loop
      vertex 82.3218 38.571 9.1
      vertex 83.6915 40.3561 9.1
      vertex 82.4546 38.4546 9.1
    endloop
  endfacet
  facet normal -0 0 -1
    outer loop
      vertex 83.6915 40.3561 9.1
      vertex 82.3218 38.571 9.1
      vertex 83.3 40.6177 9.1
    endloop
  endfacet
  facet normal 0 0 -1
    outer loop
      vertex 82.175 38.6691 9.1
      vertex 83.3 40.6177 9.1
      vertex 82.3218 38.571 9.1
    endloop
  endfacet
  facet normal -0 0 -1
    outer loop
      vertex 83.3 40.6177 9.1
      vertex 82.175 38.6691 9.1
      vertex 82.8777 40.826 9.1
    endloop
  endfacet
  facet normal 0 0 -1
    outer loop
      vertex 82.0166 38.7472 9.1
      vertex 82.8777 40.826 9.1
      vertex 82.175 38.6691 9.1
    endloop
  endfacet
  facet normal -0 0 -1
    outer loop
      vertex 82.8777 40.826 9.1
      vertex 82.0166 38.7472 9.1
      vertex 82.4317 40.9773 9.1
    endloop
  endfacet
  facet normal 0 0 -1
    outer loop
      vertex 81.8494 38.804 9.1
      vertex 82.4317 40.9773 9.1
      vertex 82.0166 38.7472 9.1
    endloop
  endfacet
  facet normal -0 0 -1
    outer loop
      vertex 82.4317 40.9773 9.1
      vertex 81.8494 38.804 9.1
      vertex 82.3178 41 9.1
    endloop
  endfacet
  facet normal 0 0 -1
    outer loop
      vertex 81.6762 38.8385 9.1
      vertex 82.3178 41 9.1
      vertex 81.8494 38.804 9.1
    endloop
  endfacet
  facet normal 0 0 -1
    outer loop
      vertex 81.5 38.85 9.1
      vertex 82.3178 41 9.1
      vertex 81.6762 38.8385 9.1
    endloop
  endfacet
  facet normal 0 0 -1
    outer loop
      vertex 80.6822 41 9.1
      vertex 81.5 38.85 9.1
      vertex 81.3238 38.8385 9.1
    endloop
  endfacet
  facet normal 0 0 -1
    outer loop
      vertex 80.6822 41 9.1
      vertex 81.3238 38.8385 9.1
      vertex 81.1506 38.804 9.1
    endloop
  endfacet
  facet normal 0 0 -1
    outer loop
      vertex 80.5683 40.9773 9.1
      vertex 81.1506 38.804 9.1
      vertex 80.9834 38.7472 9.1
    endloop
  endfacet
  facet normal 0 0 -1
    outer loop
      vertex 80.1223 40.826 9.1
      vertex 80.9834 38.7472 9.1
      vertex 80.825 38.6691 9.1
    endloop
  endfacet
  facet normal 0 0 -1
    outer loop
      vertex 81.5 38.85 9.1
      vertex 80.6822 41 9.1
      vertex 82.3178 41 9.1
    endloop
  endfacet
  facet normal 0 0 -1
    outer loop
      vertex 79.7 40.6177 9.1
      vertex 80.825 38.6691 9.1
      vertex 80.6782 38.571 9.1
    endloop
  endfacet
  facet normal 0 0 -1
    outer loop
      vertex 81.1506 38.804 9.1
      vertex 80.5683 40.9773 9.1
      vertex 80.6822 41 9.1
    endloop
  endfacet
  facet normal 0 0 -1
    outer loop
      vertex 79.3085 40.3561 9.1
      vertex 80.6782 38.571 9.1
      vertex 80.5454 38.4546 9.1
    endloop
  endfacet
  facet normal 0 0 -1
    outer loop
      vertex 78.9544 40.0456 9.1
      vertex 80.5454 38.4546 9.1
      vertex 80.429 38.3218 9.1
    endloop
  endfacet
  facet normal 0 0 -1
    outer loop
      vertex 78.6439 39.6915 9.1
      vertex 80.429 38.3218 9.1
      vertex 80.3309 38.175 9.1
    endloop
  endfacet
  facet normal 0 0 -1
    outer loop
      vertex 78.3823 39.3 9.1
      vertex 80.3309 38.175 9.1
      vertex 80.2528 38.0166 9.1
    endloop
  endfacet
  facet normal 0 0 -1
    outer loop
      vertex 78.174 38.8777 9.1
      vertex 80.2528 38.0166 9.1
      vertex 80.196 37.8494 9.1
    endloop
  endfacet
  facet normal 0 0 -1
    outer loop
      vertex 78.0227 38.4317 9.1
      vertex 80.196 37.8494 9.1
      vertex 80.1615 37.6762 9.1
    endloop
  endfacet
  facet normal 0 0 -1
    outer loop
      vertex 80.9834 38.7472 9.1
      vertex 80.1223 40.826 9.1
      vertex 80.5683 40.9773 9.1
    endloop
  endfacet
  facet normal 0 0 -1
    outer loop
      vertex 77.9308 37.9699 9.1
      vertex 80.1615 37.6762 9.1
      vertex 80.15 37.5 9.1
    endloop
  endfacet
  facet normal 0 0 -1
    outer loop
      vertex 78.3823 35.7 9.1
      vertex 80.3309 36.825 9.1
      vertex 78.6439 35.3085 9.1
    endloop
  endfacet
  facet normal -0 0 -1
    outer loop
      vertex 80.3309 36.825 9.1
      vertex 78.3823 35.7 9.1
      vertex 80.2528 36.9834 9.1
    endloop
  endfacet
  facet normal 0 0 -1
    outer loop
      vertex 80.825 38.6691 9.1
      vertex 79.7 40.6177 9.1
      vertex 80.1223 40.826 9.1
    endloop
  endfacet
  facet normal 0 0 -1
    outer loop
      vertex 78.174 36.1223 9.1
      vertex 80.2528 36.9834 9.1
      vertex 78.3823 35.7 9.1
    endloop
  endfacet
  facet normal 0 0 -1
    outer loop
      vertex 80.6782 38.571 9.1
      vertex 79.3085 40.3561 9.1
      vertex 79.7 40.6177 9.1
    endloop
  endfacet
  facet normal -0 0 -1
    outer loop
      vertex 80.2528 36.9834 9.1
      vertex 78.174 36.1223 9.1
      vertex 80.196 37.1506 9.1
    endloop
  endfacet
  facet normal 0 0 -1
    outer loop
      vertex 80.5454 38.4546 9.1
      vertex 78.9544 40.0456 9.1
      vertex 79.3085 40.3561 9.1
    endloop
  endfacet
  facet normal 0 0 -1
    outer loop
      vertex 78.0227 36.5683 9.1
      vertex 80.196 37.1506 9.1
      vertex 78.174 36.1223 9.1
    endloop
  endfacet
  facet normal 0 0 -1
    outer loop
      vertex 80.429 38.3218 9.1
      vertex 78.6439 39.6915 9.1
      vertex 78.9544 40.0456 9.1
    endloop
  endfacet
  facet normal -0 0 -1
    outer loop
      vertex 80.196 37.1506 9.1
      vertex 78.0227 36.5683 9.1
      vertex 80.1615 37.3238 9.1
    endloop
  endfacet
  facet normal 0 0 -1
    outer loop
      vertex 80.3309 38.175 9.1
      vertex 78.3823 39.3 9.1
      vertex 78.6439 39.6915 9.1
    endloop
  endfacet
  facet normal 0 0 -1
    outer loop
      vertex 77.9308 37.0301 9.1
      vertex 80.1615 37.3238 9.1
      vertex 78.0227 36.5683 9.1
    endloop
  endfacet
  facet normal 0 0 -1
    outer loop
      vertex 80.2528 38.0166 9.1
      vertex 78.174 38.8777 9.1
      vertex 78.3823 39.3 9.1
    endloop
  endfacet
  facet normal -0 0 -1
    outer loop
      vertex 80.1615 37.3238 9.1
      vertex 77.9308 37.0301 9.1
      vertex 80.15 37.5 9.1
    endloop
  endfacet
  facet normal 0 0 -1
    outer loop
      vertex 80.196 37.8494 9.1
      vertex 78.0227 38.4317 9.1
      vertex 78.174 38.8777 9.1
    endloop
  endfacet
  facet normal 0 0 -1
    outer loop
      vertex 77.9 37.5 9.1
      vertex 80.15 37.5 9.1
      vertex 77.9308 37.0301 9.1
    endloop
  endfacet
  facet normal 0 0 -1
    outer loop
      vertex 80.1615 37.6762 9.1
      vertex 77.9308 37.9699 9.1
      vertex 78.0227 38.4317 9.1
    endloop
  endfacet
  facet normal 0 0 -1
    outer loop
      vertex 80.15 37.5 9.1
      vertex 77.9 37.5 9.1
      vertex 77.9308 37.9699 9.1
    endloop
  endfacet
  facet normal 0.321256 0.946993 -0
    outer loop
      vertex 82.8777 40.826 9.1
      vertex 82.4317 40.9773 10.5
      vertex 82.8777 40.826 10.5
    endloop
  endfacet
  facet normal 0.321256 0.946993 0
    outer loop
      vertex 82.4317 40.9773 10.5
      vertex 82.8777 40.826 9.1
      vertex 82.4317 40.9773 9.1
    endloop
  endfacet
  facet normal -0.659301 0.751879 0
    outer loop
      vertex 79.3085 40.3561 9.1
      vertex 78.9544 40.0456 10.5
      vertex 79.3085 40.3561 10.5
    endloop
  endfacet
  facet normal -0.659301 0.751879 0
    outer loop
      vertex 78.9544 40.0456 10.5
      vertex 79.3085 40.3561 9.1
      vertex 78.9544 40.0456 9.1
    endloop
  endfacet
  facet normal 0.555582 -0.831462 0
    outer loop
      vertex 83.3 34.3823 9.1
      vertex 83.6915 34.6439 10.5
      vertex 83.3 34.3823 10.5
    endloop
  endfacet
  facet normal 0.555582 -0.831462 0
    outer loop
      vertex 83.6915 34.6439 10.5
      vertex 83.3 34.3823 9.1
      vertex 83.6915 34.6439 9.1
    endloop
  endfacet
  facet normal -0.195454 0.980713 0
    outer loop
      vertex 80.6822 41 9.1
      vertex 80.5683 40.9773 10.5
      vertex 80.6822 41 10.5
    endloop
  endfacet
  facet normal -0.195454 0.980713 0
    outer loop
      vertex 80.5683 40.9773 10.5
      vertex 80.6822 41 9.1
      vertex 80.5683 40.9773 9.1
    endloop
  endfacet
  facet normal -0.997859 -0.0654055 0
    outer loop
      vertex 77.9308 37.0301 9.1
      vertex 77.9 37.5 10.5
      vertex 77.9 37.5 9.1
    endloop
  endfacet
  facet normal -0.997859 -0.0654055 0
    outer loop
      vertex 77.9 37.5 10.5
      vertex 77.9308 37.0301 9.1
      vertex 77.9308 37.0301 10.5
    endloop
  endfacet
  facet normal -0.896835 -0.442365 0
    outer loop
      vertex 78.3823 35.7 9.1
      vertex 78.174 36.1223 10.5
      vertex 78.174 36.1223 9.1
    endloop
  endfacet
  facet normal -0.896835 -0.442365 0
    outer loop
      vertex 78.174 36.1223 10.5
      vertex 78.3823 35.7 9.1
      vertex 78.3823 35.7 10.5
    endloop
  endfacet
  facet normal -0.321256 -0.946993 0
    outer loop
      vertex 80.1223 34.174 9.1
      vertex 80.5683 34.0227 10.5
      vertex 80.1223 34.174 10.5
    endloop
  endfacet
  facet normal -0.321256 -0.946993 -0
    outer loop
      vertex 80.5683 34.0227 10.5
      vertex 80.1223 34.174 9.1
      vertex 80.5683 34.0227 9.1
    endloop
  endfacet
  facet normal 0.195177 -0.980768 0
    outer loop
      vertex 81.9699 33.9308 9.1
      vertex 82.4317 34.0227 10.5
      vertex 81.9699 33.9308 10.5
    endloop
  endfacet
  facet normal 0.195177 -0.980768 0
    outer loop
      vertex 82.4317 34.0227 10.5
      vertex 81.9699 33.9308 9.1
      vertex 82.4317 34.0227 9.1
    endloop
  endfacet
  facet normal -0.442365 0.896835 0
    outer loop
      vertex 80.1223 40.826 9.1
      vertex 79.7 40.6177 10.5
      vertex 80.1223 40.826 10.5
    endloop
  endfacet
  facet normal -0.442365 0.896835 0
    outer loop
      vertex 79.7 40.6177 10.5
      vertex 80.1223 40.826 9.1
      vertex 79.7 40.6177 9.1
    endloop
  endfacet
  facet normal 0.442365 0.896835 -0
    outer loop
      vertex 83.3 40.6177 9.1
      vertex 82.8777 40.826 10.5
      vertex 83.3 40.6177 10.5
    endloop
  endfacet
  facet normal 0.442365 0.896835 0
    outer loop
      vertex 82.8777 40.826 10.5
      vertex 83.3 40.6177 9.1
      vertex 82.8777 40.826 9.1
    endloop
  endfacet
  facet normal 0.442365 -0.896835 0
    outer loop
      vertex 82.8777 34.174 9.1
      vertex 83.3 34.3823 10.5
      vertex 82.8777 34.174 10.5
    endloop
  endfacet
  facet normal 0.442365 -0.896835 0
    outer loop
      vertex 83.3 34.3823 10.5
      vertex 82.8777 34.174 9.1
      vertex 83.3 34.3823 9.1
    endloop
  endfacet
  facet normal -0.980768 -0.195177 0
    outer loop
      vertex 78.0227 36.5683 9.1
      vertex 77.9308 37.0301 10.5
      vertex 77.9308 37.0301 9.1
    endloop
  endfacet
  facet normal -0.980768 -0.195177 0
    outer loop
      vertex 77.9308 37.0301 10.5
      vertex 78.0227 36.5683 9.1
      vertex 78.0227 36.5683 10.5
    endloop
  endfacet
  facet normal -0.555582 -0.831462 0
    outer loop
      vertex 79.3085 34.6439 9.1
      vertex 79.7 34.3823 10.5
      vertex 79.3085 34.6439 10.5
    endloop
  endfacet
  facet normal -0.555582 -0.831462 -0
    outer loop
      vertex 79.7 34.3823 10.5
      vertex 79.3085 34.6439 9.1
      vertex 79.7 34.3823 9.1
    endloop
  endfacet
  facet normal 0.751879 -0.659301 0
    outer loop
      vertex 84.0456 34.9544 10.5
      vertex 84.3561 35.3085 9.1
      vertex 84.3561 35.3085 10.5
    endloop
  endfacet
  facet normal 0.751879 -0.659301 0
    outer loop
      vertex 84.3561 35.3085 9.1
      vertex 84.0456 34.9544 10.5
      vertex 84.0456 34.9544 9.1
    endloop
  endfacet
  facet normal 0.831462 -0.555582 0
    outer loop
      vertex 84.3561 35.3085 10.5
      vertex 84.6177 35.7 9.1
      vertex 84.6177 35.7 10.5
    endloop
  endfacet
  facet normal 0.831462 -0.555582 0
    outer loop
      vertex 84.6177 35.7 9.1
      vertex 84.3561 35.3085 10.5
      vertex 84.3561 35.3085 9.1
    endloop
  endfacet
  facet normal -0.751879 -0.659301 0
    outer loop
      vertex 78.9544 34.9544 9.1
      vertex 78.6439 35.3085 10.5
      vertex 78.6439 35.3085 9.1
    endloop
  endfacet
  facet normal -0.751879 -0.659301 0
    outer loop
      vertex 78.6439 35.3085 10.5
      vertex 78.9544 34.9544 9.1
      vertex 78.9544 34.9544 10.5
    endloop
  endfacet
  facet normal -0.751879 0.659301 0
    outer loop
      vertex 78.6439 39.6915 9.1
      vertex 78.9544 40.0456 10.5
      vertex 78.9544 40.0456 9.1
    endloop
  endfacet
  facet normal -0.751879 0.659301 0
    outer loop
      vertex 78.9544 40.0456 10.5
      vertex 78.6439 39.6915 9.1
      vertex 78.6439 39.6915 10.5
    endloop
  endfacet
  facet normal -0.831462 0.555582 0
    outer loop
      vertex 78.3823 39.3 9.1
      vertex 78.6439 39.6915 10.5
      vertex 78.6439 39.6915 9.1
    endloop
  endfacet
  facet normal -0.831462 0.555582 0
    outer loop
      vertex 78.6439 39.6915 10.5
      vertex 78.3823 39.3 9.1
      vertex 78.3823 39.3 10.5
    endloop
  endfacet
  facet normal 0.946993 -0.321256 0
    outer loop
      vertex 84.826 36.1223 10.5
      vertex 84.9773 36.5683 9.1
      vertex 84.9773 36.5683 10.5
    endloop
  endfacet
  facet normal 0.946993 -0.321256 0
    outer loop
      vertex 84.9773 36.5683 9.1
      vertex 84.826 36.1223 10.5
      vertex 84.826 36.1223 9.1
    endloop
  endfacet
  facet normal -0.831462 -0.555582 0
    outer loop
      vertex 78.6439 35.3085 9.1
      vertex 78.3823 35.7 10.5
      vertex 78.3823 35.7 9.1
    endloop
  endfacet
  facet normal -0.831462 -0.555582 0
    outer loop
      vertex 78.3823 35.7 10.5
      vertex 78.6439 35.3085 9.1
      vertex 78.6439 35.3085 10.5
    endloop
  endfacet
  facet normal 0.896835 -0.442365 0
    outer loop
      vertex 84.6177 35.7 10.5
      vertex 84.826 36.1223 9.1
      vertex 84.826 36.1223 10.5
    endloop
  endfacet
  facet normal 0.896835 -0.442365 0
    outer loop
      vertex 84.826 36.1223 9.1
      vertex 84.6177 35.7 10.5
      vertex 84.6177 35.7 9.1
    endloop
  endfacet
  facet normal -0.195177 -0.980768 0
    outer loop
      vertex 80.5683 34.0227 9.1
      vertex 81.0301 33.9308 10.5
      vertex 80.5683 34.0227 10.5
    endloop
  endfacet
  facet normal -0.195177 -0.980768 -0
    outer loop
      vertex 81.0301 33.9308 10.5
      vertex 80.5683 34.0227 9.1
      vertex 81.0301 33.9308 9.1
    endloop
  endfacet
  facet normal 0.0654055 -0.997859 0
    outer loop
      vertex 81.5 33.9 9.1
      vertex 81.9699 33.9308 10.5
      vertex 81.5 33.9 10.5
    endloop
  endfacet
  facet normal 0.0654055 -0.997859 0
    outer loop
      vertex 81.9699 33.9308 10.5
      vertex 81.5 33.9 9.1
      vertex 81.9699 33.9308 9.1
    endloop
  endfacet
  facet normal -0.442365 -0.896835 0
    outer loop
      vertex 79.7 34.3823 9.1
      vertex 80.1223 34.174 10.5
      vertex 79.7 34.3823 10.5
    endloop
  endfacet
  facet normal -0.442365 -0.896835 -0
    outer loop
      vertex 80.1223 34.174 10.5
      vertex 79.7 34.3823 9.1
      vertex 80.1223 34.174 9.1
    endloop
  endfacet
  facet normal 0.195454 0.980713 -0
    outer loop
      vertex 82.4317 40.9773 9.1
      vertex 82.3178 41 10.5
      vertex 82.4317 40.9773 10.5
    endloop
  endfacet
  facet normal 0.195454 0.980713 0
    outer loop
      vertex 82.3178 41 10.5
      vertex 82.4317 40.9773 9.1
      vertex 82.3178 41 9.1
    endloop
  endfacet
  facet normal 0.659301 -0.751879 0
    outer loop
      vertex 83.6915 34.6439 9.1
      vertex 84.0456 34.9544 10.5
      vertex 83.6915 34.6439 10.5
    endloop
  endfacet
  facet normal 0.659301 -0.751879 0
    outer loop
      vertex 84.0456 34.9544 10.5
      vertex 83.6915 34.6439 9.1
      vertex 84.0456 34.9544 9.1
    endloop
  endfacet
  facet normal 0.555582 0.831462 -0
    outer loop
      vertex 83.6915 40.3561 9.1
      vertex 83.3 40.6177 10.5
      vertex 83.6915 40.3561 10.5
    endloop
  endfacet
  facet normal 0.555582 0.831462 0
    outer loop
      vertex 83.3 40.6177 10.5
      vertex 83.6915 40.3561 9.1
      vertex 83.3 40.6177 9.1
    endloop
  endfacet
  facet normal -0.321256 0.946993 0
    outer loop
      vertex 80.5683 40.9773 9.1
      vertex 80.1223 40.826 10.5
      vertex 80.5683 40.9773 10.5
    endloop
  endfacet
  facet normal -0.321256 0.946993 0
    outer loop
      vertex 80.1223 40.826 10.5
      vertex 80.5683 40.9773 9.1
      vertex 80.1223 40.826 9.1
    endloop
  endfacet
  facet normal -0.0654055 -0.997859 0
    outer loop
      vertex 81.0301 33.9308 9.1
      vertex 81.5 33.9 10.5
      vertex 81.0301 33.9308 10.5
    endloop
  endfacet
  facet normal -0.0654055 -0.997859 -0
    outer loop
      vertex 81.5 33.9 10.5
      vertex 81.0301 33.9308 9.1
      vertex 81.5 33.9 9.1
    endloop
  endfacet
  facet normal -0.896835 0.442365 0
    outer loop
      vertex 78.174 38.8777 9.1
      vertex 78.3823 39.3 10.5
      vertex 78.3823 39.3 9.1
    endloop
  endfacet
  facet normal -0.896835 0.442365 0
    outer loop
      vertex 78.3823 39.3 10.5
      vertex 78.174 38.8777 9.1
      vertex 78.174 38.8777 10.5
    endloop
  endfacet
  facet normal -0.980768 0.195177 0
    outer loop
      vertex 77.9308 37.9699 9.1
      vertex 78.0227 38.4317 10.5
      vertex 78.0227 38.4317 9.1
    endloop
  endfacet
  facet normal -0.980768 0.195177 0
    outer loop
      vertex 78.0227 38.4317 10.5
      vertex 77.9308 37.9699 9.1
      vertex 77.9308 37.9699 10.5
    endloop
  endfacet
  facet normal 0.751879 0.659301 0
    outer loop
      vertex 84.3561 39.6915 10.5
      vertex 84.0456 40.0456 9.1
      vertex 84.0456 40.0456 10.5
    endloop
  endfacet
  facet normal 0.751879 0.659301 0
    outer loop
      vertex 84.0456 40.0456 9.1
      vertex 84.3561 39.6915 10.5
      vertex 84.3561 39.6915 9.1
    endloop
  endfacet
  facet normal -0.659301 -0.751879 0
    outer loop
      vertex 78.9544 34.9544 9.1
      vertex 79.3085 34.6439 10.5
      vertex 78.9544 34.9544 10.5
    endloop
  endfacet
  facet normal -0.659301 -0.751879 -0
    outer loop
      vertex 79.3085 34.6439 10.5
      vertex 78.9544 34.9544 9.1
      vertex 79.3085 34.6439 9.1
    endloop
  endfacet
  facet normal 0.659301 0.751879 -0
    outer loop
      vertex 84.0456 40.0456 9.1
      vertex 83.6915 40.3561 10.5
      vertex 84.0456 40.0456 10.5
    endloop
  endfacet
  facet normal 0.659301 0.751879 0
    outer loop
      vertex 83.6915 40.3561 10.5
      vertex 84.0456 40.0456 9.1
      vertex 83.6915 40.3561 9.1
    endloop
  endfacet
  facet normal -0.946993 0.321256 0
    outer loop
      vertex 78.0227 38.4317 9.1
      vertex 78.174 38.8777 10.5
      vertex 78.174 38.8777 9.1
    endloop
  endfacet
  facet normal -0.946993 0.321256 0
    outer loop
      vertex 78.174 38.8777 10.5
      vertex 78.0227 38.4317 9.1
      vertex 78.0227 38.4317 10.5
    endloop
  endfacet
  facet normal -0.997859 0.0654055 0
    outer loop
      vertex 77.9 37.5 9.1
      vertex 77.9308 37.9699 10.5
      vertex 77.9308 37.9699 9.1
    endloop
  endfacet
  facet normal -0.997859 0.0654055 0
    outer loop
      vertex 77.9308 37.9699 10.5
      vertex 77.9 37.5 9.1
      vertex 77.9 37.5 10.5
    endloop
  endfacet
  facet normal -0.751493 -0.659741 0
    outer loop
      vertex 86.1107 41.8523 9.8
      vertex 85.9899 41.9899 10.5
      vertex 85.9899 41.9899 9.8
    endloop
  endfacet
  facet normal -0.751493 -0.659741 0
    outer loop
      vertex 85.9899 41.9899 10.5
      vertex 86.1107 41.8523 9.8
      vertex 86.1107 41.8523 10.5
    endloop
  endfacet
  facet normal -0.980813 0.19495 0
    outer loop
      vertex 86.3523 2.63765 9.8
      vertex 86.388 2.81726 10.5
      vertex 86.388 2.81726 9.8
    endloop
  endfacet
  facet normal -0.980813 0.19495 0
    outer loop
      vertex 86.388 2.81726 10.5
      vertex 86.3523 2.63765 9.8
      vertex 86.3523 2.63765 10.5
    endloop
  endfacet
  facet normal 0.44227 0.896882 -0
    outer loop
      vertex 2.46424 1.70657 9.8
      vertex 2.3 1.78756 10.5
      vertex 2.46424 1.70657 10.5
    endloop
  endfacet
  facet normal 0.44227 0.896882 0
    outer loop
      vertex 2.3 1.78756 10.5
      vertex 2.46424 1.70657 9.8
      vertex 2.3 1.78756 9.8
    endloop
  endfacet
  facet normal -0.195066 0.98079 0
    outer loop
      vertex 85.3623 1.6477 9.8
      vertex 85.1827 1.61198 10.5
      vertex 85.3623 1.6477 10.5
    endloop
  endfacet
  facet normal -0.195066 0.98079 0
    outer loop
      vertex 85.1827 1.61198 10.5
      vertex 85.3623 1.6477 9.8
      vertex 85.1827 1.61198 9.8
    endloop
  endfacet
  facet normal -0.751683 0.659524 0
    outer loop
      vertex 85.9899 2.01005 9.8
      vertex 86.1107 2.14773 10.5
      vertex 86.1107 2.14773 9.8
    endloop
  endfacet
  facet normal -0.751683 0.659524 0
    outer loop
      vertex 86.1107 2.14773 10.5
      vertex 85.9899 2.01005 9.8
      vertex 85.9899 2.01005 10.5
    endloop
  endfacet
  facet normal -0.980811 -0.194961 0
    outer loop
      vertex 86.388 41.1827 9.8
      vertex 86.3523 41.3623 10.5
      vertex 86.3523 41.3623 9.8
    endloop
  endfacet
  facet normal -0.980811 -0.194961 0
    outer loop
      vertex 86.3523 41.3623 10.5
      vertex 86.388 41.1827 9.8
      vertex 86.388 41.1827 10.5
    endloop
  endfacet
  facet normal -0.0654315 0.997857 0
    outer loop
      vertex 85.1827 1.61198 9.8
      vertex 85 1.6 10.5
      vertex 85.1827 1.61198 10.5
    endloop
  endfacet
  facet normal -0.0654315 0.997857 0
    outer loop
      vertex 85 1.6 10.5
      vertex 85.1827 1.61198 9.8
      vertex 85 1.6 9.8
    endloop
  endfacet
  facet normal 0 -1 0
    outer loop
      vertex 3 42.4 9.8
      vertex 85 42.4 10.5
      vertex 3 42.4 10.5
    endloop
  endfacet
  facet normal 0 -1 -0
    outer loop
      vertex 85 42.4 10.5
      vertex 3 42.4 9.8
      vertex 85 42.4 9.8
    endloop
  endfacet
  facet normal 0.997858 0.0654172 0
    outer loop
      vertex 1.61198 2.81726 10.5
      vertex 1.6 3 9.8
      vertex 1.6 3 10.5
    endloop
  endfacet
  facet normal 0.997858 0.0654172 0
    outer loop
      vertex 1.6 3 9.8
      vertex 1.61198 2.81726 10.5
      vertex 1.61198 2.81726 9.8
    endloop
  endfacet
  facet normal -0.321462 -0.946922 0
    outer loop
      vertex 85.3623 42.3523 9.8
      vertex 85.5358 42.2934 10.5
      vertex 85.3623 42.3523 10.5
    endloop
  endfacet
  facet normal -0.321462 -0.946922 -0
    outer loop
      vertex 85.5358 42.2934 10.5
      vertex 85.3623 42.3523 9.8
      vertex 85.5358 42.2934 9.8
    endloop
  endfacet
  facet normal 0.0654172 0.997858 -0
    outer loop
      vertex 3 1.6 9.8
      vertex 2.81726 1.61198 10.5
      vertex 3 1.6 10.5
    endloop
  endfacet
  facet normal 0.0654172 0.997858 0
    outer loop
      vertex 2.81726 1.61198 10.5
      vertex 3 1.6 9.8
      vertex 2.81726 1.61198 9.8
    endloop
  endfacet
  facet normal 1 -0 0
    outer loop
      vertex 1.6 3 10.5
      vertex 1.6 41 9.8
      vertex 1.6 41 10.5
    endloop
  endfacet
  facet normal 1 0 0
    outer loop
      vertex 1.6 41 9.8
      vertex 1.6 3 10.5
      vertex 1.6 3 9.8
    endloop
  endfacet
  facet normal 0.555406 -0.831579 0
    outer loop
      vertex 2.14773 42.1107 9.8
      vertex 2.3 42.2124 10.5
      vertex 2.14773 42.1107 10.5
    endloop
  endfacet
  facet normal 0.555406 -0.831579 0
    outer loop
      vertex 2.3 42.2124 10.5
      vertex 2.14773 42.1107 9.8
      vertex 2.3 42.2124 9.8
    endloop
  endfacet
  facet normal -1 0 0
    outer loop
      vertex 86.4 3 9.8
      vertex 86.4 41 10.5
      vertex 86.4 41 9.8
    endloop
  endfacet
  facet normal -1 -0 0
    outer loop
      vertex 86.4 41 10.5
      vertex 86.4 3 9.8
      vertex 86.4 3 10.5
    endloop
  endfacet
  facet normal -0.321316 0.946972 0
    outer loop
      vertex 85.5358 1.70657 9.8
      vertex 85.3623 1.6477 10.5
      vertex 85.5358 1.70657 10.5
    endloop
  endfacet
  facet normal -0.321316 0.946972 0
    outer loop
      vertex 85.3623 1.6477 10.5
      vertex 85.5358 1.70657 9.8
      vertex 85.3623 1.6477 9.8
    endloop
  endfacet
  facet normal 0.831479 0.555557 0
    outer loop
      vertex 1.8893 2.14773 10.5
      vertex 1.78756 2.3 9.8
      vertex 1.78756 2.3 10.5
    endloop
  endfacet
  facet normal 0.831479 0.555557 0
    outer loop
      vertex 1.78756 2.3 9.8
      vertex 1.8893 2.14773 10.5
      vertex 1.8893 2.14773 9.8
    endloop
  endfacet
  facet normal 0.751628 -0.659587 0
    outer loop
      vertex 1.8893 41.8523 10.5
      vertex 2.01005 41.9899 9.8
      vertex 2.01005 41.9899 10.5
    endloop
  endfacet
  facet normal 0.751628 -0.659587 0
    outer loop
      vertex 2.01005 41.9899 9.8
      vertex 1.8893 41.8523 10.5
      vertex 1.8893 41.8523 9.8
    endloop
  endfacet
  facet normal -0.997851 0.0655259 0
    outer loop
      vertex 86.388 2.81726 9.8
      vertex 86.4 3 10.5
      vertex 86.4 3 9.8
    endloop
  endfacet
  facet normal -0.997851 0.0655259 0
    outer loop
      vertex 86.4 3 10.5
      vertex 86.388 2.81726 9.8
      vertex 86.388 2.81726 10.5
    endloop
  endfacet
  facet normal -0.0655402 -0.99785 0
    outer loop
      vertex 85 42.4 9.8
      vertex 85.1827 42.388 10.5
      vertex 85 42.4 10.5
    endloop
  endfacet
  facet normal -0.0655402 -0.99785 -0
    outer loop
      vertex 85.1827 42.388 10.5
      vertex 85 42.4 9.8
      vertex 85.1827 42.388 9.8
    endloop
  endfacet
  facet normal -0.83163 -0.55533 0
    outer loop
      vertex 86.2124 41.7 9.8
      vertex 86.1107 41.8523 10.5
      vertex 86.1107 41.8523 9.8
    endloop
  endfacet
  facet normal -0.83163 -0.55533 0
    outer loop
      vertex 86.1107 41.8523 10.5
      vertex 86.2124 41.7 9.8
      vertex 86.2124 41.7 10.5
    endloop
  endfacet
  facet normal -0.442357 0.896839 0
    outer loop
      vertex 85.7 1.78756 9.8
      vertex 85.5358 1.70657 10.5
      vertex 85.7 1.78756 10.5
    endloop
  endfacet
  facet normal -0.442357 0.896839 0
    outer loop
      vertex 85.5358 1.70657 10.5
      vertex 85.7 1.78756 9.8
      vertex 85.5358 1.70657 9.8
    endloop
  endfacet
  facet normal 0 1 -0
    outer loop
      vertex 85 1.6 9.8
      vertex 3 1.6 10.5
      vertex 85 1.6 10.5
    endloop
  endfacet
  facet normal 0 1 0
    outer loop
      vertex 3 1.6 10.5
      vertex 85 1.6 9.8
      vertex 3 1.6 9.8
    endloop
  endfacet
  facet normal -0.555481 0.831529 0
    outer loop
      vertex 85.8523 1.8893 9.8
      vertex 85.7 1.78756 10.5
      vertex 85.8523 1.8893 10.5
    endloop
  endfacet
  facet normal -0.555481 0.831529 0
    outer loop
      vertex 85.7 1.78756 10.5
      vertex 85.8523 1.8893 9.8
      vertex 85.7 1.78756 9.8
    endloop
  endfacet
  facet normal -0.946872 0.321612 0
    outer loop
      vertex 86.2934 2.46424 9.8
      vertex 86.3523 2.63765 10.5
      vertex 86.3523 2.63765 9.8
    endloop
  endfacet
  facet normal -0.946872 0.321612 0
    outer loop
      vertex 86.3523 2.63765 10.5
      vertex 86.2934 2.46424 9.8
      vertex 86.2934 2.46424 10.5
    endloop
  endfacet
  facet normal 0.321612 -0.946872 0
    outer loop
      vertex 2.46424 42.2934 9.8
      vertex 2.63765 42.3523 10.5
      vertex 2.46424 42.2934 10.5
    endloop
  endfacet
  facet normal 0.321612 -0.946872 0
    outer loop
      vertex 2.63765 42.3523 10.5
      vertex 2.46424 42.2934 9.8
      vertex 2.63765 42.3523 9.8
    endloop
  endfacet
  facet normal -0.55533 -0.83163 0
    outer loop
      vertex 85.7 42.2124 9.8
      vertex 85.8523 42.1107 10.5
      vertex 85.7 42.2124 10.5
    endloop
  endfacet
  facet normal -0.55533 -0.83163 -0
    outer loop
      vertex 85.8523 42.1107 10.5
      vertex 85.7 42.2124 9.8
      vertex 85.8523 42.1107 9.8
    endloop
  endfacet
  facet normal 0.321465 0.946921 -0
    outer loop
      vertex 2.63765 1.6477 9.8
      vertex 2.46424 1.70657 10.5
      vertex 2.63765 1.6477 10.5
    endloop
  endfacet
  facet normal 0.321465 0.946921 0
    outer loop
      vertex 2.46424 1.70657 10.5
      vertex 2.63765 1.6477 9.8
      vertex 2.46424 1.70657 9.8
    endloop
  endfacet
  facet normal 0.980792 0.195055 0
    outer loop
      vertex 1.6477 2.63765 10.5
      vertex 1.61198 2.81726 9.8
      vertex 1.61198 2.81726 10.5
    endloop
  endfacet
  facet normal 0.980792 0.195055 0
    outer loop
      vertex 1.61198 2.81726 9.8
      vertex 1.6477 2.63765 10.5
      vertex 1.6477 2.63765 9.8
    endloop
  endfacet
  facet normal -0.194961 -0.980811 0
    outer loop
      vertex 85.1827 42.388 9.8
      vertex 85.3623 42.3523 10.5
      vertex 85.1827 42.388 10.5
    endloop
  endfacet
  facet normal -0.194961 -0.980811 -0
    outer loop
      vertex 85.3623 42.3523 10.5
      vertex 85.1827 42.388 9.8
      vertex 85.3623 42.3523 9.8
    endloop
  endfacet
  facet normal -0.659587 0.751628 0
    outer loop
      vertex 85.9899 2.01005 9.8
      vertex 85.8523 1.8893 10.5
      vertex 85.9899 2.01005 10.5
    endloop
  endfacet
  facet normal -0.659587 0.751628 0
    outer loop
      vertex 85.8523 1.8893 10.5
      vertex 85.9899 2.01005 9.8
      vertex 85.8523 1.8893 9.8
    endloop
  endfacet
  facet normal 0.896882 0.44227 0
    outer loop
      vertex 1.78756 2.3 10.5
      vertex 1.70657 2.46424 9.8
      vertex 1.70657 2.46424 10.5
    endloop
  endfacet
  facet normal 0.896882 0.44227 0
    outer loop
      vertex 1.70657 2.46424 9.8
      vertex 1.78756 2.3 10.5
      vertex 1.78756 2.3 9.8
    endloop
  endfacet
  facet normal 0.98079 -0.195066 0
    outer loop
      vertex 1.61198 41.1827 10.5
      vertex 1.6477 41.3623 9.8
      vertex 1.6477 41.3623 10.5
    endloop
  endfacet
  facet normal 0.98079 -0.195066 0
    outer loop
      vertex 1.6477 41.3623 9.8
      vertex 1.61198 41.1827 10.5
      vertex 1.61198 41.1827 9.8
    endloop
  endfacet
  facet normal -0.896817 -0.442401 0
    outer loop
      vertex 86.2934 41.5358 9.8
      vertex 86.2124 41.7 10.5
      vertex 86.2124 41.7 9.8
    endloop
  endfacet
  facet normal -0.896817 -0.442401 0
    outer loop
      vertex 86.2124 41.7 10.5
      vertex 86.2934 41.5358 9.8
      vertex 86.2934 41.5358 10.5
    endloop
  endfacet
  facet normal 0.0655259 -0.997851 0
    outer loop
      vertex 2.81726 42.388 9.8
      vertex 3 42.4 10.5
      vertex 2.81726 42.388 10.5
    endloop
  endfacet
  facet normal 0.0655259 -0.997851 0
    outer loop
      vertex 3 42.4 10.5
      vertex 2.81726 42.388 9.8
      vertex 3 42.4 9.8
    endloop
  endfacet
  facet normal 0.19495 -0.980813 0
    outer loop
      vertex 2.63765 42.3523 9.8
      vertex 2.81726 42.388 10.5
      vertex 2.63765 42.3523 10.5
    endloop
  endfacet
  facet normal 0.19495 -0.980813 0
    outer loop
      vertex 2.81726 42.388 10.5
      vertex 2.63765 42.3523 9.8
      vertex 2.81726 42.388 9.8
    endloop
  endfacet
  facet normal 0.195055 0.980792 -0
    outer loop
      vertex 2.81726 1.61198 9.8
      vertex 2.63765 1.6477 10.5
      vertex 2.81726 1.61198 10.5
    endloop
  endfacet
  facet normal 0.195055 0.980792 0
    outer loop
      vertex 2.63765 1.6477 10.5
      vertex 2.81726 1.61198 9.8
      vertex 2.63765 1.6477 9.8
    endloop
  endfacet
  facet normal 0.659524 -0.751683 0
    outer loop
      vertex 2.01005 41.9899 9.8
      vertex 2.14773 42.1107 10.5
      vertex 2.01005 41.9899 10.5
    endloop
  endfacet
  facet normal 0.659524 -0.751683 0
    outer loop
      vertex 2.14773 42.1107 10.5
      vertex 2.01005 41.9899 9.8
      vertex 2.14773 42.1107 9.8
    endloop
  endfacet
  facet normal 0.555557 0.831479 -0
    outer loop
      vertex 2.3 1.78756 9.8
      vertex 2.14773 1.8893 10.5
      vertex 2.3 1.78756 10.5
    endloop
  endfacet
  facet normal 0.555557 0.831479 0
    outer loop
      vertex 2.14773 1.8893 10.5
      vertex 2.3 1.78756 9.8
      vertex 2.14773 1.8893 9.8
    endloop
  endfacet
  facet normal -0.89686 0.442314 0
    outer loop
      vertex 86.2124 2.3 9.8
      vertex 86.2934 2.46424 10.5
      vertex 86.2934 2.46424 9.8
    endloop
  endfacet
  facet normal -0.89686 0.442314 0
    outer loop
      vertex 86.2934 2.46424 10.5
      vertex 86.2124 2.3 9.8
      vertex 86.2124 2.3 10.5
    endloop
  endfacet
  facet normal 0.751818 0.65937 0
    outer loop
      vertex 2.01005 2.01005 10.5
      vertex 1.8893 2.14773 9.8
      vertex 1.8893 2.14773 10.5
    endloop
  endfacet
  facet normal 0.751818 0.65937 0
    outer loop
      vertex 1.8893 2.14773 9.8
      vertex 2.01005 2.01005 10.5
      vertex 2.01005 2.01005 9.8
    endloop
  endfacet
  facet normal 0.946972 -0.321316 0
    outer loop
      vertex 1.6477 41.3623 10.5
      vertex 1.70657 41.5358 9.8
      vertex 1.70657 41.5358 10.5
    endloop
  endfacet
  facet normal 0.946972 -0.321316 0
    outer loop
      vertex 1.70657 41.5358 9.8
      vertex 1.6477 41.3623 10.5
      vertex 1.6477 41.3623 9.8
    endloop
  endfacet
  facet normal 0.896839 -0.442357 0
    outer loop
      vertex 1.70657 41.5358 10.5
      vertex 1.78756 41.7 9.8
      vertex 1.78756 41.7 10.5
    endloop
  endfacet
  facet normal 0.896839 -0.442357 0
    outer loop
      vertex 1.78756 41.7 9.8
      vertex 1.70657 41.5358 10.5
      vertex 1.70657 41.5358 9.8
    endloop
  endfacet
  facet normal 0.946921 0.321465 0
    outer loop
      vertex 1.70657 2.46424 10.5
      vertex 1.6477 2.63765 9.8
      vertex 1.6477 2.63765 10.5
    endloop
  endfacet
  facet normal 0.946921 0.321465 0
    outer loop
      vertex 1.6477 2.63765 9.8
      vertex 1.70657 2.46424 10.5
      vertex 1.70657 2.46424 9.8
    endloop
  endfacet
  facet normal 0.65937 0.751818 -0
    outer loop
      vertex 2.14773 1.8893 9.8
      vertex 2.01005 2.01005 10.5
      vertex 2.14773 1.8893 10.5
    endloop
  endfacet
  facet normal 0.65937 0.751818 0
    outer loop
      vertex 2.01005 2.01005 10.5
      vertex 2.14773 1.8893 9.8
      vertex 2.01005 2.01005 9.8
    endloop
  endfacet
  facet normal 0.442314 -0.89686 0
    outer loop
      vertex 2.3 42.2124 9.8
      vertex 2.46424 42.2934 10.5
      vertex 2.3 42.2124 10.5
    endloop
  endfacet
  facet normal 0.442314 -0.89686 0
    outer loop
      vertex 2.46424 42.2934 10.5
      vertex 2.3 42.2124 9.8
      vertex 2.46424 42.2934 9.8
    endloop
  endfacet
  facet normal -0.659741 -0.751493 0
    outer loop
      vertex 85.8523 42.1107 9.8
      vertex 85.9899 41.9899 10.5
      vertex 85.8523 42.1107 10.5
    endloop
  endfacet
  facet normal -0.659741 -0.751493 -0
    outer loop
      vertex 85.9899 41.9899 10.5
      vertex 85.8523 42.1107 9.8
      vertex 85.9899 41.9899 9.8
    endloop
  endfacet
  facet normal 0.831529 -0.555481 0
    outer loop
      vertex 1.78756 41.7 10.5
      vertex 1.8893 41.8523 9.8
      vertex 1.8893 41.8523 10.5
    endloop
  endfacet
  facet normal 0.831529 -0.555481 0
    outer loop
      vertex 1.8893 41.8523 9.8
      vertex 1.78756 41.7 10.5
      vertex 1.78756 41.7 9.8
    endloop
  endfacet
  facet normal -0.442401 -0.896817 0
    outer loop
      vertex 85.5358 42.2934 9.8
      vertex 85.7 42.2124 10.5
      vertex 85.5358 42.2934 10.5
    endloop
  endfacet
  facet normal -0.442401 -0.896817 -0
    outer loop
      vertex 85.7 42.2124 10.5
      vertex 85.5358 42.2934 9.8
      vertex 85.7 42.2124 9.8
    endloop
  endfacet
  facet normal -0.831579 0.555406 0
    outer loop
      vertex 86.1107 2.14773 9.8
      vertex 86.2124 2.3 10.5
      vertex 86.2124 2.3 9.8
    endloop
  endfacet
  facet normal -0.831579 0.555406 0
    outer loop
      vertex 86.2124 2.3 10.5
      vertex 86.1107 2.14773 9.8
      vertex 86.1107 2.14773 10.5
    endloop
  endfacet
  facet normal -0.946922 -0.321462 0
    outer loop
      vertex 86.3523 41.3623 9.8
      vertex 86.2934 41.5358 10.5
      vertex 86.2934 41.5358 9.8
    endloop
  endfacet
  facet normal -0.946922 -0.321462 0
    outer loop
      vertex 86.2934 41.5358 10.5
      vertex 86.3523 41.3623 9.8
      vertex 86.3523 41.3623 10.5
    endloop
  endfacet
  facet normal -0.99785 -0.0655402 0
    outer loop
      vertex 86.4 41 9.8
      vertex 86.388 41.1827 10.5
      vertex 86.388 41.1827 9.8
    endloop
  endfacet
  facet normal -0.99785 -0.0655402 0
    outer loop
      vertex 86.388 41.1827 10.5
      vertex 86.4 41 9.8
      vertex 86.4 41 10.5
    endloop
  endfacet
  facet normal 0.997857 -0.0654315 0
    outer loop
      vertex 1.6 41 10.5
      vertex 1.61198 41.1827 9.8
      vertex 1.61198 41.1827 10.5
    endloop
  endfacet
  facet normal 0.997857 -0.0654315 0
    outer loop
      vertex 1.61198 41.1827 9.8
      vertex 1.6 41 10.5
      vertex 1.6 41 9.8
    endloop
  endfacet
  facet normal 0 0 1
    outer loop
      vertex 85.4 41 9.8
      vertex 86.4 41 9.8
      vertex 86.388 41.1827 9.8
    endloop
  endfacet
  facet normal 0 0 1
    outer loop
      vertex 86.4 41 9.8
      vertex 85.4 41 9.8
      vertex 86.4 3 9.8
    endloop
  endfacet
  facet normal 0 0 1
    outer loop
      vertex 85.3966 41.0522 9.8
      vertex 86.388 41.1827 9.8
      vertex 86.3523 41.3623 9.8
    endloop
  endfacet
  facet normal 0 0 1
    outer loop
      vertex 85.4 3 9.8
      vertex 86.4 3 9.8
      vertex 85.4 41 9.8
    endloop
  endfacet
  facet normal 0 0 1
    outer loop
      vertex 85.3864 41.1035 9.8
      vertex 86.3523 41.3623 9.8
      vertex 86.2934 41.5358 9.8
    endloop
  endfacet
  facet normal 0 0 1
    outer loop
      vertex 86.4 3 9.8
      vertex 85.4 3 9.8
      vertex 86.388 2.81726 9.8
    endloop
  endfacet
  facet normal 0 0 1
    outer loop
      vertex 85.3696 41.1531 9.8
      vertex 86.2934 41.5358 9.8
      vertex 86.2124 41.7 9.8
    endloop
  endfacet
  facet normal -0 0 1
    outer loop
      vertex 85.3966 2.94779 9.8
      vertex 86.388 2.81726 9.8
      vertex 85.4 3 9.8
    endloop
  endfacet
  facet normal 0 0 1
    outer loop
      vertex 85.3464 41.2 9.8
      vertex 86.2124 41.7 9.8
      vertex 86.1107 41.8523 9.8
    endloop
  endfacet
  facet normal 0 0 1
    outer loop
      vertex 86.388 2.81726 9.8
      vertex 85.3966 2.94779 9.8
      vertex 86.3523 2.63765 9.8
    endloop
  endfacet
  facet normal 0 0 1
    outer loop
      vertex 85.3173 41.2435 9.8
      vertex 86.1107 41.8523 9.8
      vertex 85.9899 41.9899 9.8
    endloop
  endfacet
  facet normal -0 0 1
    outer loop
      vertex 85.3864 2.89647 9.8
      vertex 86.3523 2.63765 9.8
      vertex 85.3966 2.94779 9.8
    endloop
  endfacet
  facet normal 0 0 1
    outer loop
      vertex 85.2828 41.2828 9.8
      vertex 85.9899 41.9899 9.8
      vertex 85.8523 42.1107 9.8
    endloop
  endfacet
  facet normal 0 0 1
    outer loop
      vertex 86.3523 2.63765 9.8
      vertex 85.3864 2.89647 9.8
      vertex 86.2934 2.46424 9.8
    endloop
  endfacet
  facet normal 0 0 1
    outer loop
      vertex 85.2435 41.3173 9.8
      vertex 85.8523 42.1107 9.8
      vertex 85.7 42.2124 9.8
    endloop
  endfacet
  facet normal -0 0 1
    outer loop
      vertex 85.3696 2.84693 9.8
      vertex 86.2934 2.46424 9.8
      vertex 85.3864 2.89647 9.8
    endloop
  endfacet
  facet normal 0 0 1
    outer loop
      vertex 85.2 41.3464 9.8
      vertex 85.7 42.2124 9.8
      vertex 85.5358 42.2934 9.8
    endloop
  endfacet
  facet normal 0 0 1
    outer loop
      vertex 86.2934 2.46424 9.8
      vertex 85.3696 2.84693 9.8
      vertex 86.2124 2.3 9.8
    endloop
  endfacet
  facet normal -0 0 1
    outer loop
      vertex 85.3464 2.8 9.8
      vertex 86.2124 2.3 9.8
      vertex 85.3696 2.84693 9.8
    endloop
  endfacet
  facet normal 0 0 1
    outer loop
      vertex 86.388 41.1827 9.8
      vertex 85.3966 41.0522 9.8
      vertex 85.4 41 9.8
    endloop
  endfacet
  facet normal 0 0 1
    outer loop
      vertex 86.3523 41.3623 9.8
      vertex 85.3864 41.1035 9.8
      vertex 85.3966 41.0522 9.8
    endloop
  endfacet
  facet normal 0 0 1
    outer loop
      vertex 86.2934 41.5358 9.8
      vertex 85.3696 41.1531 9.8
      vertex 85.3864 41.1035 9.8
    endloop
  endfacet
  facet normal 0 0 1
    outer loop
      vertex 85.1531 41.3696 9.8
      vertex 85.5358 42.2934 9.8
      vertex 85.3623 42.3523 9.8
    endloop
  endfacet
  facet normal 0 0 1
    outer loop
      vertex 86.2124 41.7 9.8
      vertex 85.3464 41.2 9.8
      vertex 85.3696 41.1531 9.8
    endloop
  endfacet
  facet normal 0 0 1
    outer loop
      vertex 86.1107 41.8523 9.8
      vertex 85.3173 41.2435 9.8
      vertex 85.3464 41.2 9.8
    endloop
  endfacet
  facet normal 0 0 1
    outer loop
      vertex 85.9899 41.9899 9.8
      vertex 85.2828 41.2828 9.8
      vertex 85.3173 41.2435 9.8
    endloop
  endfacet
  facet normal 0 0 1
    outer loop
      vertex 85.8523 42.1107 9.8
      vertex 85.2435 41.3173 9.8
      vertex 85.2828 41.2828 9.8
    endloop
  endfacet
  facet normal 0 0 1
    outer loop
      vertex 85.7 42.2124 9.8
      vertex 85.2 41.3464 9.8
      vertex 85.2435 41.3173 9.8
    endloop
  endfacet
  facet normal 0 0 1
    outer loop
      vertex 85.1035 41.3864 9.8
      vertex 85.3623 42.3523 9.8
      vertex 85.1827 42.388 9.8
    endloop
  endfacet
  facet normal 0 0 1
    outer loop
      vertex 85.5358 42.2934 9.8
      vertex 85.1531 41.3696 9.8
      vertex 85.2 41.3464 9.8
    endloop
  endfacet
  facet normal 0 0 1
    outer loop
      vertex 85.3623 42.3523 9.8
      vertex 85.1035 41.3864 9.8
      vertex 85.1531 41.3696 9.8
    endloop
  endfacet
  facet normal 0 0 1
    outer loop
      vertex 85.1827 42.388 9.8
      vertex 85.0522 41.3966 9.8
      vertex 85.1035 41.3864 9.8
    endloop
  endfacet
  facet normal 0 0 1
    outer loop
      vertex 85 42.4 9.8
      vertex 85.0522 41.3966 9.8
      vertex 85.1827 42.388 9.8
    endloop
  endfacet
  facet normal 0 0 1
    outer loop
      vertex 85 42.4 9.8
      vertex 85 41.4 9.8
      vertex 85.0522 41.3966 9.8
    endloop
  endfacet
  facet normal -0 0 1
    outer loop
      vertex 3 42.4 9.8
      vertex 85 41.4 9.8
      vertex 85 42.4 9.8
    endloop
  endfacet
  facet normal 0 0 1
    outer loop
      vertex 3 42.4 9.8
      vertex 3 41.4 9.8
      vertex 85 41.4 9.8
    endloop
  endfacet
  facet normal 0 0 1
    outer loop
      vertex 3 42.4 9.8
      vertex 2.94779 41.3966 9.8
      vertex 3 41.4 9.8
    endloop
  endfacet
  facet normal -0 0 1
    outer loop
      vertex 2.81726 42.388 9.8
      vertex 2.94779 41.3966 9.8
      vertex 3 42.4 9.8
    endloop
  endfacet
  facet normal 0 0 1
    outer loop
      vertex 2.94779 41.3966 9.8
      vertex 2.81726 42.388 9.8
      vertex 2.89647 41.3864 9.8
    endloop
  endfacet
  facet normal -0 0 1
    outer loop
      vertex 2.63765 42.3523 9.8
      vertex 2.89647 41.3864 9.8
      vertex 2.81726 42.388 9.8
    endloop
  endfacet
  facet normal 0 0 1
    outer loop
      vertex 2.89647 41.3864 9.8
      vertex 2.63765 42.3523 9.8
      vertex 2.84693 41.3696 9.8
    endloop
  endfacet
  facet normal -0 0 1
    outer loop
      vertex 2.46424 42.2934 9.8
      vertex 2.84693 41.3696 9.8
      vertex 2.63765 42.3523 9.8
    endloop
  endfacet
  facet normal 0 0 1
    outer loop
      vertex 2.84693 41.3696 9.8
      vertex 2.46424 42.2934 9.8
      vertex 2.8 41.3464 9.8
    endloop
  endfacet
  facet normal -0 0 1
    outer loop
      vertex 2.3 42.2124 9.8
      vertex 2.8 41.3464 9.8
      vertex 2.46424 42.2934 9.8
    endloop
  endfacet
  facet normal 0 0 1
    outer loop
      vertex 2.8 41.3464 9.8
      vertex 2.3 42.2124 9.8
      vertex 2.75649 41.3173 9.8
    endloop
  endfacet
  facet normal -0 0 1
    outer loop
      vertex 2.14773 42.1107 9.8
      vertex 2.75649 41.3173 9.8
      vertex 2.3 42.2124 9.8
    endloop
  endfacet
  facet normal 0 0 1
    outer loop
      vertex 2.75649 41.3173 9.8
      vertex 2.14773 42.1107 9.8
      vertex 2.71716 41.2828 9.8
    endloop
  endfacet
  facet normal -0 0 1
    outer loop
      vertex 2.01005 41.9899 9.8
      vertex 2.71716 41.2828 9.8
      vertex 2.14773 42.1107 9.8
    endloop
  endfacet
  facet normal 0 0 1
    outer loop
      vertex 2.71716 41.2828 9.8
      vertex 2.01005 41.9899 9.8
      vertex 2.68266 41.2435 9.8
    endloop
  endfacet
  facet normal -0 0 1
    outer loop
      vertex 1.8893 41.8523 9.8
      vertex 2.68266 41.2435 9.8
      vertex 2.01005 41.9899 9.8
    endloop
  endfacet
  facet normal -0 0 1
    outer loop
      vertex 1.78756 41.7 9.8
      vertex 2.65359 41.2 9.8
      vertex 1.8893 41.8523 9.8
    endloop
  endfacet
  facet normal 0 0 1
    outer loop
      vertex 2.68266 41.2435 9.8
      vertex 1.8893 41.8523 9.8
      vertex 2.65359 41.2 9.8
    endloop
  endfacet
  facet normal 0 0 1
    outer loop
      vertex 86.2124 2.3 9.8
      vertex 85.3464 2.8 9.8
      vertex 86.1107 2.14773 9.8
    endloop
  endfacet
  facet normal -0 0 1
    outer loop
      vertex 85.3173 2.75649 9.8
      vertex 86.1107 2.14773 9.8
      vertex 85.3464 2.8 9.8
    endloop
  endfacet
  facet normal 0 0 1
    outer loop
      vertex 86.1107 2.14773 9.8
      vertex 85.3173 2.75649 9.8
      vertex 85.9899 2.01005 9.8
    endloop
  endfacet
  facet normal -0 0 1
    outer loop
      vertex 85.2828 2.71716 9.8
      vertex 85.9899 2.01005 9.8
      vertex 85.3173 2.75649 9.8
    endloop
  endfacet
  facet normal 0 0 1
    outer loop
      vertex 85.9899 2.01005 9.8
      vertex 85.2828 2.71716 9.8
      vertex 85.8523 1.8893 9.8
    endloop
  endfacet
  facet normal -0 0 1
    outer loop
      vertex 85.2435 2.68266 9.8
      vertex 85.8523 1.8893 9.8
      vertex 85.2828 2.71716 9.8
    endloop
  endfacet
  facet normal 0 0 1
    outer loop
      vertex 85.8523 1.8893 9.8
      vertex 85.2435 2.68266 9.8
      vertex 85.7 1.78756 9.8
    endloop
  endfacet
  facet normal -0 0 1
    outer loop
      vertex 85.2 2.65359 9.8
      vertex 85.7 1.78756 9.8
      vertex 85.2435 2.68266 9.8
    endloop
  endfacet
  facet normal 0 0 1
    outer loop
      vertex 85.7 1.78756 9.8
      vertex 85.2 2.65359 9.8
      vertex 85.5358 1.70657 9.8
    endloop
  endfacet
  facet normal -0 0 1
    outer loop
      vertex 85.1531 2.63045 9.8
      vertex 85.5358 1.70657 9.8
      vertex 85.2 2.65359 9.8
    endloop
  endfacet
  facet normal 0 0 1
    outer loop
      vertex 85.5358 1.70657 9.8
      vertex 85.1531 2.63045 9.8
      vertex 85.3623 1.6477 9.8
    endloop
  endfacet
  facet normal -0 0 1
    outer loop
      vertex 85.1035 2.61363 9.8
      vertex 85.3623 1.6477 9.8
      vertex 85.1531 2.63045 9.8
    endloop
  endfacet
  facet normal 0 0 1
    outer loop
      vertex 85.3623 1.6477 9.8
      vertex 85.1035 2.61363 9.8
      vertex 85.1827 1.61198 9.8
    endloop
  endfacet
  facet normal -0 0 1
    outer loop
      vertex 85.0522 2.60342 9.8
      vertex 85.1827 1.61198 9.8
      vertex 85.1035 2.61363 9.8
    endloop
  endfacet
  facet normal -0 0 1
    outer loop
      vertex 85 2.6 9.8
      vertex 85.1827 1.61198 9.8
      vertex 85.0522 2.60342 9.8
    endloop
  endfacet
  facet normal 0 0 1
    outer loop
      vertex 85 2.6 9.8
      vertex 85 1.6 9.8
      vertex 85.1827 1.61198 9.8
    endloop
  endfacet
  facet normal -0 0 1
    outer loop
      vertex 3 2.6 9.8
      vertex 85 1.6 9.8
      vertex 85 2.6 9.8
    endloop
  endfacet
  facet normal 0 0 1
    outer loop
      vertex 3 2.6 9.8
      vertex 3 1.6 9.8
      vertex 85 1.6 9.8
    endloop
  endfacet
  facet normal 0 0 1
    outer loop
      vertex 2.94779 2.60342 9.8
      vertex 3 1.6 9.8
      vertex 3 2.6 9.8
    endloop
  endfacet
  facet normal 0 0 1
    outer loop
      vertex 2.81726 1.61198 9.8
      vertex 2.94779 2.60342 9.8
      vertex 2.89647 2.61363 9.8
    endloop
  endfacet
  facet normal 0 0 1
    outer loop
      vertex 2.63765 1.6477 9.8
      vertex 2.89647 2.61363 9.8
      vertex 2.84693 2.63045 9.8
    endloop
  endfacet
  facet normal 0 0 1
    outer loop
      vertex 2.94779 2.60342 9.8
      vertex 2.81726 1.61198 9.8
      vertex 3 1.6 9.8
    endloop
  endfacet
  facet normal 0 0 1
    outer loop
      vertex 2.46424 1.70657 9.8
      vertex 2.84693 2.63045 9.8
      vertex 2.8 2.65359 9.8
    endloop
  endfacet
  facet normal 0 0 1
    outer loop
      vertex 2.3 1.78756 9.8
      vertex 2.8 2.65359 9.8
      vertex 2.75649 2.68266 9.8
    endloop
  endfacet
  facet normal 0 0 1
    outer loop
      vertex 2.14773 1.8893 9.8
      vertex 2.75649 2.68266 9.8
      vertex 2.71716 2.71716 9.8
    endloop
  endfacet
  facet normal 0 0 1
    outer loop
      vertex 2.01005 2.01005 9.8
      vertex 2.71716 2.71716 9.8
      vertex 2.68266 2.75649 9.8
    endloop
  endfacet
  facet normal 0 0 1
    outer loop
      vertex 1.8893 2.14773 9.8
      vertex 2.68266 2.75649 9.8
      vertex 2.65359 2.8 9.8
    endloop
  endfacet
  facet normal 0 0 1
    outer loop
      vertex 2.89647 2.61363 9.8
      vertex 2.63765 1.6477 9.8
      vertex 2.81726 1.61198 9.8
    endloop
  endfacet
  facet normal 0 0 1
    outer loop
      vertex 1.78756 2.3 9.8
      vertex 2.65359 2.8 9.8
      vertex 2.63045 2.84693 9.8
    endloop
  endfacet
  facet normal 0 0 1
    outer loop
      vertex 1.70657 2.46424 9.8
      vertex 2.63045 2.84693 9.8
      vertex 2.61363 2.89647 9.8
    endloop
  endfacet
  facet normal 0 0 1
    outer loop
      vertex 1.6477 2.63765 9.8
      vertex 2.61363 2.89647 9.8
      vertex 2.60342 2.94779 9.8
    endloop
  endfacet
  facet normal 0 0 1
    outer loop
      vertex 1.61198 2.81726 9.8
      vertex 2.60342 2.94779 9.8
      vertex 2.6 3 9.8
    endloop
  endfacet
  facet normal 0 0 1
    outer loop
      vertex 2.84693 2.63045 9.8
      vertex 2.46424 1.70657 9.8
      vertex 2.63765 1.6477 9.8
    endloop
  endfacet
  facet normal 0 0 1
    outer loop
      vertex 2.6 41 9.8
      vertex 1.6 41 9.8
      vertex 2.6 3 9.8
    endloop
  endfacet
  facet normal 0 0 1
    outer loop
      vertex 2.65359 41.2 9.8
      vertex 1.78756 41.7 9.8
      vertex 2.63045 41.1531 9.8
    endloop
  endfacet
  facet normal 0 0 1
    outer loop
      vertex 1.6 3 9.8
      vertex 2.6 3 9.8
      vertex 1.6 41 9.8
    endloop
  endfacet
  facet normal -0 0 1
    outer loop
      vertex 1.70657 41.5358 9.8
      vertex 2.63045 41.1531 9.8
      vertex 1.78756 41.7 9.8
    endloop
  endfacet
  facet normal 0 -0 1
    outer loop
      vertex 1.61198 2.81726 9.8
      vertex 2.6 3 9.8
      vertex 1.6 3 9.8
    endloop
  endfacet
  facet normal 0 0 1
    outer loop
      vertex 2.63045 41.1531 9.8
      vertex 1.70657 41.5358 9.8
      vertex 2.61363 41.1035 9.8
    endloop
  endfacet
  facet normal 0 0 1
    outer loop
      vertex 2.8 2.65359 9.8
      vertex 2.3 1.78756 9.8
      vertex 2.46424 1.70657 9.8
    endloop
  endfacet
  facet normal -0 0 1
    outer loop
      vertex 1.6477 41.3623 9.8
      vertex 2.61363 41.1035 9.8
      vertex 1.70657 41.5358 9.8
    endloop
  endfacet
  facet normal 0 0 1
    outer loop
      vertex 2.75649 2.68266 9.8
      vertex 2.14773 1.8893 9.8
      vertex 2.3 1.78756 9.8
    endloop
  endfacet
  facet normal 0 0 1
    outer loop
      vertex 2.61363 41.1035 9.8
      vertex 1.6477 41.3623 9.8
      vertex 2.60342 41.0522 9.8
    endloop
  endfacet
  facet normal 0 0 1
    outer loop
      vertex 2.71716 2.71716 9.8
      vertex 2.01005 2.01005 9.8
      vertex 2.14773 1.8893 9.8
    endloop
  endfacet
  facet normal -0 0 1
    outer loop
      vertex 1.61198 41.1827 9.8
      vertex 2.60342 41.0522 9.8
      vertex 1.6477 41.3623 9.8
    endloop
  endfacet
  facet normal 0 0 1
    outer loop
      vertex 2.68266 2.75649 9.8
      vertex 1.8893 2.14773 9.8
      vertex 2.01005 2.01005 9.8
    endloop
  endfacet
  facet normal 0 0 1
    outer loop
      vertex 2.60342 41.0522 9.8
      vertex 1.61198 41.1827 9.8
      vertex 2.6 41 9.8
    endloop
  endfacet
  facet normal 0 0 1
    outer loop
      vertex 2.65359 2.8 9.8
      vertex 1.78756 2.3 9.8
      vertex 1.8893 2.14773 9.8
    endloop
  endfacet
  facet normal 0 0 1
    outer loop
      vertex 2.6 41 9.8
      vertex 1.61198 41.1827 9.8
      vertex 1.6 41 9.8
    endloop
  endfacet
  facet normal 0 0 1
    outer loop
      vertex 2.63045 2.84693 9.8
      vertex 1.70657 2.46424 9.8
      vertex 1.78756 2.3 9.8
    endloop
  endfacet
  facet normal 0 0 1
    outer loop
      vertex 2.61363 2.89647 9.8
      vertex 1.6477 2.63765 9.8
      vertex 1.70657 2.46424 9.8
    endloop
  endfacet
  facet normal 0 0 1
    outer loop
      vertex 2.60342 2.94779 9.8
      vertex 1.61198 2.81726 9.8
      vertex 1.6477 2.63765 9.8
    endloop
  endfacet
  facet normal 1 -0 0
    outer loop
      vertex 85.4 3 10.5
      vertex 85.4 41 9.8
      vertex 85.4 41 10.5
    endloop
  endfacet
  facet normal 1 0 0
    outer loop
      vertex 85.4 41 9.8
      vertex 85.4 3 10.5
      vertex 85.4 3 9.8
    endloop
  endfacet
  facet normal 0.442465 -0.896786 0
    outer loop
      vertex 85.1531 2.63045 9.8
      vertex 85.2 2.65359 10.5
      vertex 85.1531 2.63045 10.5
    endloop
  endfacet
  facet normal 0.442465 -0.896786 0
    outer loop
      vertex 85.2 2.65359 10.5
      vertex 85.1531 2.63045 9.8
      vertex 85.2 2.65359 9.8
    endloop
  endfacet
  facet normal 0.32115 -0.947028 0
    outer loop
      vertex 85.1035 2.61363 9.8
      vertex 85.1531 2.63045 10.5
      vertex 85.1035 2.61363 10.5
    endloop
  endfacet
  facet normal 0.32115 -0.947028 0
    outer loop
      vertex 85.1531 2.63045 10.5
      vertex 85.1035 2.61363 9.8
      vertex 85.1531 2.63045 9.8
    endloop
  endfacet
  facet normal 0.89633 0.443387 0
    outer loop
      vertex 85.3696 41.1531 10.5
      vertex 85.3464 41.2 9.8
      vertex 85.3464 41.2 10.5
    endloop
  endfacet
  facet normal 0.89633 0.443387 0
    outer loop
      vertex 85.3464 41.2 9.8
      vertex 85.3696 41.1531 10.5
      vertex 85.3696 41.1531 9.8
    endloop
  endfacet
  facet normal -0.19494 0.980815 0
    outer loop
      vertex 2.94779 41.3966 9.8
      vertex 2.89647 41.3864 10.5
      vertex 2.94779 41.3966 10.5
    endloop
  endfacet
  facet normal -0.19494 0.980815 0
    outer loop
      vertex 2.89647 41.3864 10.5
      vertex 2.94779 41.3966 9.8
      vertex 2.89647 41.3864 9.8
    endloop
  endfacet
  facet normal 0.195013 0.980801 -0
    outer loop
      vertex 85.1035 41.3864 9.8
      vertex 85.0522 41.3966 10.5
      vertex 85.1035 41.3864 10.5
    endloop
  endfacet
  facet normal 0.195013 0.980801 0
    outer loop
      vertex 85.0522 41.3966 10.5
      vertex 85.1035 41.3864 9.8
      vertex 85.0522 41.3966 9.8
    endloop
  endfacet
  facet normal -0.751759 -0.659438 0
    outer loop
      vertex 2.71716 2.71716 9.8
      vertex 2.68266 2.75649 10.5
      vertex 2.68266 2.75649 9.8
    endloop
  endfacet
  facet normal -0.751759 -0.659438 0
    outer loop
      vertex 2.68266 2.75649 10.5
      vertex 2.71716 2.71716 9.8
      vertex 2.71716 2.71716 10.5
    endloop
  endfacet
  facet normal 0.555626 -0.831432 0
    outer loop
      vertex 85.2 2.65359 9.8
      vertex 85.2435 2.68266 10.5
      vertex 85.2 2.65359 10.5
    endloop
  endfacet
  facet normal 0.555626 -0.831432 0
    outer loop
      vertex 85.2435 2.68266 10.5
      vertex 85.2 2.65359 9.8
      vertex 85.2435 2.68266 9.8
    endloop
  endfacet
  facet normal 0.75151 0.659722 0
    outer loop
      vertex 85.3173 41.2435 10.5
      vertex 85.2828 41.2828 9.8
      vertex 85.2828 41.2828 10.5
    endloop
  endfacet
  facet normal 0.75151 0.659722 0
    outer loop
      vertex 85.2828 41.2828 9.8
      vertex 85.3173 41.2435 10.5
      vertex 85.3173 41.2435 9.8
    endloop
  endfacet
  facet normal 0 1 -0
    outer loop
      vertex 85 41.4 9.8
      vertex 3 41.4 10.5
      vertex 85 41.4 10.5
    endloop
  endfacet
  facet normal 0 1 0
    outer loop
      vertex 3 41.4 10.5
      vertex 85 41.4 9.8
      vertex 3 41.4 9.8
    endloop
  endfacet
  facet normal -1 0 0
    outer loop
      vertex 2.6 3 9.8
      vertex 2.6 41 10.5
      vertex 2.6 41 9.8
    endloop
  endfacet
  facet normal -1 -0 0
    outer loop
      vertex 2.6 41 10.5
      vertex 2.6 3 9.8
      vertex 2.6 3 10.5
    endloop
  endfacet
  facet normal -0.94691 -0.321498 0
    outer loop
      vertex 2.63045 2.84693 9.8
      vertex 2.61363 2.89647 10.5
      vertex 2.61363 2.89647 9.8
    endloop
  endfacet
  facet normal -0.94691 -0.321498 0
    outer loop
      vertex 2.61363 2.89647 10.5
      vertex 2.63045 2.84693 9.8
      vertex 2.63045 2.84693 10.5
    endloop
  endfacet
  facet normal -0.980779 -0.195124 0
    outer loop
      vertex 2.61363 2.89647 9.8
      vertex 2.60342 2.94779 10.5
      vertex 2.60342 2.94779 9.8
    endloop
  endfacet
  facet normal -0.980779 -0.195124 0
    outer loop
      vertex 2.60342 2.94779 10.5
      vertex 2.61363 2.89647 9.8
      vertex 2.61363 2.89647 10.5
    endloop
  endfacet
  facet normal 0.831167 0.556022 0
    outer loop
      vertex 85.3464 41.2 10.5
      vertex 85.3173 41.2435 9.8
      vertex 85.3173 41.2435 10.5
    endloop
  endfacet
  facet normal 0.831167 0.556022 0
    outer loop
      vertex 85.3173 41.2435 9.8
      vertex 85.3464 41.2 10.5
      vertex 85.3464 41.2 9.8
    endloop
  endfacet
  facet normal -0.321156 0.947026 0
    outer loop
      vertex 2.89647 41.3864 9.8
      vertex 2.84693 41.3696 10.5
      vertex 2.89647 41.3864 10.5
    endloop
  endfacet
  facet normal -0.321156 0.947026 0
    outer loop
      vertex 2.84693 41.3696 10.5
      vertex 2.89647 41.3864 9.8
      vertex 2.84693 41.3696 9.8
    endloop
  endfacet
  facet normal 0.831226 -0.555934 0
    outer loop
      vertex 85.3173 2.75649 10.5
      vertex 85.3464 2.8 9.8
      vertex 85.3464 2.8 10.5
    endloop
  endfacet
  facet normal 0.831226 -0.555934 0
    outer loop
      vertex 85.3464 2.8 9.8
      vertex 85.3173 2.75649 10.5
      vertex 85.3173 2.75649 9.8
    endloop
  endfacet
  facet normal 0.947026 -0.321156 0
    outer loop
      vertex 85.3696 2.84693 10.5
      vertex 85.3864 2.89647 9.8
      vertex 85.3864 2.89647 10.5
    endloop
  endfacet
  facet normal 0.947026 -0.321156 0
    outer loop
      vertex 85.3864 2.89647 9.8
      vertex 85.3696 2.84693 10.5
      vertex 85.3696 2.84693 9.8
    endloop
  endfacet
  facet normal 0.997886 -0.064984 0
    outer loop
      vertex 85.3966 2.94779 10.5
      vertex 85.4 3 9.8
      vertex 85.4 3 10.5
    endloop
  endfacet
  facet normal 0.997886 -0.064984 0
    outer loop
      vertex 85.4 3 9.8
      vertex 85.3966 2.94779 10.5
      vertex 85.3966 2.94779 9.8
    endloop
  endfacet
  facet normal 0 -1 0
    outer loop
      vertex 3 2.6 9.8
      vertex 85 2.6 10.5
      vertex 3 2.6 10.5
    endloop
  endfacet
  facet normal 0 -1 -0
    outer loop
      vertex 85 2.6 10.5
      vertex 3 2.6 9.8
      vertex 85 2.6 9.8
    endloop
  endfacet
  facet normal -0.443159 0.896443 0
    outer loop
      vertex 2.84693 41.3696 9.8
      vertex 2.8 41.3464 10.5
      vertex 2.84693 41.3696 10.5
    endloop
  endfacet
  facet normal -0.443159 0.896443 0
    outer loop
      vertex 2.8 41.3464 10.5
      vertex 2.84693 41.3696 9.8
      vertex 2.8 41.3464 9.8
    endloop
  endfacet
  facet normal 0.0653771 -0.997861 0
    outer loop
      vertex 85 2.6 9.8
      vertex 85.0522 2.60342 10.5
      vertex 85 2.6 10.5
    endloop
  endfacet
  facet normal 0.0653771 -0.997861 0
    outer loop
      vertex 85.0522 2.60342 10.5
      vertex 85 2.6 9.8
      vertex 85.0522 2.60342 9.8
    endloop
  endfacet
  facet normal -0.555538 -0.831491 0
    outer loop
      vertex 2.75649 2.68266 9.8
      vertex 2.8 2.65359 10.5
      vertex 2.75649 2.68266 10.5
    endloop
  endfacet
  facet normal -0.555538 -0.831491 -0
    outer loop
      vertex 2.8 2.65359 10.5
      vertex 2.75649 2.68266 9.8
      vertex 2.8 2.65359 9.8
    endloop
  endfacet
  facet normal -0.0653646 -0.997861 0
    outer loop
      vertex 2.94779 2.60342 9.8
      vertex 3 2.6 10.5
      vertex 2.94779 2.60342 10.5
    endloop
  endfacet
  facet normal -0.0653646 -0.997861 -0
    outer loop
      vertex 3 2.6 10.5
      vertex 2.94779 2.60342 9.8
      vertex 3 2.6 9.8
    endloop
  endfacet
  facet normal -0.321498 -0.94691 0
    outer loop
      vertex 2.84693 2.63045 9.8
      vertex 2.89647 2.61363 10.5
      vertex 2.84693 2.63045 10.5
    endloop
  endfacet
  facet normal -0.321498 -0.94691 -0
    outer loop
      vertex 2.89647 2.61363 10.5
      vertex 2.84693 2.63045 9.8
      vertex 2.89647 2.61363 9.8
    endloop
  endfacet
  facet normal 0.997886 0.0649964 0
    outer loop
      vertex 85.4 41 10.5
      vertex 85.3966 41.0522 9.8
      vertex 85.3966 41.0522 10.5
    endloop
  endfacet
  facet normal 0.997886 0.0649964 0
    outer loop
      vertex 85.3966 41.0522 9.8
      vertex 85.4 41 10.5
      vertex 85.4 41 9.8
    endloop
  endfacet
  facet normal -0.195124 -0.980779 0
    outer loop
      vertex 2.89647 2.61363 9.8
      vertex 2.94779 2.60342 10.5
      vertex 2.89647 2.61363 10.5
    endloop
  endfacet
  facet normal -0.195124 -0.980779 -0
    outer loop
      vertex 2.94779 2.60342 10.5
      vertex 2.89647 2.61363 9.8
      vertex 2.94779 2.60342 9.8
    endloop
  endfacet
  facet normal -0.980764 0.195197 0
    outer loop
      vertex 2.60342 41.0522 9.8
      vertex 2.61363 41.1035 10.5
      vertex 2.61363 41.1035 9.8
    endloop
  endfacet
  facet normal -0.980764 0.195197 0
    outer loop
      vertex 2.61363 41.1035 10.5
      vertex 2.60342 41.0522 9.8
      vertex 2.60342 41.0522 10.5
    endloop
  endfacet
  facet normal -0.064984 0.997886 0
    outer loop
      vertex 3 41.4 9.8
      vertex 2.94779 41.3966 10.5
      vertex 3 41.4 10.5
    endloop
  endfacet
  facet normal -0.064984 0.997886 0
    outer loop
      vertex 2.94779 41.3966 10.5
      vertex 3 41.4 9.8
      vertex 2.94779 41.3966 9.8
    endloop
  endfacet
  facet normal -0.831491 -0.555538 0
    outer loop
      vertex 2.68266 2.75649 9.8
      vertex 2.65359 2.8 10.5
      vertex 2.65359 2.8 9.8
    endloop
  endfacet
  facet normal -0.831491 -0.555538 0
    outer loop
      vertex 2.65359 2.8 10.5
      vertex 2.68266 2.75649 9.8
      vertex 2.68266 2.75649 10.5
    endloop
  endfacet
  facet normal 0.195197 -0.980764 0
    outer loop
      vertex 85.0522 2.60342 9.8
      vertex 85.1035 2.61363 10.5
      vertex 85.0522 2.60342 10.5
    endloop
  endfacet
  facet normal 0.195197 -0.980764 0
    outer loop
      vertex 85.1035 2.61363 10.5
      vertex 85.0522 2.60342 9.8
      vertex 85.1035 2.61363 9.8
    endloop
  endfacet
  facet normal -0.555934 0.831226 0
    outer loop
      vertex 2.8 41.3464 9.8
      vertex 2.75649 41.3173 10.5
      vertex 2.8 41.3464 10.5
    endloop
  endfacet
  facet normal -0.555934 0.831226 0
    outer loop
      vertex 2.75649 41.3173 10.5
      vertex 2.8 41.3464 9.8
      vertex 2.75649 41.3173 9.8
    endloop
  endfacet
  facet normal -0.896898 -0.442238 0
    outer loop
      vertex 2.65359 2.8 9.8
      vertex 2.63045 2.84693 10.5
      vertex 2.63045 2.84693 9.8
    endloop
  endfacet
  facet normal -0.896898 -0.442238 0
    outer loop
      vertex 2.63045 2.84693 10.5
      vertex 2.65359 2.8 9.8
      vertex 2.65359 2.8 10.5
    endloop
  endfacet
  facet normal 0.896443 -0.443159 0
    outer loop
      vertex 85.3464 2.8 10.5
      vertex 85.3696 2.84693 9.8
      vertex 85.3696 2.84693 10.5
    endloop
  endfacet
  facet normal 0.896443 -0.443159 0
    outer loop
      vertex 85.3696 2.84693 9.8
      vertex 85.3464 2.8 10.5
      vertex 85.3464 2.8 9.8
    endloop
  endfacet
  facet normal -0.659438 -0.751759 0
    outer loop
      vertex 2.71716 2.71716 9.8
      vertex 2.75649 2.68266 10.5
      vertex 2.71716 2.71716 10.5
    endloop
  endfacet
  facet normal -0.659438 -0.751759 -0
    outer loop
      vertex 2.75649 2.68266 10.5
      vertex 2.71716 2.71716 9.8
      vertex 2.75649 2.68266 9.8
    endloop
  endfacet
  facet normal 0.947145 0.320807 0
    outer loop
      vertex 85.3864 41.1035 10.5
      vertex 85.3696 41.1531 9.8
      vertex 85.3696 41.1531 10.5
    endloop
  endfacet
  facet normal 0.947145 0.320807 0
    outer loop
      vertex 85.3696 41.1531 9.8
      vertex 85.3864 41.1035 10.5
      vertex 85.3864 41.1035 9.8
    endloop
  endfacet
  facet normal 0.443387 0.89633 -0
    outer loop
      vertex 85.2 41.3464 9.8
      vertex 85.1531 41.3696 10.5
      vertex 85.2 41.3464 10.5
    endloop
  endfacet
  facet normal 0.443387 0.89633 0
    outer loop
      vertex 85.1531 41.3696 10.5
      vertex 85.2 41.3464 9.8
      vertex 85.1531 41.3696 9.8
    endloop
  endfacet
  facet normal -0.997861 0.0653771 0
    outer loop
      vertex 2.6 41 9.8
      vertex 2.60342 41.0522 10.5
      vertex 2.60342 41.0522 9.8
    endloop
  endfacet
  facet normal -0.997861 0.0653771 0
    outer loop
      vertex 2.60342 41.0522 10.5
      vertex 2.6 41 9.8
      vertex 2.6 41 10.5
    endloop
  endfacet
  facet normal -0.75151 0.659722 0
    outer loop
      vertex 2.68266 41.2435 9.8
      vertex 2.71716 41.2828 10.5
      vertex 2.71716 41.2828 9.8
    endloop
  endfacet
  facet normal -0.75151 0.659722 0
    outer loop
      vertex 2.71716 41.2828 10.5
      vertex 2.68266 41.2435 9.8
      vertex 2.68266 41.2435 10.5
    endloop
  endfacet
  facet normal -0.997861 -0.0653646 0
    outer loop
      vertex 2.60342 2.94779 9.8
      vertex 2.6 3 10.5
      vertex 2.6 3 9.8
    endloop
  endfacet
  facet normal -0.997861 -0.0653646 0
    outer loop
      vertex 2.6 3 10.5
      vertex 2.60342 2.94779 9.8
      vertex 2.60342 2.94779 10.5
    endloop
  endfacet
  facet normal -0.659438 0.751759 0
    outer loop
      vertex 2.75649 41.3173 9.8
      vertex 2.71716 41.2828 10.5
      vertex 2.75649 41.3173 10.5
    endloop
  endfacet
  facet normal -0.659438 0.751759 0
    outer loop
      vertex 2.71716 41.2828 10.5
      vertex 2.75649 41.3173 9.8
      vertex 2.71716 41.2828 9.8
    endloop
  endfacet
  facet normal 0.320807 0.947145 -0
    outer loop
      vertex 85.1531 41.3696 9.8
      vertex 85.1035 41.3864 10.5
      vertex 85.1531 41.3696 10.5
    endloop
  endfacet
  facet normal 0.320807 0.947145 0
    outer loop
      vertex 85.1035 41.3864 10.5
      vertex 85.1531 41.3696 9.8
      vertex 85.1035 41.3864 9.8
    endloop
  endfacet
  facet normal -0.947028 0.32115 0
    outer loop
      vertex 2.61363 41.1035 9.8
      vertex 2.63045 41.1531 10.5
      vertex 2.63045 41.1531 9.8
    endloop
  endfacet
  facet normal -0.947028 0.32115 0
    outer loop
      vertex 2.63045 41.1531 10.5
      vertex 2.61363 41.1035 9.8
      vertex 2.61363 41.1035 10.5
    endloop
  endfacet
  facet normal -0.442238 -0.896898 0
    outer loop
      vertex 2.8 2.65359 9.8
      vertex 2.84693 2.63045 10.5
      vertex 2.8 2.65359 10.5
    endloop
  endfacet
  facet normal -0.442238 -0.896898 -0
    outer loop
      vertex 2.84693 2.63045 10.5
      vertex 2.8 2.65359 9.8
      vertex 2.84693 2.63045 9.8
    endloop
  endfacet
  facet normal 0.556022 0.831167 -0
    outer loop
      vertex 85.2435 41.3173 9.8
      vertex 85.2 41.3464 10.5
      vertex 85.2435 41.3173 10.5
    endloop
  endfacet
  facet normal 0.556022 0.831167 0
    outer loop
      vertex 85.2 41.3464 10.5
      vertex 85.2435 41.3173 9.8
      vertex 85.2 41.3464 9.8
    endloop
  endfacet
  facet normal 0.659722 0.75151 -0
    outer loop
      vertex 85.2828 41.2828 9.8
      vertex 85.2435 41.3173 10.5
      vertex 85.2828 41.2828 10.5
    endloop
  endfacet
  facet normal 0.659722 0.75151 0
    outer loop
      vertex 85.2435 41.3173 10.5
      vertex 85.2828 41.2828 9.8
      vertex 85.2435 41.3173 9.8
    endloop
  endfacet
  facet normal 0.980815 -0.19494 0
    outer loop
      vertex 85.3864 2.89647 10.5
      vertex 85.3966 2.94779 9.8
      vertex 85.3966 2.94779 10.5
    endloop
  endfacet
  facet normal 0.980815 -0.19494 0
    outer loop
      vertex 85.3966 2.94779 9.8
      vertex 85.3864 2.89647 10.5
      vertex 85.3864 2.89647 9.8
    endloop
  endfacet
  facet normal 0.659722 -0.75151 0
    outer loop
      vertex 85.2435 2.68266 9.8
      vertex 85.2828 2.71716 10.5
      vertex 85.2435 2.68266 10.5
    endloop
  endfacet
  facet normal 0.659722 -0.75151 0
    outer loop
      vertex 85.2828 2.71716 10.5
      vertex 85.2435 2.68266 9.8
      vertex 85.2828 2.71716 9.8
    endloop
  endfacet
  facet normal 0.0649964 0.997886 -0
    outer loop
      vertex 85.0522 41.3966 9.8
      vertex 85 41.4 10.5
      vertex 85.0522 41.3966 10.5
    endloop
  endfacet
  facet normal 0.0649964 0.997886 0
    outer loop
      vertex 85 41.4 10.5
      vertex 85.0522 41.3966 9.8
      vertex 85 41.4 9.8
    endloop
  endfacet
  facet normal 0.980801 0.195013 0
    outer loop
      vertex 85.3966 41.0522 10.5
      vertex 85.3864 41.1035 9.8
      vertex 85.3864 41.1035 10.5
    endloop
  endfacet
  facet normal 0.980801 0.195013 0
    outer loop
      vertex 85.3864 41.1035 9.8
      vertex 85.3966 41.0522 10.5
      vertex 85.3966 41.0522 9.8
    endloop
  endfacet
  facet normal 0.751759 -0.659438 0
    outer loop
      vertex 85.2828 2.71716 10.5
      vertex 85.3173 2.75649 9.8
      vertex 85.3173 2.75649 10.5
    endloop
  endfacet
  facet normal 0.751759 -0.659438 0
    outer loop
      vertex 85.3173 2.75649 9.8
      vertex 85.2828 2.71716 10.5
      vertex 85.2828 2.71716 9.8
    endloop
  endfacet
  facet normal -0.896786 0.442465 0
    outer loop
      vertex 2.63045 41.1531 9.8
      vertex 2.65359 41.2 10.5
      vertex 2.65359 41.2 9.8
    endloop
  endfacet
  facet normal -0.896786 0.442465 0
    outer loop
      vertex 2.65359 41.2 10.5
      vertex 2.63045 41.1531 9.8
      vertex 2.63045 41.1531 10.5
    endloop
  endfacet
  facet normal -0.831432 0.555626 0
    outer loop
      vertex 2.65359 41.2 9.8
      vertex 2.68266 41.2435 10.5
      vertex 2.68266 41.2435 9.8
    endloop
  endfacet
  facet normal -0.831432 0.555626 0
    outer loop
      vertex 2.68266 41.2435 10.5
      vertex 2.65359 41.2 9.8
      vertex 2.65359 41.2 10.5
    endloop
  endfacet
  facet normal -0.980787 -0.195081 0
    outer loop
      vertex 7.83845 6.67621 0
      vertex 7.804 6.84941 2
      vertex 7.804 6.84941 0
    endloop
  endfacet
  facet normal -0.980787 -0.195081 0
    outer loop
      vertex 7.804 6.84941 2
      vertex 7.83845 6.67621 0
      vertex 7.83845 6.67621 2
    endloop
  endfacet
  facet normal -0.980787 -0.195081 0
    outer loop
      vertex 7.83845 6.67621 9.1
      vertex 7.804 6.84941 10.5
      vertex 7.804 6.84941 9.1
    endloop
  endfacet
  facet normal -0.980787 -0.195081 0
    outer loop
      vertex 7.804 6.84941 10.5
      vertex 7.83845 6.67621 9.1
      vertex 7.83845 6.67621 10.5
    endloop
  endfacet
  facet normal -0.997859 -0.0654064 0
    outer loop
      vertex 7.85 6.5 0
      vertex 7.83845 6.67621 2
      vertex 7.83845 6.67621 0
    endloop
  endfacet
  facet normal -0.997859 -0.0654064 0
    outer loop
      vertex 7.83845 6.67621 2
      vertex 7.85 6.5 0
      vertex 7.85 6.5 2
    endloop
  endfacet
  facet normal -0.997859 -0.0654064 0
    outer loop
      vertex 7.85 6.5 9.1
      vertex 7.83845 6.67621 10.5
      vertex 7.83845 6.67621 9.1
    endloop
  endfacet
  facet normal -0.997859 -0.0654064 0
    outer loop
      vertex 7.83845 6.67621 10.5
      vertex 7.85 6.5 9.1
      vertex 7.85 6.5 10.5
    endloop
  endfacet
  facet normal -0.94693 -0.321439 0
    outer loop
      vertex 7.804 6.84941 0
      vertex 7.74724 7.01662 2
      vertex 7.74724 7.01662 0
    endloop
  endfacet
  facet normal -0.94693 -0.321439 0
    outer loop
      vertex 7.74724 7.01662 2
      vertex 7.804 6.84941 0
      vertex 7.804 6.84941 2
    endloop
  endfacet
  facet normal -0.94693 -0.321439 0
    outer loop
      vertex 7.804 6.84941 9.1
      vertex 7.74724 7.01662 10.5
      vertex 7.74724 7.01662 9.1
    endloop
  endfacet
  facet normal -0.94693 -0.321439 0
    outer loop
      vertex 7.74724 7.01662 10.5
      vertex 7.804 6.84941 9.1
      vertex 7.804 6.84941 10.5
    endloop
  endfacet
  facet normal -0.831492 -0.555536 0
    outer loop
      vertex 7.66913 7.175 0
      vertex 7.57103 7.32183 2
      vertex 7.57103 7.32183 0
    endloop
  endfacet
  facet normal -0.831492 -0.555536 0
    outer loop
      vertex 7.57103 7.32183 2
      vertex 7.66913 7.175 0
      vertex 7.66913 7.175 2
    endloop
  endfacet
  facet normal -0.831492 -0.555536 0
    outer loop
      vertex 7.66913 7.175 9.1
      vertex 7.57103 7.32183 10.5
      vertex 7.57103 7.32183 9.1
    endloop
  endfacet
  facet normal -0.831492 -0.555536 0
    outer loop
      vertex 7.57103 7.32183 10.5
      vertex 7.66913 7.175 9.1
      vertex 7.66913 7.175 10.5
    endloop
  endfacet
  facet normal 0.94693 0.321439 0
    outer loop
      vertex 5.25276 5.98338 2
      vertex 5.196 6.15059 0
      vertex 5.196 6.15059 2
    endloop
  endfacet
  facet normal 0.94693 0.321439 0
    outer loop
      vertex 5.196 6.15059 0
      vertex 5.25276 5.98338 2
      vertex 5.25276 5.98338 0
    endloop
  endfacet
  facet normal 0.94693 0.321439 0
    outer loop
      vertex 5.25276 5.98338 10.5
      vertex 5.196 6.15059 9.1
      vertex 5.196 6.15059 10.5
    endloop
  endfacet
  facet normal 0.94693 0.321439 0
    outer loop
      vertex 5.196 6.15059 9.1
      vertex 5.25276 5.98338 10.5
      vertex 5.25276 5.98338 9.1
    endloop
  endfacet
  facet normal -0.321439 0.94693 0
    outer loop
      vertex 7.01662 5.25276 0
      vertex 6.84941 5.196 2
      vertex 7.01662 5.25276 2
    endloop
  endfacet
  facet normal -0.321439 0.94693 0
    outer loop
      vertex 6.84941 5.196 2
      vertex 7.01662 5.25276 0
      vertex 6.84941 5.196 0
    endloop
  endfacet
  facet normal -0.321439 0.94693 0
    outer loop
      vertex 7.01662 5.25276 9.1
      vertex 6.84941 5.196 10.5
      vertex 7.01662 5.25276 10.5
    endloop
  endfacet
  facet normal -0.321439 0.94693 0
    outer loop
      vertex 6.84941 5.196 10.5
      vertex 7.01662 5.25276 9.1
      vertex 6.84941 5.196 9.1
    endloop
  endfacet
  facet normal -0.89686 -0.442314 0
    outer loop
      vertex 7.74724 7.01662 0
      vertex 7.66913 7.175 2
      vertex 7.66913 7.175 0
    endloop
  endfacet
  facet normal -0.89686 -0.442314 0
    outer loop
      vertex 7.66913 7.175 2
      vertex 7.74724 7.01662 0
      vertex 7.74724 7.01662 2
    endloop
  endfacet
  facet normal -0.89686 -0.442314 0
    outer loop
      vertex 7.74724 7.01662 9.1
      vertex 7.66913 7.175 10.5
      vertex 7.66913 7.175 9.1
    endloop
  endfacet
  facet normal -0.89686 -0.442314 0
    outer loop
      vertex 7.66913 7.175 10.5
      vertex 7.74724 7.01662 9.1
      vertex 7.74724 7.01662 10.5
    endloop
  endfacet
  facet normal 0.555536 -0.831492 0
    outer loop
      vertex 5.67817 7.57103 0
      vertex 5.825 7.66913 2
      vertex 5.67817 7.57103 2
    endloop
  endfacet
  facet normal 0.555536 -0.831492 0
    outer loop
      vertex 5.825 7.66913 2
      vertex 5.67817 7.57103 0
      vertex 5.825 7.66913 0
    endloop
  endfacet
  facet normal 0.555536 -0.831492 0
    outer loop
      vertex 5.67817 7.57103 9.1
      vertex 5.825 7.66913 10.5
      vertex 5.67817 7.57103 10.5
    endloop
  endfacet
  facet normal 0.555536 -0.831492 0
    outer loop
      vertex 5.825 7.66913 10.5
      vertex 5.67817 7.57103 9.1
      vertex 5.825 7.66913 9.1
    endloop
  endfacet
  facet normal -0.980787 0.195081 0
    outer loop
      vertex 7.804 6.15059 0
      vertex 7.83845 6.32379 2
      vertex 7.83845 6.32379 0
    endloop
  endfacet
  facet normal -0.980787 0.195081 0
    outer loop
      vertex 7.83845 6.32379 2
      vertex 7.804 6.15059 0
      vertex 7.804 6.15059 2
    endloop
  endfacet
  facet normal -0.980787 0.195081 0
    outer loop
      vertex 7.804 6.15059 9.1
      vertex 7.83845 6.32379 10.5
      vertex 7.83845 6.32379 9.1
    endloop
  endfacet
  facet normal -0.980787 0.195081 0
    outer loop
      vertex 7.83845 6.32379 10.5
      vertex 7.804 6.15059 9.1
      vertex 7.804 6.15059 10.5
    endloop
  endfacet
  facet normal -0.321439 -0.94693 0
    outer loop
      vertex 6.84941 7.804 0
      vertex 7.01662 7.74724 2
      vertex 6.84941 7.804 2
    endloop
  endfacet
  facet normal -0.321439 -0.94693 -0
    outer loop
      vertex 7.01662 7.74724 2
      vertex 6.84941 7.804 0
      vertex 7.01662 7.74724 0
    endloop
  endfacet
  facet normal -0.321439 -0.94693 0
    outer loop
      vertex 6.84941 7.804 9.1
      vertex 7.01662 7.74724 10.5
      vertex 6.84941 7.804 10.5
    endloop
  endfacet
  facet normal -0.321439 -0.94693 -0
    outer loop
      vertex 7.01662 7.74724 10.5
      vertex 6.84941 7.804 9.1
      vertex 7.01662 7.74724 9.1
    endloop
  endfacet
  facet normal 0.659386 -0.751804 0
    outer loop
      vertex 5.54541 7.45459 0
      vertex 5.67817 7.57103 2
      vertex 5.54541 7.45459 2
    endloop
  endfacet
  facet normal 0.659386 -0.751804 0
    outer loop
      vertex 5.67817 7.57103 2
      vertex 5.54541 7.45459 0
      vertex 5.67817 7.57103 0
    endloop
  endfacet
  facet normal 0.659386 -0.751804 0
    outer loop
      vertex 5.54541 7.45459 9.1
      vertex 5.67817 7.57103 10.5
      vertex 5.54541 7.45459 10.5
    endloop
  endfacet
  facet normal 0.659386 -0.751804 0
    outer loop
      vertex 5.67817 7.57103 10.5
      vertex 5.54541 7.45459 9.1
      vertex 5.67817 7.57103 9.1
    endloop
  endfacet
  facet normal -0.555575 0.831466 0
    outer loop
      vertex 7.32183 5.42897 0
      vertex 7.175 5.33086 2
      vertex 7.32183 5.42897 2
    endloop
  endfacet
  facet normal -0.555575 0.831466 0
    outer loop
      vertex 7.175 5.33086 2
      vertex 7.32183 5.42897 0
      vertex 7.175 5.33086 0
    endloop
  endfacet
  facet normal -0.555575 0.831466 0
    outer loop
      vertex 7.32183 5.42897 9.1
      vertex 7.175 5.33086 10.5
      vertex 7.32183 5.42897 10.5
    endloop
  endfacet
  facet normal -0.555575 0.831466 0
    outer loop
      vertex 7.175 5.33086 10.5
      vertex 7.32183 5.42897 9.1
      vertex 7.175 5.33086 9.1
    endloop
  endfacet
  facet normal 0.195081 -0.980787 0
    outer loop
      vertex 6.15059 7.804 0
      vertex 6.32379 7.83845 2
      vertex 6.15059 7.804 2
    endloop
  endfacet
  facet normal 0.195081 -0.980787 0
    outer loop
      vertex 6.32379 7.83845 2
      vertex 6.15059 7.804 0
      vertex 6.32379 7.83845 0
    endloop
  endfacet
  facet normal 0.195081 -0.980787 0
    outer loop
      vertex 6.15059 7.804 9.1
      vertex 6.32379 7.83845 10.5
      vertex 6.15059 7.804 10.5
    endloop
  endfacet
  facet normal 0.195081 -0.980787 0
    outer loop
      vertex 6.32379 7.83845 10.5
      vertex 6.15059 7.804 9.1
      vertex 6.32379 7.83845 9.1
    endloop
  endfacet
  facet normal 0.997859 0.0654064 0
    outer loop
      vertex 5.16155 6.32379 2
      vertex 5.15 6.5 0
      vertex 5.15 6.5 2
    endloop
  endfacet
  facet normal 0.997859 0.0654064 0
    outer loop
      vertex 5.15 6.5 0
      vertex 5.16155 6.32379 2
      vertex 5.16155 6.32379 0
    endloop
  endfacet
  facet normal 0.997859 0.0654064 0
    outer loop
      vertex 5.16155 6.32379 10.5
      vertex 5.15 6.5 9.1
      vertex 5.15 6.5 10.5
    endloop
  endfacet
  facet normal 0.997859 0.0654064 0
    outer loop
      vertex 5.15 6.5 9.1
      vertex 5.16155 6.32379 10.5
      vertex 5.16155 6.32379 9.1
    endloop
  endfacet
  facet normal 0.896883 0.442269 0
    outer loop
      vertex 5.33086 5.825 2
      vertex 5.25276 5.98338 0
      vertex 5.25276 5.98338 2
    endloop
  endfacet
  facet normal 0.896883 0.442269 0
    outer loop
      vertex 5.25276 5.98338 0
      vertex 5.33086 5.825 2
      vertex 5.33086 5.825 0
    endloop
  endfacet
  facet normal 0.896883 0.442269 0
    outer loop
      vertex 5.33086 5.825 10.5
      vertex 5.25276 5.98338 9.1
      vertex 5.25276 5.98338 10.5
    endloop
  endfacet
  facet normal 0.896883 0.442269 0
    outer loop
      vertex 5.25276 5.98338 9.1
      vertex 5.33086 5.825 10.5
      vertex 5.33086 5.825 9.1
    endloop
  endfacet
  facet normal -0.0654064 -0.997859 0
    outer loop
      vertex 6.5 7.85 0
      vertex 6.67621 7.83845 2
      vertex 6.5 7.85 2
    endloop
  endfacet
  facet normal -0.0654064 -0.997859 -0
    outer loop
      vertex 6.67621 7.83845 2
      vertex 6.5 7.85 0
      vertex 6.67621 7.83845 0
    endloop
  endfacet
  facet normal -0.0654064 -0.997859 0
    outer loop
      vertex 6.5 7.85 9.1
      vertex 6.67621 7.83845 10.5
      vertex 6.5 7.85 10.5
    endloop
  endfacet
  facet normal -0.0654064 -0.997859 -0
    outer loop
      vertex 6.67621 7.83845 10.5
      vertex 6.5 7.85 9.1
      vertex 6.67621 7.83845 9.1
    endloop
  endfacet
  facet normal 0.321439 0.94693 -0
    outer loop
      vertex 6.15059 5.196 0
      vertex 5.98338 5.25276 2
      vertex 6.15059 5.196 2
    endloop
  endfacet
  facet normal 0.321439 0.94693 0
    outer loop
      vertex 5.98338 5.25276 2
      vertex 6.15059 5.196 0
      vertex 5.98338 5.25276 0
    endloop
  endfacet
  facet normal 0.321439 0.94693 -0
    outer loop
      vertex 6.15059 5.196 9.1
      vertex 5.98338 5.25276 10.5
      vertex 6.15059 5.196 10.5
    endloop
  endfacet
  facet normal 0.321439 0.94693 0
    outer loop
      vertex 5.98338 5.25276 10.5
      vertex 6.15059 5.196 9.1
      vertex 5.98338 5.25276 9.1
    endloop
  endfacet
  facet normal -0.195081 0.980787 0
    outer loop
      vertex 6.84941 5.196 0
      vertex 6.67621 5.16155 2
      vertex 6.84941 5.196 2
    endloop
  endfacet
  facet normal -0.195081 0.980787 0
    outer loop
      vertex 6.67621 5.16155 2
      vertex 6.84941 5.196 0
      vertex 6.67621 5.16155 0
    endloop
  endfacet
  facet normal -0.195081 0.980787 0
    outer loop
      vertex 6.84941 5.196 9.1
      vertex 6.67621 5.16155 10.5
      vertex 6.84941 5.196 10.5
    endloop
  endfacet
  facet normal -0.195081 0.980787 0
    outer loop
      vertex 6.67621 5.16155 10.5
      vertex 6.84941 5.196 9.1
      vertex 6.67621 5.16155 9.1
    endloop
  endfacet
  facet normal 0.442314 -0.89686 0
    outer loop
      vertex 5.825 7.66913 0
      vertex 5.98338 7.74724 2
      vertex 5.825 7.66913 2
    endloop
  endfacet
  facet normal 0.442314 -0.89686 0
    outer loop
      vertex 5.98338 7.74724 2
      vertex 5.825 7.66913 0
      vertex 5.98338 7.74724 0
    endloop
  endfacet
  facet normal 0.442314 -0.89686 0
    outer loop
      vertex 5.825 7.66913 9.1
      vertex 5.98338 7.74724 10.5
      vertex 5.825 7.66913 10.5
    endloop
  endfacet
  facet normal 0.442314 -0.89686 0
    outer loop
      vertex 5.98338 7.74724 10.5
      vertex 5.825 7.66913 9.1
      vertex 5.98338 7.74724 9.1
    endloop
  endfacet
  facet normal 0.0654064 -0.997859 0
    outer loop
      vertex 6.32379 7.83845 0
      vertex 6.5 7.85 2
      vertex 6.32379 7.83845 2
    endloop
  endfacet
  facet normal 0.0654064 -0.997859 0
    outer loop
      vertex 6.5 7.85 2
      vertex 6.32379 7.83845 0
      vertex 6.5 7.85 0
    endloop
  endfacet
  facet normal 0.0654064 -0.997859 0
    outer loop
      vertex 6.32379 7.83845 9.1
      vertex 6.5 7.85 10.5
      vertex 6.32379 7.83845 10.5
    endloop
  endfacet
  facet normal 0.0654064 -0.997859 0
    outer loop
      vertex 6.5 7.85 10.5
      vertex 6.32379 7.83845 9.1
      vertex 6.5 7.85 9.1
    endloop
  endfacet
  facet normal -0.442314 -0.89686 0
    outer loop
      vertex 7.01662 7.74724 0
      vertex 7.175 7.66913 2
      vertex 7.01662 7.74724 2
    endloop
  endfacet
  facet normal -0.442314 -0.89686 -0
    outer loop
      vertex 7.175 7.66913 2
      vertex 7.01662 7.74724 0
      vertex 7.175 7.66913 0
    endloop
  endfacet
  facet normal -0.442314 -0.89686 0
    outer loop
      vertex 7.01662 7.74724 9.1
      vertex 7.175 7.66913 10.5
      vertex 7.01662 7.74724 10.5
    endloop
  endfacet
  facet normal -0.442314 -0.89686 -0
    outer loop
      vertex 7.175 7.66913 10.5
      vertex 7.01662 7.74724 9.1
      vertex 7.175 7.66913 9.1
    endloop
  endfacet
  facet normal -0.442269 0.896883 0
    outer loop
      vertex 7.175 5.33086 0
      vertex 7.01662 5.25276 2
      vertex 7.175 5.33086 2
    endloop
  endfacet
  facet normal -0.442269 0.896883 0
    outer loop
      vertex 7.01662 5.25276 2
      vertex 7.175 5.33086 0
      vertex 7.01662 5.25276 0
    endloop
  endfacet
  facet normal -0.442269 0.896883 0
    outer loop
      vertex 7.175 5.33086 9.1
      vertex 7.01662 5.25276 10.5
      vertex 7.175 5.33086 10.5
    endloop
  endfacet
  facet normal -0.442269 0.896883 0
    outer loop
      vertex 7.01662 5.25276 10.5
      vertex 7.175 5.33086 9.1
      vertex 7.01662 5.25276 9.1
    endloop
  endfacet
  facet normal 0.980787 0.195081 0
    outer loop
      vertex 5.196 6.15059 2
      vertex 5.16155 6.32379 0
      vertex 5.16155 6.32379 2
    endloop
  endfacet
  facet normal 0.980787 0.195081 0
    outer loop
      vertex 5.16155 6.32379 0
      vertex 5.196 6.15059 2
      vertex 5.196 6.15059 0
    endloop
  endfacet
  facet normal 0.980787 0.195081 0
    outer loop
      vertex 5.196 6.15059 10.5
      vertex 5.16155 6.32379 9.1
      vertex 5.16155 6.32379 10.5
    endloop
  endfacet
  facet normal 0.980787 0.195081 0
    outer loop
      vertex 5.16155 6.32379 9.1
      vertex 5.196 6.15059 10.5
      vertex 5.196 6.15059 9.1
    endloop
  endfacet
  facet normal -0.997859 0.0654064 0
    outer loop
      vertex 7.83845 6.32379 0
      vertex 7.85 6.5 2
      vertex 7.85 6.5 0
    endloop
  endfacet
  facet normal -0.997859 0.0654064 0
    outer loop
      vertex 7.85 6.5 2
      vertex 7.83845 6.32379 0
      vertex 7.83845 6.32379 2
    endloop
  endfacet
  facet normal -0.997859 0.0654064 0
    outer loop
      vertex 7.83845 6.32379 9.1
      vertex 7.85 6.5 10.5
      vertex 7.85 6.5 9.1
    endloop
  endfacet
  facet normal -0.997859 0.0654064 0
    outer loop
      vertex 7.85 6.5 10.5
      vertex 7.83845 6.32379 9.1
      vertex 7.83845 6.32379 10.5
    endloop
  endfacet
  facet normal 0.555575 0.831466 -0
    outer loop
      vertex 5.825 5.33086 0
      vertex 5.67817 5.42897 2
      vertex 5.825 5.33086 2
    endloop
  endfacet
  facet normal 0.555575 0.831466 0
    outer loop
      vertex 5.67817 5.42897 2
      vertex 5.825 5.33086 0
      vertex 5.67817 5.42897 0
    endloop
  endfacet
  facet normal 0.555575 0.831466 -0
    outer loop
      vertex 5.825 5.33086 9.1
      vertex 5.67817 5.42897 10.5
      vertex 5.825 5.33086 10.5
    endloop
  endfacet
  facet normal 0.555575 0.831466 0
    outer loop
      vertex 5.67817 5.42897 10.5
      vertex 5.825 5.33086 9.1
      vertex 5.67817 5.42897 9.1
    endloop
  endfacet
  facet normal -0.751804 0.659386 0
    outer loop
      vertex 7.45459 5.54541 0
      vertex 7.57103 5.67817 2
      vertex 7.57103 5.67817 0
    endloop
  endfacet
  facet normal -0.751804 0.659386 0
    outer loop
      vertex 7.57103 5.67817 2
      vertex 7.45459 5.54541 0
      vertex 7.45459 5.54541 2
    endloop
  endfacet
  facet normal -0.751804 0.659386 0
    outer loop
      vertex 7.45459 5.54541 9.1
      vertex 7.57103 5.67817 10.5
      vertex 7.57103 5.67817 9.1
    endloop
  endfacet
  facet normal -0.751804 0.659386 0
    outer loop
      vertex 7.57103 5.67817 10.5
      vertex 7.45459 5.54541 9.1
      vertex 7.45459 5.54541 10.5
    endloop
  endfacet
  facet normal -0.831492 0.555536 0
    outer loop
      vertex 7.57103 5.67817 0
      vertex 7.66913 5.825 2
      vertex 7.66913 5.825 0
    endloop
  endfacet
  facet normal -0.831492 0.555536 0
    outer loop
      vertex 7.66913 5.825 2
      vertex 7.57103 5.67817 0
      vertex 7.57103 5.67817 2
    endloop
  endfacet
  facet normal -0.831492 0.555536 0
    outer loop
      vertex 7.57103 5.67817 9.1
      vertex 7.66913 5.825 10.5
      vertex 7.66913 5.825 9.1
    endloop
  endfacet
  facet normal -0.831492 0.555536 0
    outer loop
      vertex 7.66913 5.825 10.5
      vertex 7.57103 5.67817 9.1
      vertex 7.57103 5.67817 10.5
    endloop
  endfacet
  facet normal 0.751804 0.659386 0
    outer loop
      vertex 5.54541 5.54541 2
      vertex 5.42897 5.67817 0
      vertex 5.42897 5.67817 2
    endloop
  endfacet
  facet normal 0.751804 0.659386 0
    outer loop
      vertex 5.42897 5.67817 0
      vertex 5.54541 5.54541 2
      vertex 5.54541 5.54541 0
    endloop
  endfacet
  facet normal 0.751804 0.659386 0
    outer loop
      vertex 5.54541 5.54541 10.5
      vertex 5.42897 5.67817 9.1
      vertex 5.42897 5.67817 10.5
    endloop
  endfacet
  facet normal 0.751804 0.659386 0
    outer loop
      vertex 5.42897 5.67817 9.1
      vertex 5.54541 5.54541 10.5
      vertex 5.54541 5.54541 9.1
    endloop
  endfacet
  facet normal 0.751804 -0.659386 0
    outer loop
      vertex 5.42897 7.32183 2
      vertex 5.54541 7.45459 0
      vertex 5.54541 7.45459 2
    endloop
  endfacet
  facet normal 0.751804 -0.659386 0
    outer loop
      vertex 5.54541 7.45459 0
      vertex 5.42897 7.32183 2
      vertex 5.42897 7.32183 0
    endloop
  endfacet
  facet normal 0.751804 -0.659386 0
    outer loop
      vertex 5.42897 7.32183 10.5
      vertex 5.54541 7.45459 9.1
      vertex 5.54541 7.45459 10.5
    endloop
  endfacet
  facet normal 0.751804 -0.659386 0
    outer loop
      vertex 5.54541 7.45459 9.1
      vertex 5.42897 7.32183 10.5
      vertex 5.42897 7.32183 9.1
    endloop
  endfacet
  facet normal 0.659386 0.751804 -0
    outer loop
      vertex 5.67817 5.42897 0
      vertex 5.54541 5.54541 2
      vertex 5.67817 5.42897 2
    endloop
  endfacet
  facet normal 0.659386 0.751804 0
    outer loop
      vertex 5.54541 5.54541 2
      vertex 5.67817 5.42897 0
      vertex 5.54541 5.54541 0
    endloop
  endfacet
  facet normal 0.659386 0.751804 -0
    outer loop
      vertex 5.67817 5.42897 9.1
      vertex 5.54541 5.54541 10.5
      vertex 5.67817 5.42897 10.5
    endloop
  endfacet
  facet normal 0.659386 0.751804 0
    outer loop
      vertex 5.54541 5.54541 10.5
      vertex 5.67817 5.42897 9.1
      vertex 5.54541 5.54541 9.1
    endloop
  endfacet
  facet normal -0.94693 0.321439 0
    outer loop
      vertex 7.74724 5.98338 0
      vertex 7.804 6.15059 2
      vertex 7.804 6.15059 0
    endloop
  endfacet
  facet normal -0.94693 0.321439 0
    outer loop
      vertex 7.804 6.15059 2
      vertex 7.74724 5.98338 0
      vertex 7.74724 5.98338 2
    endloop
  endfacet
  facet normal -0.94693 0.321439 0
    outer loop
      vertex 7.74724 5.98338 9.1
      vertex 7.804 6.15059 10.5
      vertex 7.804 6.15059 9.1
    endloop
  endfacet
  facet normal -0.94693 0.321439 0
    outer loop
      vertex 7.804 6.15059 10.5
      vertex 7.74724 5.98338 9.1
      vertex 7.74724 5.98338 10.5
    endloop
  endfacet
  facet normal 0.831466 0.555575 0
    outer loop
      vertex 5.42897 5.67817 2
      vertex 5.33086 5.825 0
      vertex 5.33086 5.825 2
    endloop
  endfacet
  facet normal 0.831466 0.555575 0
    outer loop
      vertex 5.33086 5.825 0
      vertex 5.42897 5.67817 2
      vertex 5.42897 5.67817 0
    endloop
  endfacet
  facet normal 0.831466 0.555575 0
    outer loop
      vertex 5.42897 5.67817 10.5
      vertex 5.33086 5.825 9.1
      vertex 5.33086 5.825 10.5
    endloop
  endfacet
  facet normal 0.831466 0.555575 0
    outer loop
      vertex 5.33086 5.825 9.1
      vertex 5.42897 5.67817 10.5
      vertex 5.42897 5.67817 9.1
    endloop
  endfacet
  facet normal -0.89686 0.442314 0
    outer loop
      vertex 7.66913 5.825 0
      vertex 7.74724 5.98338 2
      vertex 7.74724 5.98338 0
    endloop
  endfacet
  facet normal -0.89686 0.442314 0
    outer loop
      vertex 7.74724 5.98338 2
      vertex 7.66913 5.825 0
      vertex 7.66913 5.825 2
    endloop
  endfacet
  facet normal -0.89686 0.442314 0
    outer loop
      vertex 7.66913 5.825 9.1
      vertex 7.74724 5.98338 10.5
      vertex 7.74724 5.98338 9.1
    endloop
  endfacet
  facet normal -0.89686 0.442314 0
    outer loop
      vertex 7.74724 5.98338 10.5
      vertex 7.66913 5.825 9.1
      vertex 7.66913 5.825 10.5
    endloop
  endfacet
  facet normal 0.195081 0.980787 -0
    outer loop
      vertex 6.32379 5.16155 0
      vertex 6.15059 5.196 2
      vertex 6.32379 5.16155 2
    endloop
  endfacet
  facet normal 0.195081 0.980787 0
    outer loop
      vertex 6.15059 5.196 2
      vertex 6.32379 5.16155 0
      vertex 6.15059 5.196 0
    endloop
  endfacet
  facet normal 0.195081 0.980787 -0
    outer loop
      vertex 6.32379 5.16155 9.1
      vertex 6.15059 5.196 10.5
      vertex 6.32379 5.16155 10.5
    endloop
  endfacet
  facet normal 0.195081 0.980787 0
    outer loop
      vertex 6.15059 5.196 10.5
      vertex 6.32379 5.16155 9.1
      vertex 6.15059 5.196 9.1
    endloop
  endfacet
  facet normal -0.0654064 0.997859 0
    outer loop
      vertex 6.67621 5.16155 0
      vertex 6.5 5.15 2
      vertex 6.67621 5.16155 2
    endloop
  endfacet
  facet normal -0.0654064 0.997859 0
    outer loop
      vertex 6.5 5.15 2
      vertex 6.67621 5.16155 0
      vertex 6.5 5.15 0
    endloop
  endfacet
  facet normal -0.0654064 0.997859 0
    outer loop
      vertex 6.67621 5.16155 9.1
      vertex 6.5 5.15 10.5
      vertex 6.67621 5.16155 10.5
    endloop
  endfacet
  facet normal -0.0654064 0.997859 0
    outer loop
      vertex 6.5 5.15 10.5
      vertex 6.67621 5.16155 9.1
      vertex 6.5 5.15 9.1
    endloop
  endfacet
  facet normal 0.442269 0.896883 -0
    outer loop
      vertex 5.98338 5.25276 0
      vertex 5.825 5.33086 2
      vertex 5.98338 5.25276 2
    endloop
  endfacet
  facet normal 0.442269 0.896883 0
    outer loop
      vertex 5.825 5.33086 2
      vertex 5.98338 5.25276 0
      vertex 5.825 5.33086 0
    endloop
  endfacet
  facet normal 0.442269 0.896883 -0
    outer loop
      vertex 5.98338 5.25276 9.1
      vertex 5.825 5.33086 10.5
      vertex 5.98338 5.25276 10.5
    endloop
  endfacet
  facet normal 0.442269 0.896883 0
    outer loop
      vertex 5.825 5.33086 10.5
      vertex 5.98338 5.25276 9.1
      vertex 5.825 5.33086 9.1
    endloop
  endfacet
  facet normal -0.195081 -0.980787 0
    outer loop
      vertex 6.67621 7.83845 0
      vertex 6.84941 7.804 2
      vertex 6.67621 7.83845 2
    endloop
  endfacet
  facet normal -0.195081 -0.980787 -0
    outer loop
      vertex 6.84941 7.804 2
      vertex 6.67621 7.83845 0
      vertex 6.84941 7.804 0
    endloop
  endfacet
  facet normal -0.195081 -0.980787 0
    outer loop
      vertex 6.67621 7.83845 9.1
      vertex 6.84941 7.804 10.5
      vertex 6.67621 7.83845 10.5
    endloop
  endfacet
  facet normal -0.195081 -0.980787 -0
    outer loop
      vertex 6.84941 7.804 10.5
      vertex 6.67621 7.83845 9.1
      vertex 6.84941 7.804 9.1
    endloop
  endfacet
  facet normal -0.659386 0.751804 0
    outer loop
      vertex 7.45459 5.54541 0
      vertex 7.32183 5.42897 2
      vertex 7.45459 5.54541 2
    endloop
  endfacet
  facet normal -0.659386 0.751804 0
    outer loop
      vertex 7.32183 5.42897 2
      vertex 7.45459 5.54541 0
      vertex 7.32183 5.42897 0
    endloop
  endfacet
  facet normal -0.659386 0.751804 0
    outer loop
      vertex 7.45459 5.54541 9.1
      vertex 7.32183 5.42897 10.5
      vertex 7.45459 5.54541 10.5
    endloop
  endfacet
  facet normal -0.659386 0.751804 0
    outer loop
      vertex 7.32183 5.42897 10.5
      vertex 7.45459 5.54541 9.1
      vertex 7.32183 5.42897 9.1
    endloop
  endfacet
  facet normal -0.555536 -0.831492 0
    outer loop
      vertex 7.175 7.66913 0
      vertex 7.32183 7.57103 2
      vertex 7.175 7.66913 2
    endloop
  endfacet
  facet normal -0.555536 -0.831492 -0
    outer loop
      vertex 7.32183 7.57103 2
      vertex 7.175 7.66913 0
      vertex 7.32183 7.57103 0
    endloop
  endfacet
  facet normal -0.555536 -0.831492 0
    outer loop
      vertex 7.175 7.66913 9.1
      vertex 7.32183 7.57103 10.5
      vertex 7.175 7.66913 10.5
    endloop
  endfacet
  facet normal -0.555536 -0.831492 -0
    outer loop
      vertex 7.32183 7.57103 10.5
      vertex 7.175 7.66913 9.1
      vertex 7.32183 7.57103 9.1
    endloop
  endfacet
  facet normal 0.321439 -0.94693 0
    outer loop
      vertex 5.98338 7.74724 0
      vertex 6.15059 7.804 2
      vertex 5.98338 7.74724 2
    endloop
  endfacet
  facet normal 0.321439 -0.94693 0
    outer loop
      vertex 6.15059 7.804 2
      vertex 5.98338 7.74724 0
      vertex 6.15059 7.804 0
    endloop
  endfacet
  facet normal 0.321439 -0.94693 0
    outer loop
      vertex 5.98338 7.74724 9.1
      vertex 6.15059 7.804 10.5
      vertex 5.98338 7.74724 10.5
    endloop
  endfacet
  facet normal 0.321439 -0.94693 0
    outer loop
      vertex 6.15059 7.804 10.5
      vertex 5.98338 7.74724 9.1
      vertex 6.15059 7.804 9.1
    endloop
  endfacet
  facet normal 0.0654064 0.997859 -0
    outer loop
      vertex 6.5 5.15 0
      vertex 6.32379 5.16155 2
      vertex 6.5 5.15 2
    endloop
  endfacet
  facet normal 0.0654064 0.997859 0
    outer loop
      vertex 6.32379 5.16155 2
      vertex 6.5 5.15 0
      vertex 6.32379 5.16155 0
    endloop
  endfacet
  facet normal 0.0654064 0.997859 -0
    outer loop
      vertex 6.5 5.15 9.1
      vertex 6.32379 5.16155 10.5
      vertex 6.5 5.15 10.5
    endloop
  endfacet
  facet normal 0.0654064 0.997859 0
    outer loop
      vertex 6.32379 5.16155 10.5
      vertex 6.5 5.15 9.1
      vertex 6.32379 5.16155 9.1
    endloop
  endfacet
  facet normal 0.896883 -0.442269 0
    outer loop
      vertex 5.25276 7.01662 2
      vertex 5.33086 7.175 0
      vertex 5.33086 7.175 2
    endloop
  endfacet
  facet normal 0.896883 -0.442269 0
    outer loop
      vertex 5.33086 7.175 0
      vertex 5.25276 7.01662 2
      vertex 5.25276 7.01662 0
    endloop
  endfacet
  facet normal 0.896883 -0.442269 0
    outer loop
      vertex 5.25276 7.01662 10.5
      vertex 5.33086 7.175 9.1
      vertex 5.33086 7.175 10.5
    endloop
  endfacet
  facet normal 0.896883 -0.442269 0
    outer loop
      vertex 5.33086 7.175 9.1
      vertex 5.25276 7.01662 10.5
      vertex 5.25276 7.01662 9.1
    endloop
  endfacet
  facet normal 0.980787 -0.195081 0
    outer loop
      vertex 5.16155 6.67621 2
      vertex 5.196 6.84941 0
      vertex 5.196 6.84941 2
    endloop
  endfacet
  facet normal 0.980787 -0.195081 0
    outer loop
      vertex 5.196 6.84941 0
      vertex 5.16155 6.67621 2
      vertex 5.16155 6.67621 0
    endloop
  endfacet
  facet normal 0.980787 -0.195081 0
    outer loop
      vertex 5.16155 6.67621 10.5
      vertex 5.196 6.84941 9.1
      vertex 5.196 6.84941 10.5
    endloop
  endfacet
  facet normal 0.980787 -0.195081 0
    outer loop
      vertex 5.196 6.84941 9.1
      vertex 5.16155 6.67621 10.5
      vertex 5.16155 6.67621 9.1
    endloop
  endfacet
  facet normal -0.751804 -0.659386 0
    outer loop
      vertex 7.57103 7.32183 0
      vertex 7.45459 7.45459 2
      vertex 7.45459 7.45459 0
    endloop
  endfacet
  facet normal -0.751804 -0.659386 0
    outer loop
      vertex 7.45459 7.45459 2
      vertex 7.57103 7.32183 0
      vertex 7.57103 7.32183 2
    endloop
  endfacet
  facet normal -0.751804 -0.659386 0
    outer loop
      vertex 7.57103 7.32183 9.1
      vertex 7.45459 7.45459 10.5
      vertex 7.45459 7.45459 9.1
    endloop
  endfacet
  facet normal -0.751804 -0.659386 0
    outer loop
      vertex 7.45459 7.45459 10.5
      vertex 7.57103 7.32183 9.1
      vertex 7.57103 7.32183 10.5
    endloop
  endfacet
  facet normal -0.659386 -0.751804 0
    outer loop
      vertex 7.32183 7.57103 0
      vertex 7.45459 7.45459 2
      vertex 7.32183 7.57103 2
    endloop
  endfacet
  facet normal -0.659386 -0.751804 -0
    outer loop
      vertex 7.45459 7.45459 2
      vertex 7.32183 7.57103 0
      vertex 7.45459 7.45459 0
    endloop
  endfacet
  facet normal -0.659386 -0.751804 0
    outer loop
      vertex 7.32183 7.57103 9.1
      vertex 7.45459 7.45459 10.5
      vertex 7.32183 7.57103 10.5
    endloop
  endfacet
  facet normal -0.659386 -0.751804 -0
    outer loop
      vertex 7.45459 7.45459 10.5
      vertex 7.32183 7.57103 9.1
      vertex 7.45459 7.45459 9.1
    endloop
  endfacet
  facet normal 0.94693 -0.321439 0
    outer loop
      vertex 5.196 6.84941 2
      vertex 5.25276 7.01662 0
      vertex 5.25276 7.01662 2
    endloop
  endfacet
  facet normal 0.94693 -0.321439 0
    outer loop
      vertex 5.25276 7.01662 0
      vertex 5.196 6.84941 2
      vertex 5.196 6.84941 0
    endloop
  endfacet
  facet normal 0.94693 -0.321439 0
    outer loop
      vertex 5.196 6.84941 10.5
      vertex 5.25276 7.01662 9.1
      vertex 5.25276 7.01662 10.5
    endloop
  endfacet
  facet normal 0.94693 -0.321439 0
    outer loop
      vertex 5.25276 7.01662 9.1
      vertex 5.196 6.84941 10.5
      vertex 5.196 6.84941 9.1
    endloop
  endfacet
  facet normal 0.997859 -0.0654064 0
    outer loop
      vertex 5.15 6.5 2
      vertex 5.16155 6.67621 0
      vertex 5.16155 6.67621 2
    endloop
  endfacet
  facet normal 0.997859 -0.0654064 0
    outer loop
      vertex 5.16155 6.67621 0
      vertex 5.15 6.5 2
      vertex 5.15 6.5 0
    endloop
  endfacet
  facet normal 0.997859 -0.0654064 0
    outer loop
      vertex 5.15 6.5 10.5
      vertex 5.16155 6.67621 9.1
      vertex 5.16155 6.67621 10.5
    endloop
  endfacet
  facet normal 0.997859 -0.0654064 0
    outer loop
      vertex 5.16155 6.67621 9.1
      vertex 5.15 6.5 10.5
      vertex 5.15 6.5 9.1
    endloop
  endfacet
  facet normal 0.831466 -0.555575 0
    outer loop
      vertex 5.33086 7.175 2
      vertex 5.42897 7.32183 0
      vertex 5.42897 7.32183 2
    endloop
  endfacet
  facet normal 0.831466 -0.555575 0
    outer loop
      vertex 5.42897 7.32183 0
      vertex 5.33086 7.175 2
      vertex 5.33086 7.175 0
    endloop
  endfacet
  facet normal 0.831466 -0.555575 0
    outer loop
      vertex 5.33086 7.175 10.5
      vertex 5.42897 7.32183 9.1
      vertex 5.42897 7.32183 10.5
    endloop
  endfacet
  facet normal 0.831466 -0.555575 0
    outer loop
      vertex 5.42897 7.32183 9.1
      vertex 5.33086 7.175 10.5
      vertex 5.33086 7.175 9.1
    endloop
  endfacet
  facet normal -0.980787 -0.195081 0
    outer loop
      vertex 7.83845 37.6762 0
      vertex 7.804 37.8494 2
      vertex 7.804 37.8494 0
    endloop
  endfacet
  facet normal -0.980787 -0.195081 0
    outer loop
      vertex 7.804 37.8494 2
      vertex 7.83845 37.6762 0
      vertex 7.83845 37.6762 2
    endloop
  endfacet
  facet normal -0.980787 -0.195081 0
    outer loop
      vertex 7.83845 37.6762 9.1
      vertex 7.804 37.8494 10.5
      vertex 7.804 37.8494 9.1
    endloop
  endfacet
  facet normal -0.980787 -0.195081 0
    outer loop
      vertex 7.804 37.8494 10.5
      vertex 7.83845 37.6762 9.1
      vertex 7.83845 37.6762 10.5
    endloop
  endfacet
  facet normal -0.997858 -0.0654101 0
    outer loop
      vertex 7.85 37.5 0
      vertex 7.83845 37.6762 2
      vertex 7.83845 37.6762 0
    endloop
  endfacet
  facet normal -0.997858 -0.0654101 0
    outer loop
      vertex 7.83845 37.6762 2
      vertex 7.85 37.5 0
      vertex 7.85 37.5 2
    endloop
  endfacet
  facet normal -0.997858 -0.0654101 0
    outer loop
      vertex 7.85 37.5 9.1
      vertex 7.83845 37.6762 10.5
      vertex 7.83845 37.6762 9.1
    endloop
  endfacet
  facet normal -0.997858 -0.0654101 0
    outer loop
      vertex 7.83845 37.6762 10.5
      vertex 7.85 37.5 9.1
      vertex 7.85 37.5 10.5
    endloop
  endfacet
  facet normal -0.946925 -0.321456 0
    outer loop
      vertex 7.804 37.8494 0
      vertex 7.74724 38.0166 2
      vertex 7.74724 38.0166 0
    endloop
  endfacet
  facet normal -0.946925 -0.321456 0
    outer loop
      vertex 7.74724 38.0166 2
      vertex 7.804 37.8494 0
      vertex 7.804 37.8494 2
    endloop
  endfacet
  facet normal -0.946925 -0.321456 0
    outer loop
      vertex 7.804 37.8494 9.1
      vertex 7.74724 38.0166 10.5
      vertex 7.74724 38.0166 9.1
    endloop
  endfacet
  facet normal -0.946925 -0.321456 0
    outer loop
      vertex 7.74724 38.0166 10.5
      vertex 7.804 37.8494 9.1
      vertex 7.804 37.8494 10.5
    endloop
  endfacet
  facet normal -0.83144 -0.555615 0
    outer loop
      vertex 7.66913 38.175 0
      vertex 7.57103 38.3218 2
      vertex 7.57103 38.3218 0
    endloop
  endfacet
  facet normal -0.83144 -0.555615 0
    outer loop
      vertex 7.57103 38.3218 2
      vertex 7.66913 38.175 0
      vertex 7.66913 38.175 2
    endloop
  endfacet
  facet normal -0.83144 -0.555615 0
    outer loop
      vertex 7.66913 38.175 9.1
      vertex 7.57103 38.3218 10.5
      vertex 7.57103 38.3218 9.1
    endloop
  endfacet
  facet normal -0.83144 -0.555615 0
    outer loop
      vertex 7.57103 38.3218 10.5
      vertex 7.66913 38.175 9.1
      vertex 7.66913 38.175 10.5
    endloop
  endfacet
  facet normal 0.946925 0.321456 0
    outer loop
      vertex 5.25276 36.9834 2
      vertex 5.196 37.1506 0
      vertex 5.196 37.1506 2
    endloop
  endfacet
  facet normal 0.946925 0.321456 0
    outer loop
      vertex 5.196 37.1506 0
      vertex 5.25276 36.9834 2
      vertex 5.25276 36.9834 0
    endloop
  endfacet
  facet normal 0.946925 0.321456 0
    outer loop
      vertex 5.25276 36.9834 10.5
      vertex 5.196 37.1506 9.1
      vertex 5.196 37.1506 10.5
    endloop
  endfacet
  facet normal 0.946925 0.321456 0
    outer loop
      vertex 5.196 37.1506 9.1
      vertex 5.25276 36.9834 10.5
      vertex 5.25276 36.9834 9.1
    endloop
  endfacet
  facet normal -0.321642 0.946861 0
    outer loop
      vertex 7.01662 36.2528 0
      vertex 6.84941 36.196 2
      vertex 7.01662 36.2528 2
    endloop
  endfacet
  facet normal -0.321642 0.946861 0
    outer loop
      vertex 6.84941 36.196 2
      vertex 7.01662 36.2528 0
      vertex 6.84941 36.196 0
    endloop
  endfacet
  facet normal -0.321642 0.946861 0
    outer loop
      vertex 7.01662 36.2528 9.1
      vertex 6.84941 36.196 10.5
      vertex 7.01662 36.2528 10.5
    endloop
  endfacet
  facet normal -0.321642 0.946861 0
    outer loop
      vertex 6.84941 36.196 10.5
      vertex 7.01662 36.2528 9.1
      vertex 6.84941 36.196 9.1
    endloop
  endfacet
  facet normal -0.896882 -0.442269 0
    outer loop
      vertex 7.74724 38.0166 0
      vertex 7.66913 38.175 2
      vertex 7.66913 38.175 0
    endloop
  endfacet
  facet normal -0.896882 -0.442269 0
    outer loop
      vertex 7.66913 38.175 2
      vertex 7.74724 38.0166 0
      vertex 7.74724 38.0166 2
    endloop
  endfacet
  facet normal -0.896882 -0.442269 0
    outer loop
      vertex 7.74724 38.0166 9.1
      vertex 7.66913 38.175 10.5
      vertex 7.66913 38.175 9.1
    endloop
  endfacet
  facet normal -0.896882 -0.442269 0
    outer loop
      vertex 7.66913 38.175 10.5
      vertex 7.74724 38.0166 9.1
      vertex 7.74724 38.0166 10.5
    endloop
  endfacet
  facet normal 0.555536 -0.831492 0
    outer loop
      vertex 5.67817 38.571 0
      vertex 5.825 38.6691 2
      vertex 5.67817 38.571 2
    endloop
  endfacet
  facet normal 0.555536 -0.831492 0
    outer loop
      vertex 5.825 38.6691 2
      vertex 5.67817 38.571 0
      vertex 5.825 38.6691 0
    endloop
  endfacet
  facet normal 0.555536 -0.831492 0
    outer loop
      vertex 5.67817 38.571 9.1
      vertex 5.825 38.6691 10.5
      vertex 5.67817 38.571 10.5
    endloop
  endfacet
  facet normal 0.555536 -0.831492 0
    outer loop
      vertex 5.825 38.6691 10.5
      vertex 5.67817 38.571 9.1
      vertex 5.825 38.6691 9.1
    endloop
  endfacet
  facet normal -0.980787 0.195081 0
    outer loop
      vertex 7.804 37.1506 0
      vertex 7.83845 37.3238 2
      vertex 7.83845 37.3238 0
    endloop
  endfacet
  facet normal -0.980787 0.195081 0
    outer loop
      vertex 7.83845 37.3238 2
      vertex 7.804 37.1506 0
      vertex 7.804 37.1506 2
    endloop
  endfacet
  facet normal -0.980787 0.195081 0
    outer loop
      vertex 7.804 37.1506 9.1
      vertex 7.83845 37.3238 10.5
      vertex 7.83845 37.3238 9.1
    endloop
  endfacet
  facet normal -0.980787 0.195081 0
    outer loop
      vertex 7.83845 37.3238 10.5
      vertex 7.804 37.1506 9.1
      vertex 7.804 37.1506 10.5
    endloop
  endfacet
  facet normal -0.321642 -0.946861 0
    outer loop
      vertex 6.84941 38.804 0
      vertex 7.01662 38.7472 2
      vertex 6.84941 38.804 2
    endloop
  endfacet
  facet normal -0.321642 -0.946861 -0
    outer loop
      vertex 7.01662 38.7472 2
      vertex 6.84941 38.804 0
      vertex 7.01662 38.7472 0
    endloop
  endfacet
  facet normal -0.321642 -0.946861 0
    outer loop
      vertex 6.84941 38.804 9.1
      vertex 7.01662 38.7472 10.5
      vertex 6.84941 38.804 10.5
    endloop
  endfacet
  facet normal -0.321642 -0.946861 -0
    outer loop
      vertex 7.01662 38.7472 10.5
      vertex 6.84941 38.804 9.1
      vertex 7.01662 38.7472 9.1
    endloop
  endfacet
  facet normal 0.659258 -0.751917 0
    outer loop
      vertex 5.54541 38.4546 0
      vertex 5.67817 38.571 2
      vertex 5.54541 38.4546 2
    endloop
  endfacet
  facet normal 0.659258 -0.751917 0
    outer loop
      vertex 5.67817 38.571 2
      vertex 5.54541 38.4546 0
      vertex 5.67817 38.571 0
    endloop
  endfacet
  facet normal 0.659258 -0.751917 0
    outer loop
      vertex 5.54541 38.4546 9.1
      vertex 5.67817 38.571 10.5
      vertex 5.54541 38.4546 10.5
    endloop
  endfacet
  facet normal 0.659258 -0.751917 0
    outer loop
      vertex 5.67817 38.571 10.5
      vertex 5.54541 38.4546 9.1
      vertex 5.67817 38.571 9.1
    endloop
  endfacet
  facet normal -0.555536 0.831492 0
    outer loop
      vertex 7.32183 36.429 0
      vertex 7.175 36.3309 2
      vertex 7.32183 36.429 2
    endloop
  endfacet
  facet normal -0.555536 0.831492 0
    outer loop
      vertex 7.175 36.3309 2
      vertex 7.32183 36.429 0
      vertex 7.175 36.3309 0
    endloop
  endfacet
  facet normal -0.555536 0.831492 0
    outer loop
      vertex 7.32183 36.429 9.1
      vertex 7.175 36.3309 10.5
      vertex 7.32183 36.429 10.5
    endloop
  endfacet
  facet normal -0.555536 0.831492 0
    outer loop
      vertex 7.175 36.3309 10.5
      vertex 7.32183 36.429 9.1
      vertex 7.175 36.3309 9.1
    endloop
  endfacet
  facet normal 0.195354 -0.980733 0
    outer loop
      vertex 6.15059 38.804 0
      vertex 6.32379 38.8385 2
      vertex 6.15059 38.804 2
    endloop
  endfacet
  facet normal 0.195354 -0.980733 0
    outer loop
      vertex 6.32379 38.8385 2
      vertex 6.15059 38.804 0
      vertex 6.32379 38.8385 0
    endloop
  endfacet
  facet normal 0.195354 -0.980733 0
    outer loop
      vertex 6.15059 38.804 9.1
      vertex 6.32379 38.8385 10.5
      vertex 6.15059 38.804 10.5
    endloop
  endfacet
  facet normal 0.195354 -0.980733 0
    outer loop
      vertex 6.32379 38.8385 10.5
      vertex 6.15059 38.804 9.1
      vertex 6.32379 38.8385 9.1
    endloop
  endfacet
  facet normal 0.997858 0.0654101 0
    outer loop
      vertex 5.16155 37.3238 2
      vertex 5.15 37.5 0
      vertex 5.15 37.5 2
    endloop
  endfacet
  facet normal 0.997858 0.0654101 0
    outer loop
      vertex 5.15 37.5 0
      vertex 5.16155 37.3238 2
      vertex 5.16155 37.3238 0
    endloop
  endfacet
  facet normal 0.997858 0.0654101 0
    outer loop
      vertex 5.16155 37.3238 10.5
      vertex 5.15 37.5 9.1
      vertex 5.15 37.5 10.5
    endloop
  endfacet
  facet normal 0.997858 0.0654101 0
    outer loop
      vertex 5.15 37.5 9.1
      vertex 5.16155 37.3238 10.5
      vertex 5.16155 37.3238 9.1
    endloop
  endfacet
  facet normal 0.896905 0.442224 0
    outer loop
      vertex 5.33086 36.825 2
      vertex 5.25276 36.9834 0
      vertex 5.25276 36.9834 2
    endloop
  endfacet
  facet normal 0.896905 0.442224 0
    outer loop
      vertex 5.25276 36.9834 0
      vertex 5.33086 36.825 2
      vertex 5.33086 36.825 0
    endloop
  endfacet
  facet normal 0.896905 0.442224 0
    outer loop
      vertex 5.33086 36.825 10.5
      vertex 5.25276 36.9834 9.1
      vertex 5.25276 36.9834 10.5
    endloop
  endfacet
  facet normal 0.896905 0.442224 0
    outer loop
      vertex 5.25276 36.9834 9.1
      vertex 5.33086 36.825 10.5
      vertex 5.33086 36.825 9.1
    endloop
  endfacet
  facet normal -0.0651245 -0.997877 0
    outer loop
      vertex 6.5 38.85 0
      vertex 6.67621 38.8385 2
      vertex 6.5 38.85 2
    endloop
  endfacet
  facet normal -0.0651245 -0.997877 -0
    outer loop
      vertex 6.67621 38.8385 2
      vertex 6.5 38.85 0
      vertex 6.67621 38.8385 0
    endloop
  endfacet
  facet normal -0.0651245 -0.997877 0
    outer loop
      vertex 6.5 38.85 9.1
      vertex 6.67621 38.8385 10.5
      vertex 6.5 38.85 10.5
    endloop
  endfacet
  facet normal -0.0651245 -0.997877 -0
    outer loop
      vertex 6.67621 38.8385 10.5
      vertex 6.5 38.85 9.1
      vertex 6.67621 38.8385 9.1
    endloop
  endfacet
  facet normal 0.321642 0.946861 -0
    outer loop
      vertex 6.15059 36.196 0
      vertex 5.98338 36.2528 2
      vertex 6.15059 36.196 2
    endloop
  endfacet
  facet normal 0.321642 0.946861 0
    outer loop
      vertex 5.98338 36.2528 2
      vertex 6.15059 36.196 0
      vertex 5.98338 36.2528 0
    endloop
  endfacet
  facet normal 0.321642 0.946861 -0
    outer loop
      vertex 6.15059 36.196 9.1
      vertex 5.98338 36.2528 10.5
      vertex 6.15059 36.196 10.5
    endloop
  endfacet
  facet normal 0.321642 0.946861 0
    outer loop
      vertex 5.98338 36.2528 10.5
      vertex 6.15059 36.196 9.1
      vertex 5.98338 36.2528 9.1
    endloop
  endfacet
  facet normal -0.195354 0.980733 0
    outer loop
      vertex 6.84941 36.196 0
      vertex 6.67621 36.1615 2
      vertex 6.84941 36.196 2
    endloop
  endfacet
  facet normal -0.195354 0.980733 0
    outer loop
      vertex 6.67621 36.1615 2
      vertex 6.84941 36.196 0
      vertex 6.67621 36.1615 0
    endloop
  endfacet
  facet normal -0.195354 0.980733 0
    outer loop
      vertex 6.84941 36.196 9.1
      vertex 6.67621 36.1615 10.5
      vertex 6.84941 36.196 10.5
    endloop
  endfacet
  facet normal -0.195354 0.980733 0
    outer loop
      vertex 6.67621 36.1615 10.5
      vertex 6.84941 36.196 9.1
      vertex 6.67621 36.1615 9.1
    endloop
  endfacet
  facet normal 0.442269 -0.896883 0
    outer loop
      vertex 5.825 38.6691 0
      vertex 5.98338 38.7472 2
      vertex 5.825 38.6691 2
    endloop
  endfacet
  facet normal 0.442269 -0.896883 0
    outer loop
      vertex 5.98338 38.7472 2
      vertex 5.825 38.6691 0
      vertex 5.98338 38.7472 0
    endloop
  endfacet
  facet normal 0.442269 -0.896883 0
    outer loop
      vertex 5.825 38.6691 9.1
      vertex 5.98338 38.7472 10.5
      vertex 5.825 38.6691 10.5
    endloop
  endfacet
  facet normal 0.442269 -0.896883 0
    outer loop
      vertex 5.98338 38.7472 10.5
      vertex 5.825 38.6691 9.1
      vertex 5.98338 38.7472 9.1
    endloop
  endfacet
  facet normal -0.442269 -0.896883 0
    outer loop
      vertex 7.01662 38.7472 0
      vertex 7.175 38.6691 2
      vertex 7.01662 38.7472 2
    endloop
  endfacet
  facet normal -0.442269 -0.896883 -0
    outer loop
      vertex 7.175 38.6691 2
      vertex 7.01662 38.7472 0
      vertex 7.175 38.6691 0
    endloop
  endfacet
  facet normal -0.442269 -0.896883 0
    outer loop
      vertex 7.01662 38.7472 9.1
      vertex 7.175 38.6691 10.5
      vertex 7.01662 38.7472 10.5
    endloop
  endfacet
  facet normal -0.442269 -0.896883 -0
    outer loop
      vertex 7.175 38.6691 10.5
      vertex 7.01662 38.7472 9.1
      vertex 7.175 38.6691 9.1
    endloop
  endfacet
  facet normal -0.442269 0.896883 0
    outer loop
      vertex 7.175 36.3309 0
      vertex 7.01662 36.2528 2
      vertex 7.175 36.3309 2
    endloop
  endfacet
  facet normal -0.442269 0.896883 0
    outer loop
      vertex 7.01662 36.2528 2
      vertex 7.175 36.3309 0
      vertex 7.01662 36.2528 0
    endloop
  endfacet
  facet normal -0.442269 0.896883 0
    outer loop
      vertex 7.175 36.3309 9.1
      vertex 7.01662 36.2528 10.5
      vertex 7.175 36.3309 10.5
    endloop
  endfacet
  facet normal -0.442269 0.896883 0
    outer loop
      vertex 7.01662 36.2528 10.5
      vertex 7.175 36.3309 9.1
      vertex 7.01662 36.2528 9.1
    endloop
  endfacet
  facet normal 0.980787 0.195081 0
    outer loop
      vertex 5.196 37.1506 2
      vertex 5.16155 37.3238 0
      vertex 5.16155 37.3238 2
    endloop
  endfacet
  facet normal 0.980787 0.195081 0
    outer loop
      vertex 5.16155 37.3238 0
      vertex 5.196 37.1506 2
      vertex 5.196 37.1506 0
    endloop
  endfacet
  facet normal 0.980787 0.195081 0
    outer loop
      vertex 5.196 37.1506 10.5
      vertex 5.16155 37.3238 9.1
      vertex 5.16155 37.3238 10.5
    endloop
  endfacet
  facet normal 0.980787 0.195081 0
    outer loop
      vertex 5.16155 37.3238 9.1
      vertex 5.196 37.1506 10.5
      vertex 5.196 37.1506 9.1
    endloop
  endfacet
  facet normal -0.997858 0.0654101 0
    outer loop
      vertex 7.83845 37.3238 0
      vertex 7.85 37.5 2
      vertex 7.85 37.5 0
    endloop
  endfacet
  facet normal -0.997858 0.0654101 0
    outer loop
      vertex 7.85 37.5 2
      vertex 7.83845 37.3238 0
      vertex 7.83845 37.3238 2
    endloop
  endfacet
  facet normal -0.997858 0.0654101 0
    outer loop
      vertex 7.83845 37.3238 9.1
      vertex 7.85 37.5 10.5
      vertex 7.85 37.5 9.1
    endloop
  endfacet
  facet normal -0.997858 0.0654101 0
    outer loop
      vertex 7.85 37.5 10.5
      vertex 7.83845 37.3238 9.1
      vertex 7.83845 37.3238 10.5
    endloop
  endfacet
  facet normal 0.555536 0.831492 -0
    outer loop
      vertex 5.825 36.3309 0
      vertex 5.67817 36.429 2
      vertex 5.825 36.3309 2
    endloop
  endfacet
  facet normal 0.555536 0.831492 0
    outer loop
      vertex 5.67817 36.429 2
      vertex 5.825 36.3309 0
      vertex 5.67817 36.429 0
    endloop
  endfacet
  facet normal 0.555536 0.831492 -0
    outer loop
      vertex 5.825 36.3309 9.1
      vertex 5.67817 36.429 10.5
      vertex 5.825 36.3309 10.5
    endloop
  endfacet
  facet normal 0.555536 0.831492 0
    outer loop
      vertex 5.67817 36.429 10.5
      vertex 5.825 36.3309 9.1
      vertex 5.67817 36.429 9.1
    endloop
  endfacet
  facet normal -0.751903 0.659274 0
    outer loop
      vertex 7.45459 36.5454 0
      vertex 7.57103 36.6782 2
      vertex 7.57103 36.6782 0
    endloop
  endfacet
  facet normal -0.751903 0.659274 0
    outer loop
      vertex 7.57103 36.6782 2
      vertex 7.45459 36.5454 0
      vertex 7.45459 36.5454 2
    endloop
  endfacet
  facet normal -0.751903 0.659274 0
    outer loop
      vertex 7.45459 36.5454 9.1
      vertex 7.57103 36.6782 10.5
      vertex 7.57103 36.6782 9.1
    endloop
  endfacet
  facet normal -0.751903 0.659274 0
    outer loop
      vertex 7.57103 36.6782 10.5
      vertex 7.45459 36.5454 9.1
      vertex 7.45459 36.5454 10.5
    endloop
  endfacet
  facet normal -0.83144 0.555615 0
    outer loop
      vertex 7.57103 36.6782 0
      vertex 7.66913 36.825 2
      vertex 7.66913 36.825 0
    endloop
  endfacet
  facet normal -0.83144 0.555615 0
    outer loop
      vertex 7.66913 36.825 2
      vertex 7.57103 36.6782 0
      vertex 7.57103 36.6782 2
    endloop
  endfacet
  facet normal -0.83144 0.555615 0
    outer loop
      vertex 7.57103 36.6782 9.1
      vertex 7.66913 36.825 10.5
      vertex 7.66913 36.825 9.1
    endloop
  endfacet
  facet normal -0.83144 0.555615 0
    outer loop
      vertex 7.66913 36.825 10.5
      vertex 7.57103 36.6782 9.1
      vertex 7.57103 36.6782 10.5
    endloop
  endfacet
  facet normal 0.751903 0.659274 0
    outer loop
      vertex 5.54541 36.5454 2
      vertex 5.42897 36.6782 0
      vertex 5.42897 36.6782 2
    endloop
  endfacet
  facet normal 0.751903 0.659274 0
    outer loop
      vertex 5.42897 36.6782 0
      vertex 5.54541 36.5454 2
      vertex 5.54541 36.5454 0
    endloop
  endfacet
  facet normal 0.751903 0.659274 0
    outer loop
      vertex 5.54541 36.5454 10.5
      vertex 5.42897 36.6782 9.1
      vertex 5.42897 36.6782 10.5
    endloop
  endfacet
  facet normal 0.751903 0.659274 0
    outer loop
      vertex 5.42897 36.6782 9.1
      vertex 5.54541 36.5454 10.5
      vertex 5.54541 36.5454 9.1
    endloop
  endfacet
  facet normal 0.751903 -0.659274 0
    outer loop
      vertex 5.42897 38.3218 2
      vertex 5.54541 38.4546 0
      vertex 5.54541 38.4546 2
    endloop
  endfacet
  facet normal 0.751903 -0.659274 0
    outer loop
      vertex 5.54541 38.4546 0
      vertex 5.42897 38.3218 2
      vertex 5.42897 38.3218 0
    endloop
  endfacet
  facet normal 0.751903 -0.659274 0
    outer loop
      vertex 5.42897 38.3218 10.5
      vertex 5.54541 38.4546 9.1
      vertex 5.54541 38.4546 10.5
    endloop
  endfacet
  facet normal 0.751903 -0.659274 0
    outer loop
      vertex 5.54541 38.4546 9.1
      vertex 5.42897 38.3218 10.5
      vertex 5.42897 38.3218 9.1
    endloop
  endfacet
  facet normal 0.831414 -0.555654 0
    outer loop
      vertex 5.33086 38.175 2
      vertex 5.42897 38.3218 0
      vertex 5.42897 38.3218 2
    endloop
  endfacet
  facet normal 0.831414 -0.555654 0
    outer loop
      vertex 5.42897 38.3218 0
      vertex 5.33086 38.175 2
      vertex 5.33086 38.175 0
    endloop
  endfacet
  facet normal 0.831414 -0.555654 0
    outer loop
      vertex 5.33086 38.175 10.5
      vertex 5.42897 38.3218 9.1
      vertex 5.42897 38.3218 10.5
    endloop
  endfacet
  facet normal 0.831414 -0.555654 0
    outer loop
      vertex 5.42897 38.3218 9.1
      vertex 5.33086 38.175 10.5
      vertex 5.33086 38.175 9.1
    endloop
  endfacet
  facet normal -0.946925 0.321456 0
    outer loop
      vertex 7.74724 36.9834 0
      vertex 7.804 37.1506 2
      vertex 7.804 37.1506 0
    endloop
  endfacet
  facet normal -0.946925 0.321456 0
    outer loop
      vertex 7.804 37.1506 2
      vertex 7.74724 36.9834 0
      vertex 7.74724 36.9834 2
    endloop
  endfacet
  facet normal -0.946925 0.321456 0
    outer loop
      vertex 7.74724 36.9834 9.1
      vertex 7.804 37.1506 10.5
      vertex 7.804 37.1506 9.1
    endloop
  endfacet
  facet normal -0.946925 0.321456 0
    outer loop
      vertex 7.804 37.1506 10.5
      vertex 7.74724 36.9834 9.1
      vertex 7.74724 36.9834 10.5
    endloop
  endfacet
  facet normal 0.831414 0.555654 0
    outer loop
      vertex 5.42897 36.6782 2
      vertex 5.33086 36.825 0
      vertex 5.33086 36.825 2
    endloop
  endfacet
  facet normal 0.831414 0.555654 0
    outer loop
      vertex 5.33086 36.825 0
      vertex 5.42897 36.6782 2
      vertex 5.42897 36.6782 0
    endloop
  endfacet
  facet normal 0.831414 0.555654 0
    outer loop
      vertex 5.42897 36.6782 10.5
      vertex 5.33086 36.825 9.1
      vertex 5.33086 36.825 10.5
    endloop
  endfacet
  facet normal 0.831414 0.555654 0
    outer loop
      vertex 5.33086 36.825 9.1
      vertex 5.42897 36.6782 10.5
      vertex 5.42897 36.6782 9.1
    endloop
  endfacet
  facet normal -0.896882 0.442269 0
    outer loop
      vertex 7.66913 36.825 0
      vertex 7.74724 36.9834 2
      vertex 7.74724 36.9834 0
    endloop
  endfacet
  facet normal -0.896882 0.442269 0
    outer loop
      vertex 7.74724 36.9834 2
      vertex 7.66913 36.825 0
      vertex 7.66913 36.825 2
    endloop
  endfacet
  facet normal -0.896882 0.442269 0
    outer loop
      vertex 7.66913 36.825 9.1
      vertex 7.74724 36.9834 10.5
      vertex 7.74724 36.9834 9.1
    endloop
  endfacet
  facet normal -0.896882 0.442269 0
    outer loop
      vertex 7.74724 36.9834 10.5
      vertex 7.66913 36.825 9.1
      vertex 7.66913 36.825 10.5
    endloop
  endfacet
  facet normal 0.195354 0.980733 -0
    outer loop
      vertex 6.32379 36.1615 0
      vertex 6.15059 36.196 2
      vertex 6.32379 36.1615 2
    endloop
  endfacet
  facet normal 0.195354 0.980733 0
    outer loop
      vertex 6.15059 36.196 2
      vertex 6.32379 36.1615 0
      vertex 6.15059 36.196 0
    endloop
  endfacet
  facet normal 0.195354 0.980733 -0
    outer loop
      vertex 6.32379 36.1615 9.1
      vertex 6.15059 36.196 10.5
      vertex 6.32379 36.1615 10.5
    endloop
  endfacet
  facet normal 0.195354 0.980733 0
    outer loop
      vertex 6.15059 36.196 10.5
      vertex 6.32379 36.1615 9.1
      vertex 6.15059 36.196 9.1
    endloop
  endfacet
  facet normal -0.0651245 0.997877 0
    outer loop
      vertex 6.67621 36.1615 0
      vertex 6.5 36.15 2
      vertex 6.67621 36.1615 2
    endloop
  endfacet
  facet normal -0.0651245 0.997877 0
    outer loop
      vertex 6.5 36.15 2
      vertex 6.67621 36.1615 0
      vertex 6.5 36.15 0
    endloop
  endfacet
  facet normal -0.0651245 0.997877 0
    outer loop
      vertex 6.67621 36.1615 9.1
      vertex 6.5 36.15 10.5
      vertex 6.67621 36.1615 10.5
    endloop
  endfacet
  facet normal -0.0651245 0.997877 0
    outer loop
      vertex 6.5 36.15 10.5
      vertex 6.67621 36.1615 9.1
      vertex 6.5 36.15 9.1
    endloop
  endfacet
  facet normal 0.442269 0.896883 -0
    outer loop
      vertex 5.98338 36.2528 0
      vertex 5.825 36.3309 2
      vertex 5.98338 36.2528 2
    endloop
  endfacet
  facet normal 0.442269 0.896883 0
    outer loop
      vertex 5.825 36.3309 2
      vertex 5.98338 36.2528 0
      vertex 5.825 36.3309 0
    endloop
  endfacet
  facet normal 0.442269 0.896883 -0
    outer loop
      vertex 5.98338 36.2528 9.1
      vertex 5.825 36.3309 10.5
      vertex 5.98338 36.2528 10.5
    endloop
  endfacet
  facet normal 0.442269 0.896883 0
    outer loop
      vertex 5.825 36.3309 10.5
      vertex 5.98338 36.2528 9.1
      vertex 5.825 36.3309 9.1
    endloop
  endfacet
  facet normal -0.195354 -0.980733 0
    outer loop
      vertex 6.67621 38.8385 0
      vertex 6.84941 38.804 2
      vertex 6.67621 38.8385 2
    endloop
  endfacet
  facet normal -0.195354 -0.980733 -0
    outer loop
      vertex 6.84941 38.804 2
      vertex 6.67621 38.8385 0
      vertex 6.84941 38.804 0
    endloop
  endfacet
  facet normal -0.195354 -0.980733 0
    outer loop
      vertex 6.67621 38.8385 9.1
      vertex 6.84941 38.804 10.5
      vertex 6.67621 38.8385 10.5
    endloop
  endfacet
  facet normal -0.195354 -0.980733 -0
    outer loop
      vertex 6.84941 38.804 10.5
      vertex 6.67621 38.8385 9.1
      vertex 6.84941 38.804 9.1
    endloop
  endfacet
  facet normal -0.659258 0.751917 0
    outer loop
      vertex 7.45459 36.5454 0
      vertex 7.32183 36.429 2
      vertex 7.45459 36.5454 2
    endloop
  endfacet
  facet normal -0.659258 0.751917 0
    outer loop
      vertex 7.32183 36.429 2
      vertex 7.45459 36.5454 0
      vertex 7.32183 36.429 0
    endloop
  endfacet
  facet normal -0.659258 0.751917 0
    outer loop
      vertex 7.45459 36.5454 9.1
      vertex 7.32183 36.429 10.5
      vertex 7.45459 36.5454 10.5
    endloop
  endfacet
  facet normal -0.659258 0.751917 0
    outer loop
      vertex 7.32183 36.429 10.5
      vertex 7.45459 36.5454 9.1
      vertex 7.32183 36.429 9.1
    endloop
  endfacet
  facet normal -0.555536 -0.831492 0
    outer loop
      vertex 7.175 38.6691 0
      vertex 7.32183 38.571 2
      vertex 7.175 38.6691 2
    endloop
  endfacet
  facet normal -0.555536 -0.831492 -0
    outer loop
      vertex 7.32183 38.571 2
      vertex 7.175 38.6691 0
      vertex 7.32183 38.571 0
    endloop
  endfacet
  facet normal -0.555536 -0.831492 0
    outer loop
      vertex 7.175 38.6691 9.1
      vertex 7.32183 38.571 10.5
      vertex 7.175 38.6691 10.5
    endloop
  endfacet
  facet normal -0.555536 -0.831492 -0
    outer loop
      vertex 7.32183 38.571 10.5
      vertex 7.175 38.6691 9.1
      vertex 7.32183 38.571 9.1
    endloop
  endfacet
  facet normal 0.321642 -0.946861 0
    outer loop
      vertex 5.98338 38.7472 0
      vertex 6.15059 38.804 2
      vertex 5.98338 38.7472 2
    endloop
  endfacet
  facet normal 0.321642 -0.946861 0
    outer loop
      vertex 6.15059 38.804 2
      vertex 5.98338 38.7472 0
      vertex 6.15059 38.804 0
    endloop
  endfacet
  facet normal 0.321642 -0.946861 0
    outer loop
      vertex 5.98338 38.7472 9.1
      vertex 6.15059 38.804 10.5
      vertex 5.98338 38.7472 10.5
    endloop
  endfacet
  facet normal 0.321642 -0.946861 0
    outer loop
      vertex 6.15059 38.804 10.5
      vertex 5.98338 38.7472 9.1
      vertex 6.15059 38.804 9.1
    endloop
  endfacet
  facet normal 0.0651245 0.997877 -0
    outer loop
      vertex 6.5 36.15 0
      vertex 6.32379 36.1615 2
      vertex 6.5 36.15 2
    endloop
  endfacet
  facet normal 0.0651245 0.997877 0
    outer loop
      vertex 6.32379 36.1615 2
      vertex 6.5 36.15 0
      vertex 6.32379 36.1615 0
    endloop
  endfacet
  facet normal 0.0651245 0.997877 -0
    outer loop
      vertex 6.5 36.15 9.1
      vertex 6.32379 36.1615 10.5
      vertex 6.5 36.15 10.5
    endloop
  endfacet
  facet normal 0.0651245 0.997877 0
    outer loop
      vertex 6.32379 36.1615 10.5
      vertex 6.5 36.15 9.1
      vertex 6.32379 36.1615 9.1
    endloop
  endfacet
  facet normal 0.896905 -0.442224 0
    outer loop
      vertex 5.25276 38.0166 2
      vertex 5.33086 38.175 0
      vertex 5.33086 38.175 2
    endloop
  endfacet
  facet normal 0.896905 -0.442224 0
    outer loop
      vertex 5.33086 38.175 0
      vertex 5.25276 38.0166 2
      vertex 5.25276 38.0166 0
    endloop
  endfacet
  facet normal 0.896905 -0.442224 0
    outer loop
      vertex 5.25276 38.0166 10.5
      vertex 5.33086 38.175 9.1
      vertex 5.33086 38.175 10.5
    endloop
  endfacet
  facet normal 0.896905 -0.442224 0
    outer loop
      vertex 5.33086 38.175 9.1
      vertex 5.25276 38.0166 10.5
      vertex 5.25276 38.0166 9.1
    endloop
  endfacet
  facet normal 0.980787 -0.195081 0
    outer loop
      vertex 5.16155 37.6762 2
      vertex 5.196 37.8494 0
      vertex 5.196 37.8494 2
    endloop
  endfacet
  facet normal 0.980787 -0.195081 0
    outer loop
      vertex 5.196 37.8494 0
      vertex 5.16155 37.6762 2
      vertex 5.16155 37.6762 0
    endloop
  endfacet
  facet normal 0.980787 -0.195081 0
    outer loop
      vertex 5.16155 37.6762 10.5
      vertex 5.196 37.8494 9.1
      vertex 5.196 37.8494 10.5
    endloop
  endfacet
  facet normal 0.980787 -0.195081 0
    outer loop
      vertex 5.196 37.8494 9.1
      vertex 5.16155 37.6762 10.5
      vertex 5.16155 37.6762 9.1
    endloop
  endfacet
  facet normal -0.751903 -0.659274 0
    outer loop
      vertex 7.57103 38.3218 0
      vertex 7.45459 38.4546 2
      vertex 7.45459 38.4546 0
    endloop
  endfacet
  facet normal -0.751903 -0.659274 0
    outer loop
      vertex 7.45459 38.4546 2
      vertex 7.57103 38.3218 0
      vertex 7.57103 38.3218 2
    endloop
  endfacet
  facet normal -0.751903 -0.659274 0
    outer loop
      vertex 7.57103 38.3218 9.1
      vertex 7.45459 38.4546 10.5
      vertex 7.45459 38.4546 9.1
    endloop
  endfacet
  facet normal -0.751903 -0.659274 0
    outer loop
      vertex 7.45459 38.4546 10.5
      vertex 7.57103 38.3218 9.1
      vertex 7.57103 38.3218 10.5
    endloop
  endfacet
  facet normal 0.659258 0.751917 -0
    outer loop
      vertex 5.67817 36.429 0
      vertex 5.54541 36.5454 2
      vertex 5.67817 36.429 2
    endloop
  endfacet
  facet normal 0.659258 0.751917 0
    outer loop
      vertex 5.54541 36.5454 2
      vertex 5.67817 36.429 0
      vertex 5.54541 36.5454 0
    endloop
  endfacet
  facet normal 0.659258 0.751917 -0
    outer loop
      vertex 5.67817 36.429 9.1
      vertex 5.54541 36.5454 10.5
      vertex 5.67817 36.429 10.5
    endloop
  endfacet
  facet normal 0.659258 0.751917 0
    outer loop
      vertex 5.54541 36.5454 10.5
      vertex 5.67817 36.429 9.1
      vertex 5.54541 36.5454 9.1
    endloop
  endfacet
  facet normal -0.659258 -0.751917 0
    outer loop
      vertex 7.32183 38.571 0
      vertex 7.45459 38.4546 2
      vertex 7.32183 38.571 2
    endloop
  endfacet
  facet normal -0.659258 -0.751917 -0
    outer loop
      vertex 7.45459 38.4546 2
      vertex 7.32183 38.571 0
      vertex 7.45459 38.4546 0
    endloop
  endfacet
  facet normal -0.659258 -0.751917 0
    outer loop
      vertex 7.32183 38.571 9.1
      vertex 7.45459 38.4546 10.5
      vertex 7.32183 38.571 10.5
    endloop
  endfacet
  facet normal -0.659258 -0.751917 -0
    outer loop
      vertex 7.45459 38.4546 10.5
      vertex 7.32183 38.571 9.1
      vertex 7.45459 38.4546 9.1
    endloop
  endfacet
  facet normal 0.0651245 -0.997877 0
    outer loop
      vertex 6.32379 38.8385 0
      vertex 6.5 38.85 2
      vertex 6.32379 38.8385 2
    endloop
  endfacet
  facet normal 0.0651245 -0.997877 0
    outer loop
      vertex 6.5 38.85 2
      vertex 6.32379 38.8385 0
      vertex 6.5 38.85 0
    endloop
  endfacet
  facet normal 0.0651245 -0.997877 0
    outer loop
      vertex 6.32379 38.8385 9.1
      vertex 6.5 38.85 10.5
      vertex 6.32379 38.8385 10.5
    endloop
  endfacet
  facet normal 0.0651245 -0.997877 0
    outer loop
      vertex 6.5 38.85 10.5
      vertex 6.32379 38.8385 9.1
      vertex 6.5 38.85 9.1
    endloop
  endfacet
  facet normal 0.946925 -0.321456 0
    outer loop
      vertex 5.196 37.8494 2
      vertex 5.25276 38.0166 0
      vertex 5.25276 38.0166 2
    endloop
  endfacet
  facet normal 0.946925 -0.321456 0
    outer loop
      vertex 5.25276 38.0166 0
      vertex 5.196 37.8494 2
      vertex 5.196 37.8494 0
    endloop
  endfacet
  facet normal 0.946925 -0.321456 0
    outer loop
      vertex 5.196 37.8494 10.5
      vertex 5.25276 38.0166 9.1
      vertex 5.25276 38.0166 10.5
    endloop
  endfacet
  facet normal 0.946925 -0.321456 0
    outer loop
      vertex 5.25276 38.0166 9.1
      vertex 5.196 37.8494 10.5
      vertex 5.196 37.8494 9.1
    endloop
  endfacet
  facet normal 0.997858 -0.0654101 0
    outer loop
      vertex 5.15 37.5 2
      vertex 5.16155 37.6762 0
      vertex 5.16155 37.6762 2
    endloop
  endfacet
  facet normal 0.997858 -0.0654101 0
    outer loop
      vertex 5.16155 37.6762 0
      vertex 5.15 37.5 2
      vertex 5.15 37.5 0
    endloop
  endfacet
  facet normal 0.997858 -0.0654101 0
    outer loop
      vertex 5.15 37.5 10.5
      vertex 5.16155 37.6762 9.1
      vertex 5.16155 37.6762 10.5
    endloop
  endfacet
  facet normal 0.997858 -0.0654101 0
    outer loop
      vertex 5.16155 37.6762 9.1
      vertex 5.15 37.5 10.5
      vertex 5.15 37.5 9.1
    endloop
  endfacet
  facet normal -0.980841 -0.194809 0
    outer loop
      vertex 82.8384 6.67621 0
      vertex 82.804 6.84941 2
      vertex 82.804 6.84941 0
    endloop
  endfacet
  facet normal -0.980841 -0.194809 0
    outer loop
      vertex 82.804 6.84941 2
      vertex 82.8384 6.67621 0
      vertex 82.8384 6.67621 2
    endloop
  endfacet
  facet normal -0.980841 -0.194809 0
    outer loop
      vertex 82.8384 6.67621 9.1
      vertex 82.804 6.84941 10.5
      vertex 82.804 6.84941 9.1
    endloop
  endfacet
  facet normal -0.980841 -0.194809 0
    outer loop
      vertex 82.804 6.84941 10.5
      vertex 82.8384 6.67621 9.1
      vertex 82.8384 6.67621 10.5
    endloop
  endfacet
  facet normal -0.99784 -0.0656884 0
    outer loop
      vertex 82.85 6.5 0
      vertex 82.8384 6.67621 2
      vertex 82.8384 6.67621 0
    endloop
  endfacet
  facet normal -0.99784 -0.0656884 0
    outer loop
      vertex 82.8384 6.67621 2
      vertex 82.85 6.5 0
      vertex 82.85 6.5 2
    endloop
  endfacet
  facet normal -0.99784 -0.0656884 0
    outer loop
      vertex 82.85 6.5 9.1
      vertex 82.8384 6.67621 10.5
      vertex 82.8384 6.67621 9.1
    endloop
  endfacet
  facet normal -0.99784 -0.0656884 0
    outer loop
      vertex 82.8384 6.67621 10.5
      vertex 82.85 6.5 9.1
      vertex 82.85 6.5 10.5
    endloop
  endfacet
  facet normal -0.946861 -0.321642 0
    outer loop
      vertex 82.804 6.84941 0
      vertex 82.7472 7.01662 2
      vertex 82.7472 7.01662 0
    endloop
  endfacet
  facet normal -0.946861 -0.321642 0
    outer loop
      vertex 82.7472 7.01662 2
      vertex 82.804 6.84941 0
      vertex 82.804 6.84941 2
    endloop
  endfacet
  facet normal -0.946861 -0.321642 0
    outer loop
      vertex 82.804 6.84941 9.1
      vertex 82.7472 7.01662 10.5
      vertex 82.7472 7.01662 9.1
    endloop
  endfacet
  facet normal -0.946861 -0.321642 0
    outer loop
      vertex 82.7472 7.01662 10.5
      vertex 82.804 6.84941 9.1
      vertex 82.804 6.84941 10.5
    endloop
  endfacet
  facet normal -0.831492 -0.555536 0
    outer loop
      vertex 82.6691 7.175 0
      vertex 82.571 7.32183 2
      vertex 82.571 7.32183 0
    endloop
  endfacet
  facet normal -0.831492 -0.555536 0
    outer loop
      vertex 82.571 7.32183 2
      vertex 82.6691 7.175 0
      vertex 82.6691 7.175 2
    endloop
  endfacet
  facet normal -0.831492 -0.555536 0
    outer loop
      vertex 82.6691 7.175 9.1
      vertex 82.571 7.32183 10.5
      vertex 82.571 7.32183 9.1
    endloop
  endfacet
  facet normal -0.831492 -0.555536 0
    outer loop
      vertex 82.571 7.32183 10.5
      vertex 82.6691 7.175 9.1
      vertex 82.6691 7.175 10.5
    endloop
  endfacet
  facet normal 0.946861 0.321642 0
    outer loop
      vertex 80.2528 5.98338 2
      vertex 80.196 6.15059 0
      vertex 80.196 6.15059 2
    endloop
  endfacet
  facet normal 0.946861 0.321642 0
    outer loop
      vertex 80.196 6.15059 0
      vertex 80.2528 5.98338 2
      vertex 80.2528 5.98338 0
    endloop
  endfacet
  facet normal 0.946861 0.321642 0
    outer loop
      vertex 80.2528 5.98338 10.5
      vertex 80.196 6.15059 9.1
      vertex 80.196 6.15059 10.5
    endloop
  endfacet
  facet normal 0.946861 0.321642 0
    outer loop
      vertex 80.196 6.15059 9.1
      vertex 80.2528 5.98338 10.5
      vertex 80.2528 5.98338 9.1
    endloop
  endfacet
  facet normal -0.321456 0.946925 0
    outer loop
      vertex 82.0166 5.25276 0
      vertex 81.8494 5.196 2
      vertex 82.0166 5.25276 2
    endloop
  endfacet
  facet normal -0.321456 0.946925 0
    outer loop
      vertex 81.8494 5.196 2
      vertex 82.0166 5.25276 0
      vertex 81.8494 5.196 0
    endloop
  endfacet
  facet normal -0.321456 0.946925 0
    outer loop
      vertex 82.0166 5.25276 9.1
      vertex 81.8494 5.196 10.5
      vertex 82.0166 5.25276 10.5
    endloop
  endfacet
  facet normal -0.321456 0.946925 0
    outer loop
      vertex 81.8494 5.196 10.5
      vertex 82.0166 5.25276 9.1
      vertex 81.8494 5.196 9.1
    endloop
  endfacet
  facet normal -0.896883 -0.442269 0
    outer loop
      vertex 82.7472 7.01662 0
      vertex 82.6691 7.175 2
      vertex 82.6691 7.175 0
    endloop
  endfacet
  facet normal -0.896883 -0.442269 0
    outer loop
      vertex 82.6691 7.175 2
      vertex 82.7472 7.01662 0
      vertex 82.7472 7.01662 2
    endloop
  endfacet
  facet normal -0.896883 -0.442269 0
    outer loop
      vertex 82.7472 7.01662 9.1
      vertex 82.6691 7.175 10.5
      vertex 82.6691 7.175 9.1
    endloop
  endfacet
  facet normal -0.896883 -0.442269 0
    outer loop
      vertex 82.6691 7.175 10.5
      vertex 82.7472 7.01662 9.1
      vertex 82.7472 7.01662 10.5
    endloop
  endfacet
  facet normal 0.555615 -0.83144 0
    outer loop
      vertex 80.6782 7.57103 0
      vertex 80.825 7.66913 2
      vertex 80.6782 7.57103 2
    endloop
  endfacet
  facet normal 0.555615 -0.83144 0
    outer loop
      vertex 80.825 7.66913 2
      vertex 80.6782 7.57103 0
      vertex 80.825 7.66913 0
    endloop
  endfacet
  facet normal 0.555615 -0.83144 0
    outer loop
      vertex 80.6782 7.57103 9.1
      vertex 80.825 7.66913 10.5
      vertex 80.6782 7.57103 10.5
    endloop
  endfacet
  facet normal 0.555615 -0.83144 0
    outer loop
      vertex 80.825 7.66913 10.5
      vertex 80.6782 7.57103 9.1
      vertex 80.825 7.66913 9.1
    endloop
  endfacet
  facet normal -0.980841 0.194809 0
    outer loop
      vertex 82.804 6.15059 0
      vertex 82.8384 6.32379 2
      vertex 82.8384 6.32379 0
    endloop
  endfacet
  facet normal -0.980841 0.194809 0
    outer loop
      vertex 82.8384 6.32379 2
      vertex 82.804 6.15059 0
      vertex 82.804 6.15059 2
    endloop
  endfacet
  facet normal -0.980841 0.194809 0
    outer loop
      vertex 82.804 6.15059 9.1
      vertex 82.8384 6.32379 10.5
      vertex 82.8384 6.32379 9.1
    endloop
  endfacet
  facet normal -0.980841 0.194809 0
    outer loop
      vertex 82.8384 6.32379 10.5
      vertex 82.804 6.15059 9.1
      vertex 82.804 6.15059 10.5
    endloop
  endfacet
  facet normal -0.321456 -0.946925 0
    outer loop
      vertex 81.8494 7.804 0
      vertex 82.0166 7.74724 2
      vertex 81.8494 7.804 2
    endloop
  endfacet
  facet normal -0.321456 -0.946925 -0
    outer loop
      vertex 82.0166 7.74724 2
      vertex 81.8494 7.804 0
      vertex 82.0166 7.74724 0
    endloop
  endfacet
  facet normal -0.321456 -0.946925 0
    outer loop
      vertex 81.8494 7.804 9.1
      vertex 82.0166 7.74724 10.5
      vertex 81.8494 7.804 10.5
    endloop
  endfacet
  facet normal -0.321456 -0.946925 -0
    outer loop
      vertex 82.0166 7.74724 10.5
      vertex 81.8494 7.804 9.1
      vertex 82.0166 7.74724 9.1
    endloop
  endfacet
  facet normal 0.659274 -0.751903 0
    outer loop
      vertex 80.5454 7.45459 0
      vertex 80.6782 7.57103 2
      vertex 80.5454 7.45459 2
    endloop
  endfacet
  facet normal 0.659274 -0.751903 0
    outer loop
      vertex 80.6782 7.57103 2
      vertex 80.5454 7.45459 0
      vertex 80.6782 7.57103 0
    endloop
  endfacet
  facet normal 0.659274 -0.751903 0
    outer loop
      vertex 80.5454 7.45459 9.1
      vertex 80.6782 7.57103 10.5
      vertex 80.5454 7.45459 10.5
    endloop
  endfacet
  facet normal 0.659274 -0.751903 0
    outer loop
      vertex 80.6782 7.57103 10.5
      vertex 80.5454 7.45459 9.1
      vertex 80.6782 7.57103 9.1
    endloop
  endfacet
  facet normal -0.555654 0.831414 0
    outer loop
      vertex 82.3218 5.42897 0
      vertex 82.175 5.33086 2
      vertex 82.3218 5.42897 2
    endloop
  endfacet
  facet normal -0.555654 0.831414 0
    outer loop
      vertex 82.175 5.33086 2
      vertex 82.3218 5.42897 0
      vertex 82.175 5.33086 0
    endloop
  endfacet
  facet normal -0.555654 0.831414 0
    outer loop
      vertex 82.3218 5.42897 9.1
      vertex 82.175 5.33086 10.5
      vertex 82.3218 5.42897 10.5
    endloop
  endfacet
  facet normal -0.555654 0.831414 0
    outer loop
      vertex 82.175 5.33086 10.5
      vertex 82.3218 5.42897 9.1
      vertex 82.175 5.33086 9.1
    endloop
  endfacet
  facet normal 0.195081 -0.980787 0
    outer loop
      vertex 81.1506 7.804 0
      vertex 81.3238 7.83845 2
      vertex 81.1506 7.804 2
    endloop
  endfacet
  facet normal 0.195081 -0.980787 0
    outer loop
      vertex 81.3238 7.83845 2
      vertex 81.1506 7.804 0
      vertex 81.3238 7.83845 0
    endloop
  endfacet
  facet normal 0.195081 -0.980787 0
    outer loop
      vertex 81.1506 7.804 9.1
      vertex 81.3238 7.83845 10.5
      vertex 81.1506 7.804 10.5
    endloop
  endfacet
  facet normal 0.195081 -0.980787 0
    outer loop
      vertex 81.3238 7.83845 10.5
      vertex 81.1506 7.804 9.1
      vertex 81.3238 7.83845 9.1
    endloop
  endfacet
  facet normal 0.997877 0.0651245 0
    outer loop
      vertex 80.1615 6.32379 2
      vertex 80.15 6.5 0
      vertex 80.15 6.5 2
    endloop
  endfacet
  facet normal 0.997877 0.0651245 0
    outer loop
      vertex 80.15 6.5 0
      vertex 80.1615 6.32379 2
      vertex 80.1615 6.32379 0
    endloop
  endfacet
  facet normal 0.997877 0.0651245 0
    outer loop
      vertex 80.1615 6.32379 10.5
      vertex 80.15 6.5 9.1
      vertex 80.15 6.5 10.5
    endloop
  endfacet
  facet normal 0.997877 0.0651245 0
    outer loop
      vertex 80.15 6.5 9.1
      vertex 80.1615 6.32379 10.5
      vertex 80.1615 6.32379 9.1
    endloop
  endfacet
  facet normal 0.896883 0.442269 0
    outer loop
      vertex 80.3309 5.825 2
      vertex 80.2528 5.98338 0
      vertex 80.2528 5.98338 2
    endloop
  endfacet
  facet normal 0.896883 0.442269 0
    outer loop
      vertex 80.2528 5.98338 0
      vertex 80.3309 5.825 2
      vertex 80.3309 5.825 0
    endloop
  endfacet
  facet normal 0.896883 0.442269 0
    outer loop
      vertex 80.3309 5.825 10.5
      vertex 80.2528 5.98338 9.1
      vertex 80.2528 5.98338 10.5
    endloop
  endfacet
  facet normal 0.896883 0.442269 0
    outer loop
      vertex 80.2528 5.98338 9.1
      vertex 80.3309 5.825 10.5
      vertex 80.3309 5.825 9.1
    endloop
  endfacet
  facet normal -0.0654101 -0.997858 0
    outer loop
      vertex 81.5 7.85 0
      vertex 81.6762 7.83845 2
      vertex 81.5 7.85 2
    endloop
  endfacet
  facet normal -0.0654101 -0.997858 -0
    outer loop
      vertex 81.6762 7.83845 2
      vertex 81.5 7.85 0
      vertex 81.6762 7.83845 0
    endloop
  endfacet
  facet normal -0.0654101 -0.997858 0
    outer loop
      vertex 81.5 7.85 9.1
      vertex 81.6762 7.83845 10.5
      vertex 81.5 7.85 10.5
    endloop
  endfacet
  facet normal -0.0654101 -0.997858 -0
    outer loop
      vertex 81.6762 7.83845 10.5
      vertex 81.5 7.85 9.1
      vertex 81.6762 7.83845 9.1
    endloop
  endfacet
  facet normal 0.321456 0.946925 -0
    outer loop
      vertex 81.1506 5.196 0
      vertex 80.9834 5.25276 2
      vertex 81.1506 5.196 2
    endloop
  endfacet
  facet normal 0.321456 0.946925 0
    outer loop
      vertex 80.9834 5.25276 2
      vertex 81.1506 5.196 0
      vertex 80.9834 5.25276 0
    endloop
  endfacet
  facet normal 0.321456 0.946925 -0
    outer loop
      vertex 81.1506 5.196 9.1
      vertex 80.9834 5.25276 10.5
      vertex 81.1506 5.196 10.5
    endloop
  endfacet
  facet normal 0.321456 0.946925 0
    outer loop
      vertex 80.9834 5.25276 10.5
      vertex 81.1506 5.196 9.1
      vertex 80.9834 5.25276 9.1
    endloop
  endfacet
  facet normal -0.195081 0.980787 0
    outer loop
      vertex 81.8494 5.196 0
      vertex 81.6762 5.16155 2
      vertex 81.8494 5.196 2
    endloop
  endfacet
  facet normal -0.195081 0.980787 0
    outer loop
      vertex 81.6762 5.16155 2
      vertex 81.8494 5.196 0
      vertex 81.6762 5.16155 0
    endloop
  endfacet
  facet normal -0.195081 0.980787 0
    outer loop
      vertex 81.8494 5.196 9.1
      vertex 81.6762 5.16155 10.5
      vertex 81.8494 5.196 10.5
    endloop
  endfacet
  facet normal -0.195081 0.980787 0
    outer loop
      vertex 81.6762 5.16155 10.5
      vertex 81.8494 5.196 9.1
      vertex 81.6762 5.16155 9.1
    endloop
  endfacet
  facet normal 0.442269 -0.896882 0
    outer loop
      vertex 80.825 7.66913 0
      vertex 80.9834 7.74724 2
      vertex 80.825 7.66913 2
    endloop
  endfacet
  facet normal 0.442269 -0.896882 0
    outer loop
      vertex 80.9834 7.74724 2
      vertex 80.825 7.66913 0
      vertex 80.9834 7.74724 0
    endloop
  endfacet
  facet normal 0.442269 -0.896882 0
    outer loop
      vertex 80.825 7.66913 9.1
      vertex 80.9834 7.74724 10.5
      vertex 80.825 7.66913 10.5
    endloop
  endfacet
  facet normal 0.442269 -0.896882 0
    outer loop
      vertex 80.9834 7.74724 10.5
      vertex 80.825 7.66913 9.1
      vertex 80.9834 7.74724 9.1
    endloop
  endfacet
  facet normal -0.442269 -0.896882 0
    outer loop
      vertex 82.0166 7.74724 0
      vertex 82.175 7.66913 2
      vertex 82.0166 7.74724 2
    endloop
  endfacet
  facet normal -0.442269 -0.896882 -0
    outer loop
      vertex 82.175 7.66913 2
      vertex 82.0166 7.74724 0
      vertex 82.175 7.66913 0
    endloop
  endfacet
  facet normal -0.442269 -0.896882 0
    outer loop
      vertex 82.0166 7.74724 9.1
      vertex 82.175 7.66913 10.5
      vertex 82.0166 7.74724 10.5
    endloop
  endfacet
  facet normal -0.442269 -0.896882 -0
    outer loop
      vertex 82.175 7.66913 10.5
      vertex 82.0166 7.74724 9.1
      vertex 82.175 7.66913 9.1
    endloop
  endfacet
  facet normal -0.442224 0.896905 0
    outer loop
      vertex 82.175 5.33086 0
      vertex 82.0166 5.25276 2
      vertex 82.175 5.33086 2
    endloop
  endfacet
  facet normal -0.442224 0.896905 0
    outer loop
      vertex 82.0166 5.25276 2
      vertex 82.175 5.33086 0
      vertex 82.0166 5.25276 0
    endloop
  endfacet
  facet normal -0.442224 0.896905 0
    outer loop
      vertex 82.175 5.33086 9.1
      vertex 82.0166 5.25276 10.5
      vertex 82.175 5.33086 10.5
    endloop
  endfacet
  facet normal -0.442224 0.896905 0
    outer loop
      vertex 82.0166 5.25276 10.5
      vertex 82.175 5.33086 9.1
      vertex 82.0166 5.25276 9.1
    endloop
  endfacet
  facet normal 0.980733 0.195354 0
    outer loop
      vertex 80.196 6.15059 2
      vertex 80.1615 6.32379 0
      vertex 80.1615 6.32379 2
    endloop
  endfacet
  facet normal 0.980733 0.195354 0
    outer loop
      vertex 80.1615 6.32379 0
      vertex 80.196 6.15059 2
      vertex 80.196 6.15059 0
    endloop
  endfacet
  facet normal 0.980733 0.195354 0
    outer loop
      vertex 80.196 6.15059 10.5
      vertex 80.1615 6.32379 9.1
      vertex 80.1615 6.32379 10.5
    endloop
  endfacet
  facet normal 0.980733 0.195354 0
    outer loop
      vertex 80.1615 6.32379 9.1
      vertex 80.196 6.15059 10.5
      vertex 80.196 6.15059 9.1
    endloop
  endfacet
  facet normal -0.99784 0.0656884 0
    outer loop
      vertex 82.8384 6.32379 0
      vertex 82.85 6.5 2
      vertex 82.85 6.5 0
    endloop
  endfacet
  facet normal -0.99784 0.0656884 0
    outer loop
      vertex 82.85 6.5 2
      vertex 82.8384 6.32379 0
      vertex 82.8384 6.32379 2
    endloop
  endfacet
  facet normal -0.99784 0.0656884 0
    outer loop
      vertex 82.8384 6.32379 9.1
      vertex 82.85 6.5 10.5
      vertex 82.85 6.5 9.1
    endloop
  endfacet
  facet normal -0.99784 0.0656884 0
    outer loop
      vertex 82.85 6.5 10.5
      vertex 82.8384 6.32379 9.1
      vertex 82.8384 6.32379 10.5
    endloop
  endfacet
  facet normal 0.555654 0.831414 -0
    outer loop
      vertex 80.825 5.33086 0
      vertex 80.6782 5.42897 2
      vertex 80.825 5.33086 2
    endloop
  endfacet
  facet normal 0.555654 0.831414 0
    outer loop
      vertex 80.6782 5.42897 2
      vertex 80.825 5.33086 0
      vertex 80.6782 5.42897 0
    endloop
  endfacet
  facet normal 0.555654 0.831414 -0
    outer loop
      vertex 80.825 5.33086 9.1
      vertex 80.6782 5.42897 10.5
      vertex 80.825 5.33086 10.5
    endloop
  endfacet
  facet normal 0.555654 0.831414 0
    outer loop
      vertex 80.6782 5.42897 10.5
      vertex 80.825 5.33086 9.1
      vertex 80.6782 5.42897 9.1
    endloop
  endfacet
  facet normal -0.751917 0.659258 0
    outer loop
      vertex 82.4546 5.54541 0
      vertex 82.571 5.67817 2
      vertex 82.571 5.67817 0
    endloop
  endfacet
  facet normal -0.751917 0.659258 0
    outer loop
      vertex 82.571 5.67817 2
      vertex 82.4546 5.54541 0
      vertex 82.4546 5.54541 2
    endloop
  endfacet
  facet normal -0.751917 0.659258 0
    outer loop
      vertex 82.4546 5.54541 9.1
      vertex 82.571 5.67817 10.5
      vertex 82.571 5.67817 9.1
    endloop
  endfacet
  facet normal -0.751917 0.659258 0
    outer loop
      vertex 82.571 5.67817 10.5
      vertex 82.4546 5.54541 9.1
      vertex 82.4546 5.54541 10.5
    endloop
  endfacet
  facet normal -0.831492 0.555536 0
    outer loop
      vertex 82.571 5.67817 0
      vertex 82.6691 5.825 2
      vertex 82.6691 5.825 0
    endloop
  endfacet
  facet normal -0.831492 0.555536 0
    outer loop
      vertex 82.6691 5.825 2
      vertex 82.571 5.67817 0
      vertex 82.571 5.67817 2
    endloop
  endfacet
  facet normal -0.831492 0.555536 0
    outer loop
      vertex 82.571 5.67817 9.1
      vertex 82.6691 5.825 10.5
      vertex 82.6691 5.825 9.1
    endloop
  endfacet
  facet normal -0.831492 0.555536 0
    outer loop
      vertex 82.6691 5.825 10.5
      vertex 82.571 5.67817 9.1
      vertex 82.571 5.67817 10.5
    endloop
  endfacet
  facet normal 0.751917 0.659258 0
    outer loop
      vertex 80.5454 5.54541 2
      vertex 80.429 5.67817 0
      vertex 80.429 5.67817 2
    endloop
  endfacet
  facet normal 0.751917 0.659258 0
    outer loop
      vertex 80.429 5.67817 0
      vertex 80.5454 5.54541 2
      vertex 80.5454 5.54541 0
    endloop
  endfacet
  facet normal 0.751917 0.659258 0
    outer loop
      vertex 80.5454 5.54541 10.5
      vertex 80.429 5.67817 9.1
      vertex 80.429 5.67817 10.5
    endloop
  endfacet
  facet normal 0.751917 0.659258 0
    outer loop
      vertex 80.429 5.67817 9.1
      vertex 80.5454 5.54541 10.5
      vertex 80.5454 5.54541 9.1
    endloop
  endfacet
  facet normal 0.751917 -0.659258 0
    outer loop
      vertex 80.429 7.32183 2
      vertex 80.5454 7.45459 0
      vertex 80.5454 7.45459 2
    endloop
  endfacet
  facet normal 0.751917 -0.659258 0
    outer loop
      vertex 80.5454 7.45459 0
      vertex 80.429 7.32183 2
      vertex 80.429 7.32183 0
    endloop
  endfacet
  facet normal 0.751917 -0.659258 0
    outer loop
      vertex 80.429 7.32183 10.5
      vertex 80.5454 7.45459 9.1
      vertex 80.5454 7.45459 10.5
    endloop
  endfacet
  facet normal 0.751917 -0.659258 0
    outer loop
      vertex 80.5454 7.45459 9.1
      vertex 80.429 7.32183 10.5
      vertex 80.429 7.32183 9.1
    endloop
  endfacet
  facet normal 0.831492 -0.555536 0
    outer loop
      vertex 80.3309 7.175 2
      vertex 80.429 7.32183 0
      vertex 80.429 7.32183 2
    endloop
  endfacet
  facet normal 0.831492 -0.555536 0
    outer loop
      vertex 80.429 7.32183 0
      vertex 80.3309 7.175 2
      vertex 80.3309 7.175 0
    endloop
  endfacet
  facet normal 0.831492 -0.555536 0
    outer loop
      vertex 80.3309 7.175 10.5
      vertex 80.429 7.32183 9.1
      vertex 80.429 7.32183 10.5
    endloop
  endfacet
  facet normal 0.831492 -0.555536 0
    outer loop
      vertex 80.429 7.32183 9.1
      vertex 80.3309 7.175 10.5
      vertex 80.3309 7.175 9.1
    endloop
  endfacet
  facet normal 0.659274 0.751903 -0
    outer loop
      vertex 80.6782 5.42897 0
      vertex 80.5454 5.54541 2
      vertex 80.6782 5.42897 2
    endloop
  endfacet
  facet normal 0.659274 0.751903 0
    outer loop
      vertex 80.5454 5.54541 2
      vertex 80.6782 5.42897 0
      vertex 80.5454 5.54541 0
    endloop
  endfacet
  facet normal 0.659274 0.751903 -0
    outer loop
      vertex 80.6782 5.42897 9.1
      vertex 80.5454 5.54541 10.5
      vertex 80.6782 5.42897 10.5
    endloop
  endfacet
  facet normal 0.659274 0.751903 0
    outer loop
      vertex 80.5454 5.54541 10.5
      vertex 80.6782 5.42897 9.1
      vertex 80.5454 5.54541 9.1
    endloop
  endfacet
  facet normal -0.946861 0.321642 0
    outer loop
      vertex 82.7472 5.98338 0
      vertex 82.804 6.15059 2
      vertex 82.804 6.15059 0
    endloop
  endfacet
  facet normal -0.946861 0.321642 0
    outer loop
      vertex 82.804 6.15059 2
      vertex 82.7472 5.98338 0
      vertex 82.7472 5.98338 2
    endloop
  endfacet
  facet normal -0.946861 0.321642 0
    outer loop
      vertex 82.7472 5.98338 9.1
      vertex 82.804 6.15059 10.5
      vertex 82.804 6.15059 9.1
    endloop
  endfacet
  facet normal -0.946861 0.321642 0
    outer loop
      vertex 82.804 6.15059 10.5
      vertex 82.7472 5.98338 9.1
      vertex 82.7472 5.98338 10.5
    endloop
  endfacet
  facet normal 0.831492 0.555536 0
    outer loop
      vertex 80.429 5.67817 2
      vertex 80.3309 5.825 0
      vertex 80.3309 5.825 2
    endloop
  endfacet
  facet normal 0.831492 0.555536 0
    outer loop
      vertex 80.3309 5.825 0
      vertex 80.429 5.67817 2
      vertex 80.429 5.67817 0
    endloop
  endfacet
  facet normal 0.831492 0.555536 0
    outer loop
      vertex 80.429 5.67817 10.5
      vertex 80.3309 5.825 9.1
      vertex 80.3309 5.825 10.5
    endloop
  endfacet
  facet normal 0.831492 0.555536 0
    outer loop
      vertex 80.3309 5.825 9.1
      vertex 80.429 5.67817 10.5
      vertex 80.429 5.67817 9.1
    endloop
  endfacet
  facet normal -0.896883 0.442269 0
    outer loop
      vertex 82.6691 5.825 0
      vertex 82.7472 5.98338 2
      vertex 82.7472 5.98338 0
    endloop
  endfacet
  facet normal -0.896883 0.442269 0
    outer loop
      vertex 82.7472 5.98338 2
      vertex 82.6691 5.825 0
      vertex 82.6691 5.825 2
    endloop
  endfacet
  facet normal -0.896883 0.442269 0
    outer loop
      vertex 82.6691 5.825 9.1
      vertex 82.7472 5.98338 10.5
      vertex 82.7472 5.98338 9.1
    endloop
  endfacet
  facet normal -0.896883 0.442269 0
    outer loop
      vertex 82.7472 5.98338 10.5
      vertex 82.6691 5.825 9.1
      vertex 82.6691 5.825 10.5
    endloop
  endfacet
  facet normal 0.195081 0.980787 -0
    outer loop
      vertex 81.3238 5.16155 0
      vertex 81.1506 5.196 2
      vertex 81.3238 5.16155 2
    endloop
  endfacet
  facet normal 0.195081 0.980787 0
    outer loop
      vertex 81.1506 5.196 2
      vertex 81.3238 5.16155 0
      vertex 81.1506 5.196 0
    endloop
  endfacet
  facet normal 0.195081 0.980787 -0
    outer loop
      vertex 81.3238 5.16155 9.1
      vertex 81.1506 5.196 10.5
      vertex 81.3238 5.16155 10.5
    endloop
  endfacet
  facet normal 0.195081 0.980787 0
    outer loop
      vertex 81.1506 5.196 10.5
      vertex 81.3238 5.16155 9.1
      vertex 81.1506 5.196 9.1
    endloop
  endfacet
  facet normal -0.0654101 0.997858 0
    outer loop
      vertex 81.6762 5.16155 0
      vertex 81.5 5.15 2
      vertex 81.6762 5.16155 2
    endloop
  endfacet
  facet normal -0.0654101 0.997858 0
    outer loop
      vertex 81.5 5.15 2
      vertex 81.6762 5.16155 0
      vertex 81.5 5.15 0
    endloop
  endfacet
  facet normal -0.0654101 0.997858 0
    outer loop
      vertex 81.6762 5.16155 9.1
      vertex 81.5 5.15 10.5
      vertex 81.6762 5.16155 10.5
    endloop
  endfacet
  facet normal -0.0654101 0.997858 0
    outer loop
      vertex 81.5 5.15 10.5
      vertex 81.6762 5.16155 9.1
      vertex 81.5 5.15 9.1
    endloop
  endfacet
  facet normal 0.442224 0.896905 -0
    outer loop
      vertex 80.9834 5.25276 0
      vertex 80.825 5.33086 2
      vertex 80.9834 5.25276 2
    endloop
  endfacet
  facet normal 0.442224 0.896905 0
    outer loop
      vertex 80.825 5.33086 2
      vertex 80.9834 5.25276 0
      vertex 80.825 5.33086 0
    endloop
  endfacet
  facet normal 0.442224 0.896905 -0
    outer loop
      vertex 80.9834 5.25276 9.1
      vertex 80.825 5.33086 10.5
      vertex 80.9834 5.25276 10.5
    endloop
  endfacet
  facet normal 0.442224 0.896905 0
    outer loop
      vertex 80.825 5.33086 10.5
      vertex 80.9834 5.25276 9.1
      vertex 80.825 5.33086 9.1
    endloop
  endfacet
  facet normal -0.195081 -0.980787 0
    outer loop
      vertex 81.6762 7.83845 0
      vertex 81.8494 7.804 2
      vertex 81.6762 7.83845 2
    endloop
  endfacet
  facet normal -0.195081 -0.980787 -0
    outer loop
      vertex 81.8494 7.804 2
      vertex 81.6762 7.83845 0
      vertex 81.8494 7.804 0
    endloop
  endfacet
  facet normal -0.195081 -0.980787 0
    outer loop
      vertex 81.6762 7.83845 9.1
      vertex 81.8494 7.804 10.5
      vertex 81.6762 7.83845 10.5
    endloop
  endfacet
  facet normal -0.195081 -0.980787 -0
    outer loop
      vertex 81.8494 7.804 10.5
      vertex 81.6762 7.83845 9.1
      vertex 81.8494 7.804 9.1
    endloop
  endfacet
  facet normal -0.659274 0.751903 0
    outer loop
      vertex 82.4546 5.54541 0
      vertex 82.3218 5.42897 2
      vertex 82.4546 5.54541 2
    endloop
  endfacet
  facet normal -0.659274 0.751903 0
    outer loop
      vertex 82.3218 5.42897 2
      vertex 82.4546 5.54541 0
      vertex 82.3218 5.42897 0
    endloop
  endfacet
  facet normal -0.659274 0.751903 0
    outer loop
      vertex 82.4546 5.54541 9.1
      vertex 82.3218 5.42897 10.5
      vertex 82.4546 5.54541 10.5
    endloop
  endfacet
  facet normal -0.659274 0.751903 0
    outer loop
      vertex 82.3218 5.42897 10.5
      vertex 82.4546 5.54541 9.1
      vertex 82.3218 5.42897 9.1
    endloop
  endfacet
  facet normal -0.555615 -0.83144 0
    outer loop
      vertex 82.175 7.66913 0
      vertex 82.3218 7.57103 2
      vertex 82.175 7.66913 2
    endloop
  endfacet
  facet normal -0.555615 -0.83144 -0
    outer loop
      vertex 82.3218 7.57103 2
      vertex 82.175 7.66913 0
      vertex 82.3218 7.57103 0
    endloop
  endfacet
  facet normal -0.555615 -0.83144 0
    outer loop
      vertex 82.175 7.66913 9.1
      vertex 82.3218 7.57103 10.5
      vertex 82.175 7.66913 10.5
    endloop
  endfacet
  facet normal -0.555615 -0.83144 -0
    outer loop
      vertex 82.3218 7.57103 10.5
      vertex 82.175 7.66913 9.1
      vertex 82.3218 7.57103 9.1
    endloop
  endfacet
  facet normal 0.321456 -0.946925 0
    outer loop
      vertex 80.9834 7.74724 0
      vertex 81.1506 7.804 2
      vertex 80.9834 7.74724 2
    endloop
  endfacet
  facet normal 0.321456 -0.946925 0
    outer loop
      vertex 81.1506 7.804 2
      vertex 80.9834 7.74724 0
      vertex 81.1506 7.804 0
    endloop
  endfacet
  facet normal 0.321456 -0.946925 0
    outer loop
      vertex 80.9834 7.74724 9.1
      vertex 81.1506 7.804 10.5
      vertex 80.9834 7.74724 10.5
    endloop
  endfacet
  facet normal 0.321456 -0.946925 0
    outer loop
      vertex 81.1506 7.804 10.5
      vertex 80.9834 7.74724 9.1
      vertex 81.1506 7.804 9.1
    endloop
  endfacet
  facet normal 0.0654101 0.997858 -0
    outer loop
      vertex 81.5 5.15 0
      vertex 81.3238 5.16155 2
      vertex 81.5 5.15 2
    endloop
  endfacet
  facet normal 0.0654101 0.997858 0
    outer loop
      vertex 81.3238 5.16155 2
      vertex 81.5 5.15 0
      vertex 81.3238 5.16155 0
    endloop
  endfacet
  facet normal 0.0654101 0.997858 -0
    outer loop
      vertex 81.5 5.15 9.1
      vertex 81.3238 5.16155 10.5
      vertex 81.5 5.15 10.5
    endloop
  endfacet
  facet normal 0.0654101 0.997858 0
    outer loop
      vertex 81.3238 5.16155 10.5
      vertex 81.5 5.15 9.1
      vertex 81.3238 5.16155 9.1
    endloop
  endfacet
  facet normal 0.896883 -0.442269 0
    outer loop
      vertex 80.2528 7.01662 2
      vertex 80.3309 7.175 0
      vertex 80.3309 7.175 2
    endloop
  endfacet
  facet normal 0.896883 -0.442269 0
    outer loop
      vertex 80.3309 7.175 0
      vertex 80.2528 7.01662 2
      vertex 80.2528 7.01662 0
    endloop
  endfacet
  facet normal 0.896883 -0.442269 0
    outer loop
      vertex 80.2528 7.01662 10.5
      vertex 80.3309 7.175 9.1
      vertex 80.3309 7.175 10.5
    endloop
  endfacet
  facet normal 0.896883 -0.442269 0
    outer loop
      vertex 80.3309 7.175 9.1
      vertex 80.2528 7.01662 10.5
      vertex 80.2528 7.01662 9.1
    endloop
  endfacet
  facet normal 0.980733 -0.195354 0
    outer loop
      vertex 80.1615 6.67621 2
      vertex 80.196 6.84941 0
      vertex 80.196 6.84941 2
    endloop
  endfacet
  facet normal 0.980733 -0.195354 0
    outer loop
      vertex 80.196 6.84941 0
      vertex 80.1615 6.67621 2
      vertex 80.1615 6.67621 0
    endloop
  endfacet
  facet normal 0.980733 -0.195354 0
    outer loop
      vertex 80.1615 6.67621 10.5
      vertex 80.196 6.84941 9.1
      vertex 80.196 6.84941 10.5
    endloop
  endfacet
  facet normal 0.980733 -0.195354 0
    outer loop
      vertex 80.196 6.84941 9.1
      vertex 80.1615 6.67621 10.5
      vertex 80.1615 6.67621 9.1
    endloop
  endfacet
  facet normal -0.751917 -0.659258 0
    outer loop
      vertex 82.571 7.32183 0
      vertex 82.4546 7.45459 2
      vertex 82.4546 7.45459 0
    endloop
  endfacet
  facet normal -0.751917 -0.659258 0
    outer loop
      vertex 82.4546 7.45459 2
      vertex 82.571 7.32183 0
      vertex 82.571 7.32183 2
    endloop
  endfacet
  facet normal -0.751917 -0.659258 0
    outer loop
      vertex 82.571 7.32183 9.1
      vertex 82.4546 7.45459 10.5
      vertex 82.4546 7.45459 9.1
    endloop
  endfacet
  facet normal -0.751917 -0.659258 0
    outer loop
      vertex 82.4546 7.45459 10.5
      vertex 82.571 7.32183 9.1
      vertex 82.571 7.32183 10.5
    endloop
  endfacet
  facet normal -0.659274 -0.751903 0
    outer loop
      vertex 82.3218 7.57103 0
      vertex 82.4546 7.45459 2
      vertex 82.3218 7.57103 2
    endloop
  endfacet
  facet normal -0.659274 -0.751903 -0
    outer loop
      vertex 82.4546 7.45459 2
      vertex 82.3218 7.57103 0
      vertex 82.4546 7.45459 0
    endloop
  endfacet
  facet normal -0.659274 -0.751903 0
    outer loop
      vertex 82.3218 7.57103 9.1
      vertex 82.4546 7.45459 10.5
      vertex 82.3218 7.57103 10.5
    endloop
  endfacet
  facet normal -0.659274 -0.751903 -0
    outer loop
      vertex 82.4546 7.45459 10.5
      vertex 82.3218 7.57103 9.1
      vertex 82.4546 7.45459 9.1
    endloop
  endfacet
  facet normal 0.0654101 -0.997858 0
    outer loop
      vertex 81.3238 7.83845 0
      vertex 81.5 7.85 2
      vertex 81.3238 7.83845 2
    endloop
  endfacet
  facet normal 0.0654101 -0.997858 0
    outer loop
      vertex 81.5 7.85 2
      vertex 81.3238 7.83845 0
      vertex 81.5 7.85 0
    endloop
  endfacet
  facet normal 0.0654101 -0.997858 0
    outer loop
      vertex 81.3238 7.83845 9.1
      vertex 81.5 7.85 10.5
      vertex 81.3238 7.83845 10.5
    endloop
  endfacet
  facet normal 0.0654101 -0.997858 0
    outer loop
      vertex 81.5 7.85 10.5
      vertex 81.3238 7.83845 9.1
      vertex 81.5 7.85 9.1
    endloop
  endfacet
  facet normal 0.946861 -0.321642 0
    outer loop
      vertex 80.196 6.84941 2
      vertex 80.2528 7.01662 0
      vertex 80.2528 7.01662 2
    endloop
  endfacet
  facet normal 0.946861 -0.321642 0
    outer loop
      vertex 80.2528 7.01662 0
      vertex 80.196 6.84941 2
      vertex 80.196 6.84941 0
    endloop
  endfacet
  facet normal 0.946861 -0.321642 0
    outer loop
      vertex 80.196 6.84941 10.5
      vertex 80.2528 7.01662 9.1
      vertex 80.2528 7.01662 10.5
    endloop
  endfacet
  facet normal 0.946861 -0.321642 0
    outer loop
      vertex 80.2528 7.01662 9.1
      vertex 80.196 6.84941 10.5
      vertex 80.196 6.84941 9.1
    endloop
  endfacet
  facet normal 0.997877 -0.0651245 0
    outer loop
      vertex 80.15 6.5 2
      vertex 80.1615 6.67621 0
      vertex 80.1615 6.67621 2
    endloop
  endfacet
  facet normal 0.997877 -0.0651245 0
    outer loop
      vertex 80.1615 6.67621 0
      vertex 80.15 6.5 2
      vertex 80.15 6.5 0
    endloop
  endfacet
  facet normal 0.997877 -0.0651245 0
    outer loop
      vertex 80.15 6.5 10.5
      vertex 80.1615 6.67621 9.1
      vertex 80.1615 6.67621 10.5
    endloop
  endfacet
  facet normal 0.997877 -0.0651245 0
    outer loop
      vertex 80.1615 6.67621 9.1
      vertex 80.15 6.5 10.5
      vertex 80.15 6.5 9.1
    endloop
  endfacet
  facet normal -0.980841 -0.194809 0
    outer loop
      vertex 82.8384 37.6762 0
      vertex 82.804 37.8494 2
      vertex 82.804 37.8494 0
    endloop
  endfacet
  facet normal -0.980841 -0.194809 0
    outer loop
      vertex 82.804 37.8494 2
      vertex 82.8384 37.6762 0
      vertex 82.8384 37.6762 2
    endloop
  endfacet
  facet normal -0.980841 -0.194809 0
    outer loop
      vertex 82.8384 37.6762 9.1
      vertex 82.804 37.8494 10.5
      vertex 82.804 37.8494 9.1
    endloop
  endfacet
  facet normal -0.980841 -0.194809 0
    outer loop
      vertex 82.804 37.8494 10.5
      vertex 82.8384 37.6762 9.1
      vertex 82.8384 37.6762 10.5
    endloop
  endfacet
  facet normal -0.99784 -0.0656921 0
    outer loop
      vertex 82.85 37.5 0
      vertex 82.8384 37.6762 2
      vertex 82.8384 37.6762 0
    endloop
  endfacet
  facet normal -0.99784 -0.0656921 0
    outer loop
      vertex 82.8384 37.6762 2
      vertex 82.85 37.5 0
      vertex 82.85 37.5 2
    endloop
  endfacet
  facet normal -0.99784 -0.0656921 0
    outer loop
      vertex 82.85 37.5 9.1
      vertex 82.8384 37.6762 10.5
      vertex 82.8384 37.6762 9.1
    endloop
  endfacet
  facet normal -0.99784 -0.0656921 0
    outer loop
      vertex 82.8384 37.6762 10.5
      vertex 82.85 37.5 9.1
      vertex 82.85 37.5 10.5
    endloop
  endfacet
  facet normal -0.946856 -0.321659 0
    outer loop
      vertex 82.804 37.8494 0
      vertex 82.7472 38.0166 2
      vertex 82.7472 38.0166 0
    endloop
  endfacet
  facet normal -0.946856 -0.321659 0
    outer loop
      vertex 82.7472 38.0166 2
      vertex 82.804 37.8494 0
      vertex 82.804 37.8494 2
    endloop
  endfacet
  facet normal -0.946856 -0.321659 0
    outer loop
      vertex 82.804 37.8494 9.1
      vertex 82.7472 38.0166 10.5
      vertex 82.7472 38.0166 9.1
    endloop
  endfacet
  facet normal -0.946856 -0.321659 0
    outer loop
      vertex 82.7472 38.0166 10.5
      vertex 82.804 37.8494 9.1
      vertex 82.804 37.8494 10.5
    endloop
  endfacet
  facet normal -0.83144 -0.555615 0
    outer loop
      vertex 82.6691 38.175 0
      vertex 82.571 38.3218 2
      vertex 82.571 38.3218 0
    endloop
  endfacet
  facet normal -0.83144 -0.555615 0
    outer loop
      vertex 82.571 38.3218 2
      vertex 82.6691 38.175 0
      vertex 82.6691 38.175 2
    endloop
  endfacet
  facet normal -0.83144 -0.555615 0
    outer loop
      vertex 82.6691 38.175 9.1
      vertex 82.571 38.3218 10.5
      vertex 82.571 38.3218 9.1
    endloop
  endfacet
  facet normal -0.83144 -0.555615 0
    outer loop
      vertex 82.571 38.3218 10.5
      vertex 82.6691 38.175 9.1
      vertex 82.6691 38.175 10.5
    endloop
  endfacet
  facet normal 0.946856 0.321659 0
    outer loop
      vertex 80.2528 36.9834 2
      vertex 80.196 37.1506 0
      vertex 80.196 37.1506 2
    endloop
  endfacet
  facet normal 0.946856 0.321659 0
    outer loop
      vertex 80.196 37.1506 0
      vertex 80.2528 36.9834 2
      vertex 80.2528 36.9834 0
    endloop
  endfacet
  facet normal 0.946856 0.321659 0
    outer loop
      vertex 80.2528 36.9834 10.5
      vertex 80.196 37.1506 9.1
      vertex 80.196 37.1506 10.5
    endloop
  endfacet
  facet normal 0.946856 0.321659 0
    outer loop
      vertex 80.196 37.1506 9.1
      vertex 80.2528 36.9834 10.5
      vertex 80.2528 36.9834 9.1
    endloop
  endfacet
  facet normal -0.321659 0.946856 0
    outer loop
      vertex 82.0166 36.2528 0
      vertex 81.8494 36.196 2
      vertex 82.0166 36.2528 2
    endloop
  endfacet
  facet normal -0.321659 0.946856 0
    outer loop
      vertex 81.8494 36.196 2
      vertex 82.0166 36.2528 0
      vertex 81.8494 36.196 0
    endloop
  endfacet
  facet normal -0.321659 0.946856 0
    outer loop
      vertex 82.0166 36.2528 9.1
      vertex 81.8494 36.196 10.5
      vertex 82.0166 36.2528 10.5
    endloop
  endfacet
  facet normal -0.321659 0.946856 0
    outer loop
      vertex 81.8494 36.196 10.5
      vertex 82.0166 36.2528 9.1
      vertex 81.8494 36.196 9.1
    endloop
  endfacet
  facet normal -0.896905 -0.442224 0
    outer loop
      vertex 82.7472 38.0166 0
      vertex 82.6691 38.175 2
      vertex 82.6691 38.175 0
    endloop
  endfacet
  facet normal -0.896905 -0.442224 0
    outer loop
      vertex 82.6691 38.175 2
      vertex 82.7472 38.0166 0
      vertex 82.7472 38.0166 2
    endloop
  endfacet
  facet normal -0.896905 -0.442224 0
    outer loop
      vertex 82.7472 38.0166 9.1
      vertex 82.6691 38.175 10.5
      vertex 82.6691 38.175 9.1
    endloop
  endfacet
  facet normal -0.896905 -0.442224 0
    outer loop
      vertex 82.6691 38.175 10.5
      vertex 82.7472 38.0166 9.1
      vertex 82.7472 38.0166 10.5
    endloop
  endfacet
  facet normal 0.555615 -0.83144 0
    outer loop
      vertex 80.6782 38.571 0
      vertex 80.825 38.6691 2
      vertex 80.6782 38.571 2
    endloop
  endfacet
  facet normal 0.555615 -0.83144 0
    outer loop
      vertex 80.825 38.6691 2
      vertex 80.6782 38.571 0
      vertex 80.825 38.6691 0
    endloop
  endfacet
  facet normal 0.555615 -0.83144 0
    outer loop
      vertex 80.6782 38.571 9.1
      vertex 80.825 38.6691 10.5
      vertex 80.6782 38.571 10.5
    endloop
  endfacet
  facet normal 0.555615 -0.83144 0
    outer loop
      vertex 80.825 38.6691 10.5
      vertex 80.6782 38.571 9.1
      vertex 80.825 38.6691 9.1
    endloop
  endfacet
  facet normal -0.980841 0.194809 0
    outer loop
      vertex 82.804 37.1506 0
      vertex 82.8384 37.3238 2
      vertex 82.8384 37.3238 0
    endloop
  endfacet
  facet normal -0.980841 0.194809 0
    outer loop
      vertex 82.8384 37.3238 2
      vertex 82.804 37.1506 0
      vertex 82.804 37.1506 2
    endloop
  endfacet
  facet normal -0.980841 0.194809 0
    outer loop
      vertex 82.804 37.1506 9.1
      vertex 82.8384 37.3238 10.5
      vertex 82.8384 37.3238 9.1
    endloop
  endfacet
  facet normal -0.980841 0.194809 0
    outer loop
      vertex 82.8384 37.3238 10.5
      vertex 82.804 37.1506 9.1
      vertex 82.804 37.1506 10.5
    endloop
  endfacet
  facet normal -0.321659 -0.946856 0
    outer loop
      vertex 81.8494 38.804 0
      vertex 82.0166 38.7472 2
      vertex 81.8494 38.804 2
    endloop
  endfacet
  facet normal -0.321659 -0.946856 -0
    outer loop
      vertex 82.0166 38.7472 2
      vertex 81.8494 38.804 0
      vertex 82.0166 38.7472 0
    endloop
  endfacet
  facet normal -0.321659 -0.946856 0
    outer loop
      vertex 81.8494 38.804 9.1
      vertex 82.0166 38.7472 10.5
      vertex 81.8494 38.804 10.5
    endloop
  endfacet
  facet normal -0.321659 -0.946856 -0
    outer loop
      vertex 82.0166 38.7472 10.5
      vertex 81.8494 38.804 9.1
      vertex 82.0166 38.7472 9.1
    endloop
  endfacet
  facet normal 0.659146 -0.752015 0
    outer loop
      vertex 80.5454 38.4546 0
      vertex 80.6782 38.571 2
      vertex 80.5454 38.4546 2
    endloop
  endfacet
  facet normal 0.659146 -0.752015 0
    outer loop
      vertex 80.6782 38.571 2
      vertex 80.5454 38.4546 0
      vertex 80.6782 38.571 0
    endloop
  endfacet
  facet normal 0.659146 -0.752015 0
    outer loop
      vertex 80.5454 38.4546 9.1
      vertex 80.6782 38.571 10.5
      vertex 80.5454 38.4546 10.5
    endloop
  endfacet
  facet normal 0.659146 -0.752015 0
    outer loop
      vertex 80.6782 38.571 10.5
      vertex 80.5454 38.4546 9.1
      vertex 80.6782 38.571 9.1
    endloop
  endfacet
  facet normal -0.555615 0.83144 0
    outer loop
      vertex 82.3218 36.429 0
      vertex 82.175 36.3309 2
      vertex 82.3218 36.429 2
    endloop
  endfacet
  facet normal -0.555615 0.83144 0
    outer loop
      vertex 82.175 36.3309 2
      vertex 82.3218 36.429 0
      vertex 82.175 36.3309 0
    endloop
  endfacet
  facet normal -0.555615 0.83144 0
    outer loop
      vertex 82.3218 36.429 9.1
      vertex 82.175 36.3309 10.5
      vertex 82.3218 36.429 10.5
    endloop
  endfacet
  facet normal -0.555615 0.83144 0
    outer loop
      vertex 82.175 36.3309 10.5
      vertex 82.3218 36.429 9.1
      vertex 82.175 36.3309 9.1
    endloop
  endfacet
  facet normal 0.195354 -0.980733 0
    outer loop
      vertex 81.1506 38.804 0
      vertex 81.3238 38.8385 2
      vertex 81.1506 38.804 2
    endloop
  endfacet
  facet normal 0.195354 -0.980733 0
    outer loop
      vertex 81.3238 38.8385 2
      vertex 81.1506 38.804 0
      vertex 81.3238 38.8385 0
    endloop
  endfacet
  facet normal 0.195354 -0.980733 0
    outer loop
      vertex 81.1506 38.804 9.1
      vertex 81.3238 38.8385 10.5
      vertex 81.1506 38.804 10.5
    endloop
  endfacet
  facet normal 0.195354 -0.980733 0
    outer loop
      vertex 81.3238 38.8385 10.5
      vertex 81.1506 38.804 9.1
      vertex 81.3238 38.8385 9.1
    endloop
  endfacet
  facet normal 0.997877 0.0651282 0
    outer loop
      vertex 80.1615 37.3238 2
      vertex 80.15 37.5 0
      vertex 80.15 37.5 2
    endloop
  endfacet
  facet normal 0.997877 0.0651282 0
    outer loop
      vertex 80.15 37.5 0
      vertex 80.1615 37.3238 2
      vertex 80.1615 37.3238 0
    endloop
  endfacet
  facet normal 0.997877 0.0651282 0
    outer loop
      vertex 80.1615 37.3238 10.5
      vertex 80.15 37.5 9.1
      vertex 80.15 37.5 10.5
    endloop
  endfacet
  facet normal 0.997877 0.0651282 0
    outer loop
      vertex 80.15 37.5 9.1
      vertex 80.1615 37.3238 10.5
      vertex 80.1615 37.3238 9.1
    endloop
  endfacet
  facet normal 0.896905 0.442224 0
    outer loop
      vertex 80.3309 36.825 2
      vertex 80.2528 36.9834 0
      vertex 80.2528 36.9834 2
    endloop
  endfacet
  facet normal 0.896905 0.442224 0
    outer loop
      vertex 80.2528 36.9834 0
      vertex 80.3309 36.825 2
      vertex 80.3309 36.825 0
    endloop
  endfacet
  facet normal 0.896905 0.442224 0
    outer loop
      vertex 80.3309 36.825 10.5
      vertex 80.2528 36.9834 9.1
      vertex 80.2528 36.9834 10.5
    endloop
  endfacet
  facet normal 0.896905 0.442224 0
    outer loop
      vertex 80.2528 36.9834 9.1
      vertex 80.3309 36.825 10.5
      vertex 80.3309 36.825 9.1
    endloop
  endfacet
  facet normal -0.0651282 -0.997877 0
    outer loop
      vertex 81.5 38.85 0
      vertex 81.6762 38.8385 2
      vertex 81.5 38.85 2
    endloop
  endfacet
  facet normal -0.0651282 -0.997877 -0
    outer loop
      vertex 81.6762 38.8385 2
      vertex 81.5 38.85 0
      vertex 81.6762 38.8385 0
    endloop
  endfacet
  facet normal -0.0651282 -0.997877 0
    outer loop
      vertex 81.5 38.85 9.1
      vertex 81.6762 38.8385 10.5
      vertex 81.5 38.85 10.5
    endloop
  endfacet
  facet normal -0.0651282 -0.997877 -0
    outer loop
      vertex 81.6762 38.8385 10.5
      vertex 81.5 38.85 9.1
      vertex 81.6762 38.8385 9.1
    endloop
  endfacet
  facet normal 0.321659 0.946856 -0
    outer loop
      vertex 81.1506 36.196 0
      vertex 80.9834 36.2528 2
      vertex 81.1506 36.196 2
    endloop
  endfacet
  facet normal 0.321659 0.946856 0
    outer loop
      vertex 80.9834 36.2528 2
      vertex 81.1506 36.196 0
      vertex 80.9834 36.2528 0
    endloop
  endfacet
  facet normal 0.321659 0.946856 -0
    outer loop
      vertex 81.1506 36.196 9.1
      vertex 80.9834 36.2528 10.5
      vertex 81.1506 36.196 10.5
    endloop
  endfacet
  facet normal 0.321659 0.946856 0
    outer loop
      vertex 80.9834 36.2528 10.5
      vertex 81.1506 36.196 9.1
      vertex 80.9834 36.2528 9.1
    endloop
  endfacet
  facet normal -0.195354 0.980733 0
    outer loop
      vertex 81.8494 36.196 0
      vertex 81.6762 36.1615 2
      vertex 81.8494 36.196 2
    endloop
  endfacet
  facet normal -0.195354 0.980733 0
    outer loop
      vertex 81.6762 36.1615 2
      vertex 81.8494 36.196 0
      vertex 81.6762 36.1615 0
    endloop
  endfacet
  facet normal -0.195354 0.980733 0
    outer loop
      vertex 81.8494 36.196 9.1
      vertex 81.6762 36.1615 10.5
      vertex 81.8494 36.196 10.5
    endloop
  endfacet
  facet normal -0.195354 0.980733 0
    outer loop
      vertex 81.6762 36.1615 10.5
      vertex 81.8494 36.196 9.1
      vertex 81.6762 36.1615 9.1
    endloop
  endfacet
  facet normal 0.442224 -0.896905 0
    outer loop
      vertex 80.825 38.6691 0
      vertex 80.9834 38.7472 2
      vertex 80.825 38.6691 2
    endloop
  endfacet
  facet normal 0.442224 -0.896905 0
    outer loop
      vertex 80.9834 38.7472 2
      vertex 80.825 38.6691 0
      vertex 80.9834 38.7472 0
    endloop
  endfacet
  facet normal 0.442224 -0.896905 0
    outer loop
      vertex 80.825 38.6691 9.1
      vertex 80.9834 38.7472 10.5
      vertex 80.825 38.6691 10.5
    endloop
  endfacet
  facet normal 0.442224 -0.896905 0
    outer loop
      vertex 80.9834 38.7472 10.5
      vertex 80.825 38.6691 9.1
      vertex 80.9834 38.7472 9.1
    endloop
  endfacet
  facet normal 0.0651282 -0.997877 0
    outer loop
      vertex 81.3238 38.8385 0
      vertex 81.5 38.85 2
      vertex 81.3238 38.8385 2
    endloop
  endfacet
  facet normal 0.0651282 -0.997877 0
    outer loop
      vertex 81.5 38.85 2
      vertex 81.3238 38.8385 0
      vertex 81.5 38.85 0
    endloop
  endfacet
  facet normal 0.0651282 -0.997877 0
    outer loop
      vertex 81.3238 38.8385 9.1
      vertex 81.5 38.85 10.5
      vertex 81.3238 38.8385 10.5
    endloop
  endfacet
  facet normal 0.0651282 -0.997877 0
    outer loop
      vertex 81.5 38.85 10.5
      vertex 81.3238 38.8385 9.1
      vertex 81.5 38.85 9.1
    endloop
  endfacet
  facet normal -0.442224 -0.896905 0
    outer loop
      vertex 82.0166 38.7472 0
      vertex 82.175 38.6691 2
      vertex 82.0166 38.7472 2
    endloop
  endfacet
  facet normal -0.442224 -0.896905 -0
    outer loop
      vertex 82.175 38.6691 2
      vertex 82.0166 38.7472 0
      vertex 82.175 38.6691 0
    endloop
  endfacet
  facet normal -0.442224 -0.896905 0
    outer loop
      vertex 82.0166 38.7472 9.1
      vertex 82.175 38.6691 10.5
      vertex 82.0166 38.7472 10.5
    endloop
  endfacet
  facet normal -0.442224 -0.896905 -0
    outer loop
      vertex 82.175 38.6691 10.5
      vertex 82.0166 38.7472 9.1
      vertex 82.175 38.6691 9.1
    endloop
  endfacet
  facet normal -0.442224 0.896905 0
    outer loop
      vertex 82.175 36.3309 0
      vertex 82.0166 36.2528 2
      vertex 82.175 36.3309 2
    endloop
  endfacet
  facet normal -0.442224 0.896905 0
    outer loop
      vertex 82.0166 36.2528 2
      vertex 82.175 36.3309 0
      vertex 82.0166 36.2528 0
    endloop
  endfacet
  facet normal -0.442224 0.896905 0
    outer loop
      vertex 82.175 36.3309 9.1
      vertex 82.0166 36.2528 10.5
      vertex 82.175 36.3309 10.5
    endloop
  endfacet
  facet normal -0.442224 0.896905 0
    outer loop
      vertex 82.0166 36.2528 10.5
      vertex 82.175 36.3309 9.1
      vertex 82.0166 36.2528 9.1
    endloop
  endfacet
  facet normal 0.980733 0.195354 0
    outer loop
      vertex 80.196 37.1506 2
      vertex 80.1615 37.3238 0
      vertex 80.1615 37.3238 2
    endloop
  endfacet
  facet normal 0.980733 0.195354 0
    outer loop
      vertex 80.1615 37.3238 0
      vertex 80.196 37.1506 2
      vertex 80.196 37.1506 0
    endloop
  endfacet
  facet normal 0.980733 0.195354 0
    outer loop
      vertex 80.196 37.1506 10.5
      vertex 80.1615 37.3238 9.1
      vertex 80.1615 37.3238 10.5
    endloop
  endfacet
  facet normal 0.980733 0.195354 0
    outer loop
      vertex 80.1615 37.3238 9.1
      vertex 80.196 37.1506 10.5
      vertex 80.196 37.1506 9.1
    endloop
  endfacet
  facet normal -0.99784 0.0656921 0
    outer loop
      vertex 82.8384 37.3238 0
      vertex 82.85 37.5 2
      vertex 82.85 37.5 0
    endloop
  endfacet
  facet normal -0.99784 0.0656921 0
    outer loop
      vertex 82.85 37.5 2
      vertex 82.8384 37.3238 0
      vertex 82.8384 37.3238 2
    endloop
  endfacet
  facet normal -0.99784 0.0656921 0
    outer loop
      vertex 82.8384 37.3238 9.1
      vertex 82.85 37.5 10.5
      vertex 82.85 37.5 9.1
    endloop
  endfacet
  facet normal -0.99784 0.0656921 0
    outer loop
      vertex 82.85 37.5 10.5
      vertex 82.8384 37.3238 9.1
      vertex 82.8384 37.3238 10.5
    endloop
  endfacet
  facet normal 0.555615 0.83144 -0
    outer loop
      vertex 80.825 36.3309 0
      vertex 80.6782 36.429 2
      vertex 80.825 36.3309 2
    endloop
  endfacet
  facet normal 0.555615 0.83144 0
    outer loop
      vertex 80.6782 36.429 2
      vertex 80.825 36.3309 0
      vertex 80.6782 36.429 0
    endloop
  endfacet
  facet normal 0.555615 0.83144 -0
    outer loop
      vertex 80.825 36.3309 9.1
      vertex 80.6782 36.429 10.5
      vertex 80.825 36.3309 10.5
    endloop
  endfacet
  facet normal 0.555615 0.83144 0
    outer loop
      vertex 80.6782 36.429 10.5
      vertex 80.825 36.3309 9.1
      vertex 80.6782 36.429 9.1
    endloop
  endfacet
  facet normal -0.752015 0.659146 0
    outer loop
      vertex 82.4546 36.5454 0
      vertex 82.571 36.6782 2
      vertex 82.571 36.6782 0
    endloop
  endfacet
  facet normal -0.752015 0.659146 0
    outer loop
      vertex 82.571 36.6782 2
      vertex 82.4546 36.5454 0
      vertex 82.4546 36.5454 2
    endloop
  endfacet
  facet normal -0.752015 0.659146 0
    outer loop
      vertex 82.4546 36.5454 9.1
      vertex 82.571 36.6782 10.5
      vertex 82.571 36.6782 9.1
    endloop
  endfacet
  facet normal -0.752015 0.659146 0
    outer loop
      vertex 82.571 36.6782 10.5
      vertex 82.4546 36.5454 9.1
      vertex 82.4546 36.5454 10.5
    endloop
  endfacet
  facet normal -0.83144 0.555615 0
    outer loop
      vertex 82.571 36.6782 0
      vertex 82.6691 36.825 2
      vertex 82.6691 36.825 0
    endloop
  endfacet
  facet normal -0.83144 0.555615 0
    outer loop
      vertex 82.6691 36.825 2
      vertex 82.571 36.6782 0
      vertex 82.571 36.6782 2
    endloop
  endfacet
  facet normal -0.83144 0.555615 0
    outer loop
      vertex 82.571 36.6782 9.1
      vertex 82.6691 36.825 10.5
      vertex 82.6691 36.825 9.1
    endloop
  endfacet
  facet normal -0.83144 0.555615 0
    outer loop
      vertex 82.6691 36.825 10.5
      vertex 82.571 36.6782 9.1
      vertex 82.571 36.6782 10.5
    endloop
  endfacet
  facet normal 0.752015 0.659146 0
    outer loop
      vertex 80.5454 36.5454 2
      vertex 80.429 36.6782 0
      vertex 80.429 36.6782 2
    endloop
  endfacet
  facet normal 0.752015 0.659146 0
    outer loop
      vertex 80.429 36.6782 0
      vertex 80.5454 36.5454 2
      vertex 80.5454 36.5454 0
    endloop
  endfacet
  facet normal 0.752015 0.659146 0
    outer loop
      vertex 80.5454 36.5454 10.5
      vertex 80.429 36.6782 9.1
      vertex 80.429 36.6782 10.5
    endloop
  endfacet
  facet normal 0.752015 0.659146 0
    outer loop
      vertex 80.429 36.6782 9.1
      vertex 80.5454 36.5454 10.5
      vertex 80.5454 36.5454 9.1
    endloop
  endfacet
  facet normal 0.752015 -0.659146 0
    outer loop
      vertex 80.429 38.3218 2
      vertex 80.5454 38.4546 0
      vertex 80.5454 38.4546 2
    endloop
  endfacet
  facet normal 0.752015 -0.659146 0
    outer loop
      vertex 80.5454 38.4546 0
      vertex 80.429 38.3218 2
      vertex 80.429 38.3218 0
    endloop
  endfacet
  facet normal 0.752015 -0.659146 0
    outer loop
      vertex 80.429 38.3218 10.5
      vertex 80.5454 38.4546 9.1
      vertex 80.5454 38.4546 10.5
    endloop
  endfacet
  facet normal 0.752015 -0.659146 0
    outer loop
      vertex 80.5454 38.4546 9.1
      vertex 80.429 38.3218 10.5
      vertex 80.429 38.3218 9.1
    endloop
  endfacet
  facet normal 0.83144 -0.555615 0
    outer loop
      vertex 80.3309 38.175 2
      vertex 80.429 38.3218 0
      vertex 80.429 38.3218 2
    endloop
  endfacet
  facet normal 0.83144 -0.555615 0
    outer loop
      vertex 80.429 38.3218 0
      vertex 80.3309 38.175 2
      vertex 80.3309 38.175 0
    endloop
  endfacet
  facet normal 0.83144 -0.555615 0
    outer loop
      vertex 80.3309 38.175 10.5
      vertex 80.429 38.3218 9.1
      vertex 80.429 38.3218 10.5
    endloop
  endfacet
  facet normal 0.83144 -0.555615 0
    outer loop
      vertex 80.429 38.3218 9.1
      vertex 80.3309 38.175 10.5
      vertex 80.3309 38.175 9.1
    endloop
  endfacet
  facet normal -0.946856 0.321659 0
    outer loop
      vertex 82.7472 36.9834 0
      vertex 82.804 37.1506 2
      vertex 82.804 37.1506 0
    endloop
  endfacet
  facet normal -0.946856 0.321659 0
    outer loop
      vertex 82.804 37.1506 2
      vertex 82.7472 36.9834 0
      vertex 82.7472 36.9834 2
    endloop
  endfacet
  facet normal -0.946856 0.321659 0
    outer loop
      vertex 82.7472 36.9834 9.1
      vertex 82.804 37.1506 10.5
      vertex 82.804 37.1506 9.1
    endloop
  endfacet
  facet normal -0.946856 0.321659 0
    outer loop
      vertex 82.804 37.1506 10.5
      vertex 82.7472 36.9834 9.1
      vertex 82.7472 36.9834 10.5
    endloop
  endfacet
  facet normal 0.83144 0.555615 0
    outer loop
      vertex 80.429 36.6782 2
      vertex 80.3309 36.825 0
      vertex 80.3309 36.825 2
    endloop
  endfacet
  facet normal 0.83144 0.555615 0
    outer loop
      vertex 80.3309 36.825 0
      vertex 80.429 36.6782 2
      vertex 80.429 36.6782 0
    endloop
  endfacet
  facet normal 0.83144 0.555615 0
    outer loop
      vertex 80.429 36.6782 10.5
      vertex 80.3309 36.825 9.1
      vertex 80.3309 36.825 10.5
    endloop
  endfacet
  facet normal 0.83144 0.555615 0
    outer loop
      vertex 80.3309 36.825 9.1
      vertex 80.429 36.6782 10.5
      vertex 80.429 36.6782 9.1
    endloop
  endfacet
  facet normal -0.896905 0.442224 0
    outer loop
      vertex 82.6691 36.825 0
      vertex 82.7472 36.9834 2
      vertex 82.7472 36.9834 0
    endloop
  endfacet
  facet normal -0.896905 0.442224 0
    outer loop
      vertex 82.7472 36.9834 2
      vertex 82.6691 36.825 0
      vertex 82.6691 36.825 2
    endloop
  endfacet
  facet normal -0.896905 0.442224 0
    outer loop
      vertex 82.6691 36.825 9.1
      vertex 82.7472 36.9834 10.5
      vertex 82.7472 36.9834 9.1
    endloop
  endfacet
  facet normal -0.896905 0.442224 0
    outer loop
      vertex 82.7472 36.9834 10.5
      vertex 82.6691 36.825 9.1
      vertex 82.6691 36.825 10.5
    endloop
  endfacet
  facet normal 0.195354 0.980733 -0
    outer loop
      vertex 81.3238 36.1615 0
      vertex 81.1506 36.196 2
      vertex 81.3238 36.1615 2
    endloop
  endfacet
  facet normal 0.195354 0.980733 0
    outer loop
      vertex 81.1506 36.196 2
      vertex 81.3238 36.1615 0
      vertex 81.1506 36.196 0
    endloop
  endfacet
  facet normal 0.195354 0.980733 -0
    outer loop
      vertex 81.3238 36.1615 9.1
      vertex 81.1506 36.196 10.5
      vertex 81.3238 36.1615 10.5
    endloop
  endfacet
  facet normal 0.195354 0.980733 0
    outer loop
      vertex 81.1506 36.196 10.5
      vertex 81.3238 36.1615 9.1
      vertex 81.1506 36.196 9.1
    endloop
  endfacet
  facet normal -0.0651282 0.997877 0
    outer loop
      vertex 81.6762 36.1615 0
      vertex 81.5 36.15 2
      vertex 81.6762 36.1615 2
    endloop
  endfacet
  facet normal -0.0651282 0.997877 0
    outer loop
      vertex 81.5 36.15 2
      vertex 81.6762 36.1615 0
      vertex 81.5 36.15 0
    endloop
  endfacet
  facet normal -0.0651282 0.997877 0
    outer loop
      vertex 81.6762 36.1615 9.1
      vertex 81.5 36.15 10.5
      vertex 81.6762 36.1615 10.5
    endloop
  endfacet
  facet normal -0.0651282 0.997877 0
    outer loop
      vertex 81.5 36.15 10.5
      vertex 81.6762 36.1615 9.1
      vertex 81.5 36.15 9.1
    endloop
  endfacet
  facet normal 0.442224 0.896905 -0
    outer loop
      vertex 80.9834 36.2528 0
      vertex 80.825 36.3309 2
      vertex 80.9834 36.2528 2
    endloop
  endfacet
  facet normal 0.442224 0.896905 0
    outer loop
      vertex 80.825 36.3309 2
      vertex 80.9834 36.2528 0
      vertex 80.825 36.3309 0
    endloop
  endfacet
  facet normal 0.442224 0.896905 -0
    outer loop
      vertex 80.9834 36.2528 9.1
      vertex 80.825 36.3309 10.5
      vertex 80.9834 36.2528 10.5
    endloop
  endfacet
  facet normal 0.442224 0.896905 0
    outer loop
      vertex 80.825 36.3309 10.5
      vertex 80.9834 36.2528 9.1
      vertex 80.825 36.3309 9.1
    endloop
  endfacet
  facet normal -0.195354 -0.980733 0
    outer loop
      vertex 81.6762 38.8385 0
      vertex 81.8494 38.804 2
      vertex 81.6762 38.8385 2
    endloop
  endfacet
  facet normal -0.195354 -0.980733 -0
    outer loop
      vertex 81.8494 38.804 2
      vertex 81.6762 38.8385 0
      vertex 81.8494 38.804 0
    endloop
  endfacet
  facet normal -0.195354 -0.980733 0
    outer loop
      vertex 81.6762 38.8385 9.1
      vertex 81.8494 38.804 10.5
      vertex 81.6762 38.8385 10.5
    endloop
  endfacet
  facet normal -0.195354 -0.980733 -0
    outer loop
      vertex 81.8494 38.804 10.5
      vertex 81.6762 38.8385 9.1
      vertex 81.8494 38.804 9.1
    endloop
  endfacet
  facet normal -0.659146 0.752015 0
    outer loop
      vertex 82.4546 36.5454 0
      vertex 82.3218 36.429 2
      vertex 82.4546 36.5454 2
    endloop
  endfacet
  facet normal -0.659146 0.752015 0
    outer loop
      vertex 82.3218 36.429 2
      vertex 82.4546 36.5454 0
      vertex 82.3218 36.429 0
    endloop
  endfacet
  facet normal -0.659146 0.752015 0
    outer loop
      vertex 82.4546 36.5454 9.1
      vertex 82.3218 36.429 10.5
      vertex 82.4546 36.5454 10.5
    endloop
  endfacet
  facet normal -0.659146 0.752015 0
    outer loop
      vertex 82.3218 36.429 10.5
      vertex 82.4546 36.5454 9.1
      vertex 82.3218 36.429 9.1
    endloop
  endfacet
  facet normal -0.555615 -0.83144 0
    outer loop
      vertex 82.175 38.6691 0
      vertex 82.3218 38.571 2
      vertex 82.175 38.6691 2
    endloop
  endfacet
  facet normal -0.555615 -0.83144 -0
    outer loop
      vertex 82.3218 38.571 2
      vertex 82.175 38.6691 0
      vertex 82.3218 38.571 0
    endloop
  endfacet
  facet normal -0.555615 -0.83144 0
    outer loop
      vertex 82.175 38.6691 9.1
      vertex 82.3218 38.571 10.5
      vertex 82.175 38.6691 10.5
    endloop
  endfacet
  facet normal -0.555615 -0.83144 -0
    outer loop
      vertex 82.3218 38.571 10.5
      vertex 82.175 38.6691 9.1
      vertex 82.3218 38.571 9.1
    endloop
  endfacet
  facet normal 0.321659 -0.946856 0
    outer loop
      vertex 80.9834 38.7472 0
      vertex 81.1506 38.804 2
      vertex 80.9834 38.7472 2
    endloop
  endfacet
  facet normal 0.321659 -0.946856 0
    outer loop
      vertex 81.1506 38.804 2
      vertex 80.9834 38.7472 0
      vertex 81.1506 38.804 0
    endloop
  endfacet
  facet normal 0.321659 -0.946856 0
    outer loop
      vertex 80.9834 38.7472 9.1
      vertex 81.1506 38.804 10.5
      vertex 80.9834 38.7472 10.5
    endloop
  endfacet
  facet normal 0.321659 -0.946856 0
    outer loop
      vertex 81.1506 38.804 10.5
      vertex 80.9834 38.7472 9.1
      vertex 81.1506 38.804 9.1
    endloop
  endfacet
  facet normal 0.0651282 0.997877 -0
    outer loop
      vertex 81.5 36.15 0
      vertex 81.3238 36.1615 2
      vertex 81.5 36.15 2
    endloop
  endfacet
  facet normal 0.0651282 0.997877 0
    outer loop
      vertex 81.3238 36.1615 2
      vertex 81.5 36.15 0
      vertex 81.3238 36.1615 0
    endloop
  endfacet
  facet normal 0.0651282 0.997877 -0
    outer loop
      vertex 81.5 36.15 9.1
      vertex 81.3238 36.1615 10.5
      vertex 81.5 36.15 10.5
    endloop
  endfacet
  facet normal 0.0651282 0.997877 0
    outer loop
      vertex 81.3238 36.1615 10.5
      vertex 81.5 36.15 9.1
      vertex 81.3238 36.1615 9.1
    endloop
  endfacet
  facet normal 0.896905 -0.442224 0
    outer loop
      vertex 80.2528 38.0166 2
      vertex 80.3309 38.175 0
      vertex 80.3309 38.175 2
    endloop
  endfacet
  facet normal 0.896905 -0.442224 0
    outer loop
      vertex 80.3309 38.175 0
      vertex 80.2528 38.0166 2
      vertex 80.2528 38.0166 0
    endloop
  endfacet
  facet normal 0.896905 -0.442224 0
    outer loop
      vertex 80.2528 38.0166 10.5
      vertex 80.3309 38.175 9.1
      vertex 80.3309 38.175 10.5
    endloop
  endfacet
  facet normal 0.896905 -0.442224 0
    outer loop
      vertex 80.3309 38.175 9.1
      vertex 80.2528 38.0166 10.5
      vertex 80.2528 38.0166 9.1
    endloop
  endfacet
  facet normal 0.980733 -0.195354 0
    outer loop
      vertex 80.1615 37.6762 2
      vertex 80.196 37.8494 0
      vertex 80.196 37.8494 2
    endloop
  endfacet
  facet normal 0.980733 -0.195354 0
    outer loop
      vertex 80.196 37.8494 0
      vertex 80.1615 37.6762 2
      vertex 80.1615 37.6762 0
    endloop
  endfacet
  facet normal 0.980733 -0.195354 0
    outer loop
      vertex 80.1615 37.6762 10.5
      vertex 80.196 37.8494 9.1
      vertex 80.196 37.8494 10.5
    endloop
  endfacet
  facet normal 0.980733 -0.195354 0
    outer loop
      vertex 80.196 37.8494 9.1
      vertex 80.1615 37.6762 10.5
      vertex 80.1615 37.6762 9.1
    endloop
  endfacet
  facet normal -0.752015 -0.659146 0
    outer loop
      vertex 82.571 38.3218 0
      vertex 82.4546 38.4546 2
      vertex 82.4546 38.4546 0
    endloop
  endfacet
  facet normal -0.752015 -0.659146 0
    outer loop
      vertex 82.4546 38.4546 2
      vertex 82.571 38.3218 0
      vertex 82.571 38.3218 2
    endloop
  endfacet
  facet normal -0.752015 -0.659146 0
    outer loop
      vertex 82.571 38.3218 9.1
      vertex 82.4546 38.4546 10.5
      vertex 82.4546 38.4546 9.1
    endloop
  endfacet
  facet normal -0.752015 -0.659146 0
    outer loop
      vertex 82.4546 38.4546 10.5
      vertex 82.571 38.3218 9.1
      vertex 82.571 38.3218 10.5
    endloop
  endfacet
  facet normal 0.659146 0.752015 -0
    outer loop
      vertex 80.6782 36.429 0
      vertex 80.5454 36.5454 2
      vertex 80.6782 36.429 2
    endloop
  endfacet
  facet normal 0.659146 0.752015 0
    outer loop
      vertex 80.5454 36.5454 2
      vertex 80.6782 36.429 0
      vertex 80.5454 36.5454 0
    endloop
  endfacet
  facet normal 0.659146 0.752015 -0
    outer loop
      vertex 80.6782 36.429 9.1
      vertex 80.5454 36.5454 10.5
      vertex 80.6782 36.429 10.5
    endloop
  endfacet
  facet normal 0.659146 0.752015 0
    outer loop
      vertex 80.5454 36.5454 10.5
      vertex 80.6782 36.429 9.1
      vertex 80.5454 36.5454 9.1
    endloop
  endfacet
  facet normal -0.659146 -0.752015 0
    outer loop
      vertex 82.3218 38.571 0
      vertex 82.4546 38.4546 2
      vertex 82.3218 38.571 2
    endloop
  endfacet
  facet normal -0.659146 -0.752015 -0
    outer loop
      vertex 82.4546 38.4546 2
      vertex 82.3218 38.571 0
      vertex 82.4546 38.4546 0
    endloop
  endfacet
  facet normal -0.659146 -0.752015 0
    outer loop
      vertex 82.3218 38.571 9.1
      vertex 82.4546 38.4546 10.5
      vertex 82.3218 38.571 10.5
    endloop
  endfacet
  facet normal -0.659146 -0.752015 -0
    outer loop
      vertex 82.4546 38.4546 10.5
      vertex 82.3218 38.571 9.1
      vertex 82.4546 38.4546 9.1
    endloop
  endfacet
  facet normal 0.946856 -0.321659 0
    outer loop
      vertex 80.196 37.8494 2
      vertex 80.2528 38.0166 0
      vertex 80.2528 38.0166 2
    endloop
  endfacet
  facet normal 0.946856 -0.321659 0
    outer loop
      vertex 80.2528 38.0166 0
      vertex 80.196 37.8494 2
      vertex 80.196 37.8494 0
    endloop
  endfacet
  facet normal 0.946856 -0.321659 0
    outer loop
      vertex 80.196 37.8494 10.5
      vertex 80.2528 38.0166 9.1
      vertex 80.2528 38.0166 10.5
    endloop
  endfacet
  facet normal 0.946856 -0.321659 0
    outer loop
      vertex 80.2528 38.0166 9.1
      vertex 80.196 37.8494 10.5
      vertex 80.196 37.8494 9.1
    endloop
  endfacet
  facet normal 0.997877 -0.0651282 0
    outer loop
      vertex 80.15 37.5 2
      vertex 80.1615 37.6762 0
      vertex 80.1615 37.6762 2
    endloop
  endfacet
  facet normal 0.997877 -0.0651282 0
    outer loop
      vertex 80.1615 37.6762 0
      vertex 80.15 37.5 2
      vertex 80.15 37.5 0
    endloop
  endfacet
  facet normal 0.997877 -0.0651282 0
    outer loop
      vertex 80.15 37.5 10.5
      vertex 80.1615 37.6762 9.1
      vertex 80.1615 37.6762 10.5
    endloop
  endfacet
  facet normal 0.997877 -0.0651282 0
    outer loop
      vertex 80.1615 37.6762 9.1
      vertex 80.15 37.5 10.5
      vertex 80.15 37.5 9.1
    endloop
  endfacet
endsolid OpenSCAD_Model
